rec_id,parent_rec_id,ticker_rec_seq,pred_date,kind,ticker,name,tag,timing,horizon,conviction,entry_ref,entry_ref_estimated,preprice,flow_unit_check,thesis,path_view,expected_peak_days,expected_gain_pct,expected_pullback_pct,entry_window,next_day_dir,next_day_prob_up,next_day_expected_pct,applied_gates,rule_regime,applied_gate_ids,target_pct,stop_pct,trailing_stop_pct,partial_take_pct,size_pct,force_score,force_label,supply,rsi,ma_disparity_20,vol_ratio,foreign_5d,foreign_20d,supply_source,overheat_score,disparity20,disparity60,up_streak,dist_52w_high_pct,ret_20d_pct,rsi14,obv_divergence,overhang_score,short_balance_ratio,short_pressure_score,short_trend,per,pbr,foreign_hold_pct,regime_label,regime_score,pre_caution_score,pre_regime_kind,pre_allow_market_up,pre_pcr_oi,pre_vkospi,pre_vkospi_d5_chg,pre_vkospi_pct_rank,pre_vkospi_label,pre_base_rate,pre_usdkrw_chg5d,pre_margin_total_eok,pre_margin_d5_chg_pct,pre_margin_pct_rank,pre_vkospi_asof,pre_margin_asof,pre_breadth_adv,pre_breadth_dec,pre_breadth_dec_adv_ratio,pre_mkt_flows_trend,pre_mkt_foreign_5d_eok,pre_mkt_foreign_20d_eok,pre_mkt_foreign_sell_streak,pre_mkt_risk_off_score,pre_kosdaq_ret5d,pre_foreign_5d_eok,pre_foreign_20d_eok,pre_inst_5d_eok,pre_indiv_5d_eok,pre_foreign_sell_streak,pre_short_balance_ratio,pre_short_change_10d,pre_kospi_ret5d,sector,pre_foreign_5d_ratio,pre_indiv_5d_ratio,pre_avg_trade_value_20d_eok,pre_rsi14,pre_up_streak,pre_ret_20d_pct,pre_dist_52w_high_pct,pre_disparity20,pre_overheat,pre_kospi_ret1d,pre_kospi_ret2d,pre_kospi_dist_high60_pct,pre_kospi_dist_low60_pct,market_cap_eok,cap_bucket,exchange,feature_vintage_ok,feature_vintage_late,pre_short_asof,pre_short_asof_lag_days,matured,label_status,fwd_days_avail,ret_h_pct,ret_partial_pct,partial_asof_date,last_close,ret_1,ret_3,ret_5,ret_10,ret_20,peak_gain_pct,days_to_peak,post_peak_drawdown_pct,max_drawdown_pct,days_to_trough,post_trough_rebound_pct,short_cover_d4_ret_pct,short_stop9_day,short_stop9_ret_pct,kospi_ret_h_pct,alpha_h_pct,ret_if_stop8_pct,ret_if_stop8_tp12_pct,ret_if_stop8_tp12_cap_pct,ret_if_analyst_stop_pct,ret_if_analyst_stop_tp_cap_pct,analyst_stop_hit_day,profit_take_flag,hit,settle_close,entry_volume,avg_volume_20d,avg_volume_20d_ex_entry,peak_day_vol_ratio,trough_day_vol_ratio,flow_foreign_eok,flow_inst_eok,flow_indiv_eok,entry_gap_pct,entry_low_pct,entry_buyable,kosdaq_ret_h_pct,alpha_vs_own_idx_pct,dist_disc_count,dist_disc_cats,dist_disc_titles,dist_disc_truncated
042660_2026-06-18_pick_h5,042660_2026-06-18_pick,4,2026-06-18,pick,042660,한화오션,단기스윙,,5,0.6,135100.0,False,부분,ok,"캐나다 60조 잠수함 우선협상자 6월 말 임박(날짜 박힌 미반영 촉매)+조선 슈퍼사이클+외국인 순매수 최상단, 흑자전환(1Q26 영업이익률 13.7%)",,,,,,,,,,,,,,,,,47.1,강한 매집 — 세력 유입,100,48.85,112.71,3.3,200550321500.0,146150653000.0,krx,,,,,,,,,,,,,,,,risk-on,75,,,,,,,,,,,,,,,,1306,1207,0.92,inflow,12261.2,-345864.7,,,,2006,1462,521,-1470,0,0.81,22.2,14.66,선박 및 보트 건조업,0.73,-0.53,2765.5,48.8,4,14.94,-11.21,12.71,15.6,1.58,3.72,0.0,75.44,267499,메가(10조+),KOSPI,True,,,,True,matured,56,-21.84,,,,-4.96,-22.65,-21.84,,,-4.96,1,-18.61,-22.65,3,1.44,-21.54,2,-13.77,0.75,-22.59,-13.77,-13.77,-13.77,,,,False,False,105600.0,2116886,2050339,2047012,1.64,0.98,-1163,-1348,2530,-2.15,-7.7,,-13.97,-22.59,1,['대주주/대량보유'],['주식등의대량보유상황보고서(약식)'],False
329180_2026-06-18_pick_h5,329180_2026-06-18_pick,3,2026-06-18,pick,329180,HD현대중공업,단기스윙,,5,0.55,714000.0,False,부분,ok,"조선 슈퍼사이클+사우디·캐나다 함정 수주, force +62 OBV+85 RSI43.5(과열아님)로 추격 부담 낮음",,,,,,,,,,,,,,,,,61.7,강한 매집 — 세력 유입,100,43.51,105.24,0.715,-145109084500.0,-231806965500.0,krx,,,,,,,,,,,,,,,,risk-on,75,,,,,,,,,,,,,,,,1306,1207,0.92,inflow,12261.2,-345864.7,,,,-1451,-2318,1723,-310,0,2.87,0.7,14.66,선박 및 보트 건조업,-0.43,-0.09,3375.6,43.5,1,14.96,-5.1,5.24,20.4,1.58,3.72,0.0,75.44,471276,메가(10조+),KOSPI,True,,,,True,matured,56,-18.49,,,,-6.58,-17.65,-18.49,,,-6.58,1,-12.74,-18.49,5,0.0,-17.79,2,-10.92,0.75,-19.24,-10.92,-10.92,-10.92,,,,False,False,582000.0,361327,467473,472780,1.16,0.48,2957,-2560,-276,-1.12,-4.62,,-13.97,-19.24,0,[],[],False
105560_2026-06-18_pick_h20,105560_2026-06-18_pick,5,2026-06-18,pick,105560,KB금융,장투가능,,20,0.55,161200.0,False,부분,ok,"밸류업·고배당+위험회피 방어수요, 은행 RS 1위, force +64 외인·기관 동반 매수(기준일 부근 가격)",,,,,,,,,,,,,,,,,64.0,강한 매집 — 세력 유입,100,56.28,103.97,0.978,47703530350.0,77383898350.0,krx,,,,,,,,,,,,,,,,risk-on,75,,,,,,,,,,,,,,,,1306,1207,0.92,inflow,12261.2,-345864.7,,,,477,774,444,-777,1,0.01,-63.7,14.66,기타 금융업,0.19,-0.3,2566.4,56.3,0,7.19,-4.65,3.97,17.4,1.58,3.72,0.0,75.44,623896,메가(10조+),KOSPI,True,,,,True,matured,56,12.34,,,,-1.8,-4.65,-5.77,2.36,12.34,15.51,17,-3.33,-7.38,6,24.72,-5.83,,,-23.05,35.39,12.34,14.39,12.0,,,,False,True,181100.0,1519100,1588557,1592030,1.51,0.69,-4274,5300,-945,0.81,-1.55,,-23.27,35.39,1,['증자(희석)'],['유상증자결정(자회사의 주요경영사항)'],False
055550_2026-06-18_pick_h20,055550_2026-06-18_pick,9,2026-06-18,pick,055550,신한지주,장투가능,,20,0.5,94500.0,False,부분,ok,"밸류업 2.0(성장+환원)·배당, 은행 RS 1위, force +64 외인+673(entry는 기준일 부근 추정)",,,,,,,,,,,,,,,,,64.0,강한 매집 — 세력 유입,100,57.93,105.03,0.793,67345766850.0,66587709450.0,krx,,,,,,,,,,,,,,,,risk-on,75,,,,,,,,,,,,,,,,1306,1207,0.92,inflow,12261.2,-345864.7,,,,673,666,-198,-368,2,0.01,-46.6,14.66,기타 금융업,0.43,-0.23,1577.5,57.9,0,10.74,-4.09,5.03,21.7,1.58,3.72,0.0,75.44,534704,메가(10조+),KOSPI,True,,,,True,matured,56,14.18,,,,6.77,3.39,0.0,8.15,14.18,15.56,16,-2.47,-3.07,6,19.21,1.27,,,-23.05,37.23,14.18,13.54,12.0,,,,False,True,107900.0,1406780,1656799,1669300,0.96,0.8,-946,2226,-734,7.41,5.93,,-23.27,37.23,0,[],[],False
000660_2026-06-18_pick_h5,000660_2026-06-18_pick,5,2026-06-18,pick,000660,SK하이닉스,단기스윙,,5,0.45,2520000.0,False,강함,ok,"HBM 독점·기록실적·ADR 기대로 반도체 주도력, 단 250만닉스 ATH·시총 1800조로 선반영 강함(100조 주주환원 정정), 추격보다 눌림목",,,,,,,,,,,,,,,,,62.0,강한 매집 — 세력 유입,100,59.17,117.27,0.682,3285367127500.0,-10966284504760.0,krx,,,,,,,,,,,,,,,,risk-on,75,,,,,,,,,,,,,,,,1306,1207,0.92,inflow,12261.2,-345864.7,,,,32854,-109663,1710,-33604,0,0.0,175.0,14.66,반도체 제조업,0.24,-0.25,135483.2,59.2,5,37.01,0.0,17.27,55.6,1.58,3.72,0.0,75.44,13024679,메가(10조+),KOSPI,True,,,,True,matured,56,15.75,,,,9.68,1.39,15.75,,,15.83,2,-12.47,1.39,3,14.17,2.38,,,0.75,15.0,15.75,15.83,12.0,,,,True,True,2917000.0,5808765,5396912,5376319,0.96,1.49,-88044,29750,59293,1.43,1.43,,-13.97,15.0,4,"['대주주/대량보유', '증자(희석)']","['[기재정정]주요사항보고서(유상증자결정)', '임원ㆍ주요주주특정증권등소유상황보고서', '임원ㆍ주요주주특정증권등소유상황보고서']",False
009150_2026-06-18_pick_h5,009150_2026-06-18_pick,8,2026-06-18,pick,009150,삼성전기,단기스윙,,5,0.5,2032000.0,False,부분,ok,"AI MLCC·기판, 외국인 집중매수 한 축(+20448억), 단 기관 -15299억으로 수급 혼조",,,,,,,,,,,,,,,,,55.6,강한 매집 — 세력 유입,100,60.29,119.19,0.366,2044775698000.0,1428662133500.0,krx,,,,,,,,,,,,,,,,risk-on,75,,,,,,,,,,,,,,,,1306,1207,0.92,inflow,12261.2,-345864.7,,,,20448,14287,-15299,-4969,0,0.38,74.0,14.66,전자부품 제조업,0.64,-0.15,32185.1,60.3,0,97.09,-4.47,19.19,34.1,1.58,3.72,0.0,75.44,1086046,메가(10조+),KOSPI,True,,,,True,matured,56,-1.72,,,,11.71,-2.07,-1.72,,,11.71,1,-13.48,-3.35,4,1.68,-3.35,,,0.75,-2.47,-1.72,-1.72,-1.72,,,,True,False,1997000.0,1621006,1585681,1583914,1.09,0.69,2796,3361,-5790,-0.94,-1.23,,-13.97,-2.47,1,['대주주/대량보유'],['주식등의대량보유상황보고서(약식)'],False
064350_2026-06-18_pick_h5,064350_2026-06-18_pick,7,2026-06-18,pick,064350,현대로템,단기스윙,,5,0.45,207000.0,False,부분,ok,"K2 전차 수출 파이프라인(~23조)+유럽 국방비, 고점 282k 대비 조정으로 추격부담 완화, 단 지상방산 로테이션 열위 리스크",,,,,,,,,,,,,,,,,48.2,강한 매집 — 세력 유입,100,55.08,109.07,0.668,120430821950.0,344548410800.0,krx,,,,,,,,,,,,,,,,risk-on,75,,,,,,,,,,,,,,,,1306,1207,0.92,inflow,12261.2,-345864.7,,,,1204,3445,209,-1397,0,0.04,-66.7,14.66,그외 기타 운송장비 제조업,0.86,-1.0,1393.6,55.1,0,8.96,-18.59,9.07,3.5,1.58,3.72,0.0,75.44,138829,메가(10조+),KOSPI,True,,,,True,matured,56,-11.59,,,,0.0,-6.47,-11.59,,,0.0,1,-11.59,-11.59,5,0.0,-5.56,5,-11.59,0.75,-12.34,-11.59,-11.59,-11.59,,,,False,False,183000.0,414563,660922,673240,0.92,0.78,851,-706,-136,4.35,0.97,,-13.97,-12.34,0,[],[],False
196170_2026-06-18_pick_h5,196170_2026-06-18_pick,8,2026-06-18,pick,196170,알테오젠,단기스윙,,5,0.45,326500.0,False,부분,ok,"사노피 듀피젠트 SC 제형 자사기술 임상(6/16)+ALT-B4 플랫폼, 코스닥 바이오 반등, 고변동",,,,,,,,,,,,,,,,,49.9,강한 매집 — 세력 유입,100,46.98,106.21,1.218,38077933500.0,48778080500.0,krx,,,,,,,,,,,,,,,,risk-on,75,,,,,,,,,,,,,,,,1306,1207,0.92,inflow,12261.2,-345864.7,,,,381,488,427,-840,0,2.29,-1.8,14.66,우량기업부,0.21,-0.46,1815.1,47.0,3,4.34,-33.27,6.21,9.1,1.58,3.72,0.0,75.44,199214,메가(10조+),KOSDAQ,True,,,,True,matured,56,14.85,,,,8.27,1.99,14.85,,,14.85,5,0.0,1.99,3,12.61,13.78,,,0.75,14.1,14.85,13.78,12.0,,,,False,True,375000.0,419564,549431,555924,1.57,0.8,471,1087,-1594,-12.8,-13.51,,-13.97,28.82,0,,,
058470_2026-06-18_pick_h5,058470_2026-06-18_pick,5,2026-06-18,pick,058470,리노공업,단기스윙,,5,0.45,111000.0,False,미반영,ok,"반도체 테스트소켓 과점+AI칩 수요+외국인 +4457억, 고점 대비 -11.8% 조정으로 미반영 여지",,,,,,,,,,,,,,,,,53.6,강한 매집 — 세력 유입,100,44.6,96.41,0.742,445676392050.0,541826914000.0,krx,,,,,,,,,,,,,,,,risk-on,75,,,,,,,,,,,,,,,,1306,1207,0.92,inflow,12261.2,-345864.7,,,,4457,5418,558,-5041,3,2.16,-14.2,14.66,우량기업부,2.45,-2.77,1817.8,44.6,0,-6.24,-25.43,-3.59,0.0,1.58,3.72,0.0,75.44,52129,대형(1조+),KOSDAQ,True,,,,True,matured,56,-20.09,,,,-16.58,-23.51,-20.09,,,-16.58,1,-8.32,-23.51,3,4.48,-23.24,1,-16.58,0.75,-20.84,-16.58,-16.58,-16.58,,,,False,False,88700.0,1114689,1612779,1637684,1.07,0.78,-136,192,-59,-15.32,-18.83,,-13.97,-6.12,1,['대주주/대량보유'],['주식등의대량보유상황보고서(약식)'],False
068270_2026-06-18_short_h5,068270_2026-06-18_short,6,2026-06-18,short,068270,셀트리온,숏,,5,0.5,168000.0,False,,ok,"강한 분산(sup -100, OBV-58, force -40), 외국인 매도 지속. 바이오 섹터 반등이 숏 스퀴즈 리스크라 손절 타이트(entry 추정)",,,,,,,,,,,,,,,,,-39.7,분산 우위 — 경계,-100,40.25,99.18,0.722,34060601400.0,96846037850.0,krx,,,,,,,,,,,,,,,,risk-on,75,,,,,,,,,,,,,,,,1306,1207,0.92,inflow,12261.2,-345864.7,,,,341,968,-492,-469,0,0.15,23.7,14.66,기초 의약물질 제조업,0.3,-0.42,1121.5,40.2,1,-0.01,-26.29,-0.82,2.5,1.58,3.72,0.0,75.44,433366,메가(10조+),KOSPI,True,,,,True,matured,56,3.04,,,,1.37,-4.46,3.04,,,3.04,5,0.0,-4.46,3,7.85,2.8,,,0.75,2.29,3.04,3.04,3.04,,,,False,False,173100.0,443187,656871,667555,0.96,0.88,1034,-526,-1141,3.1,2.56,,-13.97,2.29,58,['대주주/대량보유'],"['임원ㆍ주요주주특정증권등소유상황보고서', '임원ㆍ주요주주특정증권등소유상황보고서', '임원ㆍ주요주주특정증권등소유상황보고서']",False
047810_2026-06-18_short_h5,047810_2026-06-18_short,8,2026-06-18,short,047810,한국항공우주,숏,,5,0.45,155600.0,False,,ok,"분산 우위(외인 -543, force -29), 지상방산 모멘텀 둔화+해양방산 로테이션 열위",,,,,,,,,,,,,,,,,-28.9,분산 우위 — 경계,-100,43.57,102.16,0.9,-54252054000.0,-100783267750.0,krx,,,,,,,,,,,,,,,,risk-on,75,,,,,,,,,,,,,,,,1306,1207,0.92,inflow,12261.2,-345864.7,,,,-543,-1008,355,46,3,2.81,-7.2,14.66,"항공기,우주선 및 부품 제조업",-0.55,0.05,995.8,43.6,3,-3.77,-22.97,2.16,7.5,1.58,3.72,0.0,75.44,126133,메가(10조+),KOSPI,True,,,,True,matured,56,-8.61,,,,-5.85,-9.77,-8.61,,,-4.5,2,-5.52,-9.77,3,1.92,-8.03,3,-9.77,0.75,-9.36,-9.77,-9.77,-9.77,,,,False,True,142200.0,321063,624799,639986,0.68,0.77,-317,623,-303,-0.13,-3.02,,-13.97,-9.36,2,['대주주/대량보유'],"['주식등의대량보유상황보고서(일반)', '주식등의대량보유상황보고서(일반)']",False
005380_2026-06-18_short_h5,005380_2026-06-18_short,3,2026-06-18,short,005380,현대차,숏,,5,0.4,640000.0,False,,ok,"기관 대량 순매도(-4077억, force -34), 자동차 섹터 RS 3위와 수급 괴리. 원화약세 호재로 확신도 낮음",,,,,,,,,,,,,,,,,-33.9,분산 우위 — 경계,-100,39.81,93.96,0.497,-23005886000.0,-1904863231500.0,krx,,,,,,,,,,,,,,,,risk-on,75,,,,,,,,,,,,,,,,1306,1207,0.92,inflow,12261.2,-345864.7,,,,-230,-19049,-4077,4531,1,2.29,17.1,14.66,자동차용 엔진 및 자동차 제조업,-0.02,0.41,11052.5,39.8,0,-6.79,-17.6,-6.04,0.0,1.58,3.72,0.0,75.44,804698,메가(10조+),KOSPI,True,,,,True,matured,56,-21.41,,,,-4.22,-20.16,-21.41,,,-4.22,1,-17.94,-21.41,5,0.0,-20.47,2,-9.22,0.75,-22.16,-9.22,-9.22,-9.22,,,,False,True,503000.0,928129,1688913,1726952,1.08,0.64,-4102,-3277,7330,-3.28,-6.25,,-13.97,-22.16,0,[],[],False
267260_2026-06-19_pick_h20,267260_2026-06-19_pick,5,2026-06-19,pick,267260,HD현대일렉트릭,장투가능,,20,0.62,1087000.0,False,부분,ok,"AI데이터센터·북미 765kV 그리드 수주잔고 11.5조, 52주고가 대비 -24% 조정 + 기관 순매수 재유입",,,,,,,,,,,,,,,,,64.0,강한 매집 — 세력 유입,100,53.18,102.4,0.653,-231605988000.0,-536530689000.0,naver,,,,,,,,,,,,,,,,risk-on,76,,,,,,,,,,,,,,,,,,,,,,,,,-2317,-5347,3428,-1123,0,0.78,66.2,16.74,"전동기, 발전기 및 전기 변환 · 공급 · 제어 장치 제조업",-0.98,-0.48,2352.7,53.2,0,-0.73,-23.45,2.4,0.0,2.25,3.86,0.0,79.39,275040,메가(10조+),KOSPI,True,,,,True,matured,55,-30.82,,,,-4.97,-13.8,-18.77,-13.06,-30.82,-4.97,1,-27.2,-30.82,20,0.0,-12.6,2,-12.7,-28.11,-2.71,-12.7,-12.7,-12.7,,,,False,False,752000.0,210942,216177,216439,0.67,0.45,-976,406,576,2.02,-4.32,,-25.11,-2.71,1,['대주주/대량보유'],['임원ㆍ주요주주특정증권등소유상황보고서'],False
005930_2026-06-19_pick_h20,005930_2026-06-19_pick,6,2026-06-19,pick,005930,삼성전자,장투가능,,20,0.62,362500.0,False,부분,ok,"HBM4 양산·PER 7배 미만, 기관 대량 순매수(+26270억), 52주고가 미돌파로 추격 부담 낮음",,,,,,,,,,,,,,,,,59.1,강한 매집 — 세력 유입,100,63.18,113.09,1.04,489047179500.0,-14050245905000.0,naver,,,,,,,,,,,,,,,,risk-on,76,,,,,,,,,,,,,,,,,,,,,,,,,5422,-139514,26415,-30019,0,0.0,-100.0,16.74,통신 및 방송 장비 제조업,0.05,-0.27,112695.4,63.2,5,31.58,0.0,13.09,57.5,2.25,3.86,0.0,79.39,15784952,메가(10조+),KOSPI,True,,,,True,matured,55,-32.69,,,,-2.48,-6.07,-6.34,-14.62,-32.69,-1.1,4,-31.94,-32.69,20,0.0,-1.1,2,-14.48,-28.11,-4.58,-14.48,-14.48,-14.48,,,,False,False,244000.0,43284898,31669175,31088389,1.14,0.85,-154322,3803,146932,2.76,-4.48,,-25.11,-4.58,98,['대주주/대량보유'],"['임원ㆍ주요주주특정증권등소유상황보고서', '임원ㆍ주요주주특정증권등소유상황보고서', '임원ㆍ주요주주특정증권등소유상황보고서']",True
000660_2026-06-19_pick_h20,000660_2026-06-19_pick,6,2026-06-19,pick,000660,SK하이닉스,장투가능,,20,0.6,2685000.0,False,부분,ok,"HBM4E 양산경쟁·외국인 최대 순매수(+27405억), 밸류 7배로 저렴하나 신고가 단기 추격은 주의·분할",,,,,,,,,,,,,,,,,64.0,강한 매집 — 세력 유입,100,62.12,122.23,1.05,2740455555000.0,-9074065604000.0,naver,,,,,,,,,,,,,,,,risk-on,76,,,,,,,,,,,,,,,,,,,,,,,,,28151,-88846,13374,-39337,0,0.0,2180.0,16.74,반도체 제조업,0.19,-0.27,146009.4,62.1,6,53.87,0.0,22.23,62.1,2.25,3.86,0.0,79.39,13024679,메가(10조+),KOSPI,True,,,,True,matured,55,-34.3,,,,8.72,-3.91,-0.45,-9.68,-34.3,8.72,1,-39.57,-34.3,20,0.0,8.64,9,-18.55,-28.11,-6.19,-18.55,-18.55,-18.55,,,,True,False,1764000.0,7478195,5535119,5437965,0.94,1.06,-224255,-21608,238375,5.18,0.11,,-25.11,-6.19,7,"['대주주/대량보유', '증자(희석)']","['임원ㆍ주요주주특정증권등소유상황보고서', '유상증자또는주식관련사채등의발행결과(자율공시)', '[기재정정]주요사항보고서(유상증자결정)']",False
042660_2026-06-19_pick_h20,042660_2026-06-19_pick,5,2026-06-19,pick,042660,한화오션,장투가능,,20,0.58,125100.0,False,부분,ok,"KDDX 수주 선정 + 카타르 LNG Phase3, 52주고가 대비 -19% 조정, 조선 본업은 종전과 무관",,,,,,,,,,,,,,,,,55.9,강한 매집 — 세력 유입,100,50.6,105.34,1.034,206011839800.0,139134114600.0,naver,,,,,,,,,,,,,,,,risk-on,76,,,,,,,,,,,,,,,,,,,,,,,,,2115,1438,319,-1369,1,0.79,20.5,16.74,선박 및 보트 건조업,0.8,-0.52,2628.5,50.6,0,11.8,-16.54,5.34,4.4,2.25,3.86,0.0,79.39,267499,메가(10조+),KOSPI,True,,,,True,matured,55,-33.49,,,,-6.87,-15.27,-21.66,-14.55,-33.49,-6.87,1,-34.08,-38.61,17,12.89,-15.59,2,-16.47,-28.11,-5.38,-16.47,-16.47,-16.47,,,,False,False,83200.0,3363271,2161209,2101106,0.95,0.8,-4892,-1414,6158,0.24,-3.76,,-25.11,-5.38,2,['대주주/대량보유'],"['임원ㆍ주요주주특정증권등소유상황보고서', '주식등의대량보유상황보고서(약식)']",False
005380_2026-06-19_short_h5,005380_2026-06-19_short,4,2026-06-19,short,005380,현대차,숏,,5,0.45,601000.0,False,,ok,"기관 5일 -5799억 대량 매도·외국인 매도·수요둔화 우려, 단 RSI 38 과매도 근접으로 확신 낮음",,,,,,,,,,,,,,,,,-33.8,분산 우위 — 경계,-100,38.2,91.39,0.537,94009954000.0,-1561996467000.0,naver,,,,,,,,,,,,,,,,risk-on,76,,,,,,,,,,,,,,,,,,,,,,,,,940,-15685,-5784,5022,2,2.24,17.7,16.74,자동차용 엔진 및 자동차 제조업,0.1,0.51,9852.8,38.2,0,-0.5,-19.87,-8.61,0.0,2.25,3.86,0.0,79.39,804698,메가(10조+),KOSPI,True,,,,True,matured,55,-20.05,,,,-3.33,-15.31,-20.05,,,-3.33,1,-17.3,-20.05,5,0.0,-16.31,2,-14.98,-7.2,-12.85,-14.98,-14.98,-14.98,,,,False,True,480500.0,1831967,1648570,1639400,0.58,0.95,-3821,-2018,5771,0.83,-1.83,,-14.94,-12.85,0,[],[],False
005930_2026-06-24_pick_h5,005930_2026-06-24_pick,7,2026-06-24,pick,005930,삼성전자,단기스윙,단기,5,0.55,305000.0,False,부분,ok,"-12% 과매도 반등. 파운드리/메모리/로직 다각화로 메모리 공급과잉 우려 분산, HBM 28%+가치투자자 매집. 메모리 단일 노출 큰 순수주보다 방어적이라 장투 대신 단기 트레이딩 한정 (진입가 6/23 종가 추정)",,,,,,,,,,,,,,,,,,,,,,,,,,,,,,,,,,,,,,,,,,,,,,,,,,,,,,,,,,,,,,,,,,,-18924,-145569,-9459,28611,3,0.0,-100.0,-5.99,통신 및 방송 장비 제조업,-0.19,0.29,97664.6,39.0,0,5.98,-14.48,-5.5,2.2,-9.99,-9.37,-9.99,62.37,15784952,메가(10조+),KOSPI,,,,,True,matured,52,3.11,,,,17.54,5.9,3.11,,,17.54,1,-12.27,3.11,5,0.0,9.51,,,1.21,1.9,3.11,17.54,12.0,,,,True,True,314500.0,47809959,32773032,32021186,1.1,0.76,-86505,21107,62974,2.95,2.95,,4.24,1.9,13,['대주주/대량보유'],"['임원ㆍ주요주주특정증권등소유상황보고서', '주식등의대량보유상황보고서(일반)', '임원ㆍ주요주주특정증권등소유상황보고서']",False
000660_2026-06-24_pick_h5,000660_2026-06-24_pick,7,2026-06-24,pick,000660,SK하이닉스,단기스윙,단기,5,0.5,2500000.0,False,부분,ok,"HBM 점유 50% 리더+美 ADR 상장(최대 200억달러, 7~8월). 마이크론發 공급과잉 우려는 범용 DRAM 중심이며 HBM은 2026까지 품귀. 단 최고 고밸류·고변동이라 트레이딩 한정 (진입가 6/23 종가 추정)",,,,,,,,,,,,,,,,,,,,,,,,,,,,,,,,,,,,,,,,,,,,,,,,,,,,,,,,,,,,,,,,,,,-46663,-115094,4364,43636,3,0.0,715.0,-5.99,반도체 제조업,-0.32,0.3,144625.8,54.5,0,31.63,-12.47,9.78,11.9,-9.99,-9.37,-9.99,62.37,13024679,메가(10조+),KOSPI,,,,,True,matured,52,2.4,,,,16.68,5.12,2.4,,,16.68,1,-12.24,2.4,5,0.0,6.0,,,1.21,1.19,2.4,16.68,12.0,,,,True,True,2560000.0,7487916,5866121,5785031,1.16,0.73,-111718,12575,96338,3.92,-1.88,,4.24,1.19,5,"['대주주/대량보유', '증자(희석)']","['[기재정정]주요사항보고서(유상증자결정)', '[기재정정]주요사항보고서(유상증자결정)', '임원ㆍ주요주주특정증권등소유상황보고서']",False
012450_2026-06-24_pick_h20,012450_2026-06-24_pick,6,2026-06-24,pick,012450,한화에어로스페이스,장투가능,중기,20,0.55,1100000.0,False,부분,ok,"K-방산+글로벌 재무장 구조적 수요, AI/메모리와 저상관이라 디레버리징 진앙에서 비켜선 위험회피 로테이션 수혜. 흑자+수주잔고 견고 (진입가 6/23 종가 추정)",,,,,,,,,,,,,,,,,,,,,,,,,,,,,,,,,,,,,,,,,,,,,,,,,,,,,,,,,,,,,,,,,,,977,1908,-305,-659,0,0.02,-70.1,-5.99,"항공기,우주선 및 부품 제조업",0.35,-0.23,2825.6,50.3,0,-14.91,-30.19,-3.93,0.0,-9.99,-9.37,-9.99,62.37,535744,메가(10조+),KOSPI,,,,,True,matured,52,-12.91,,,,-2.82,-7.27,-0.82,-5.36,-12.91,6.82,7,-25.79,-20.73,14,9.86,-9.55,4,-9.55,-13.49,0.58,-8.09,-8.09,-8.09,,,,False,False,958000.0,177303,253082,256871,1.02,1.06,-95,1305,-1176,-3.36,-6.18,,-11.36,0.58,1,['대주주/대량보유'],['임원ㆍ주요주주특정증권등소유상황보고서'],False
267260_2026-06-24_pick_h20,267260_2026-06-24_pick,6,2026-06-24,pick,267260,HD현대일렉트릭,장투가능,중기,20,0.55,950000.0,False,부분,ok,"변압기 수주 폭발(3년+ 잔고), OPM 20%+, 북미/유럽 그리드 capex+AI 데이터센터 전력수요. AI 수혜이나 메모리 사이클과 비연동 (진입가 6/23 종가 추정)",,,,,,,,,,,,,,,,,,,,,,,,,,,,,,,,,,,,,,,,,,,,,,,,,,,,,,,,,,,,,,,,,,,500,-4078,-476,-26,0,0.68,34.9,-5.99,"전동기, 발전기 및 전기 변환 · 공급 · 제어 장치 제조업",0.24,-0.01,2101.4,46.6,0,-19.1,-33.17,-9.25,0.0,-9.99,-9.37,-9.99,62.37,275040,메가(10조+),KOSPI,,,,,True,matured,52,-8.53,,,,0.0,-1.37,6.53,-14.32,-8.53,6.53,5,-25.69,-20.84,17,15.56,2.32,10,-14.32,-13.49,4.96,-14.32,-14.32,-14.32,,,,False,False,869000.0,213086,220813,221199,0.85,0.45,-1254,884,376,-0.74,-4.11,,-11.36,4.96,2,['대주주/대량보유'],"['임원ㆍ주요주주특정증권등소유상황보고서', '임원ㆍ주요주주특정증권등소유상황보고서']",False
034020_2026-06-24_pick_h20,034020_2026-06-24_pick,4,2026-06-24,pick,034020,두산에너빌리티,장투가능,중기,20,0.5,100000.0,False,미반영,ok,"원전(체코 두코바니·美 SMR/페르미·불가리아) 파이프라인+AI 전력수요. 증설기 일시적 FCF 변동성은 업종 특성(게이트 예외), 수주잔고 가시성으로 보완 (진입가 6/23 종가 추정)",,,,,,,,,,,,,,,,,,,,,,,,,,,,,,,,,,,,,,,,,,,,,,,,,,,,,,,,,,,,,,,,,,,-670,-4658,-757,1423,0,0.2,206.2,-5.99,일반 목적용 기계 제조업,-0.19,0.41,3481.8,39.8,0,-20.07,-34.6,-9.55,0.0,-9.99,-9.37,-9.99,62.37,563053,메가(10조+),KOSPI,,,,,True,matured,52,-26.8,,,,-12.2,-12.0,-11.5,-26.0,-26.8,-11.5,5,-26.78,-35.2,17,12.96,-13.2,1,-12.2,-13.49,-13.31,-12.2,-12.2,-12.2,,,,False,False,73200.0,3053656,3461438,3481827,0.63,0.82,439,429,-810,-10.7,-12.8,,-11.36,-13.31,1,['대주주/대량보유'],['주식등의대량보유상황보고서(일반)'],False
012450_2026-06-25_pick_h5,012450_2026-06-25_pick,7,2026-06-25,pick,012450,한화에어로스페이스,장투가능,단기,5,0.58,1094000.0,False,미반영,ok,"2분기 첫 영업익 1조 돌파·연간 OP +37.9%·100조 수주잔고, 방산 순환매",,,,,,,,,,,,,,,,,34.0,매집 우위,100,52.64,98.64,0.688,59561254000.0,182389257500.0,krx,0,98.6,84.7,1,-33.9,-12.5,52.6,False,29,0.02,0,감소,,,,neutral,47,,,,,,,,,,,,,,,,1399,1153,0.82,outflow,-96062.0,-341776.1,4,30,,596,1824,-146,-444,1,0.02,-41.5,-4.44,"항공기,우주선 및 부품 제조업",0.21,-0.16,2822.4,52.6,1,-12.55,-28.82,-1.36,2.5,3.26,-7.06,-7.06,67.66,535744,메가(10조+),KOSPI,True,,2026-06-22,3,True,matured,51,2.01,,,,-7.59,-9.05,2.01,,,2.01,5,0.0,-9.05,3,12.16,-0.27,3,-9.05,-9.71,11.72,-9.05,-9.05,-9.05,,,,False,True,1116000.0,270632,258587,257985,1.38,0.69,-683,1339,-635,1.01,-3.75,,-4.68,11.72,0,[],[],False
047810_2026-06-25_pick_h5,047810_2026-06-25_pick,9,2026-06-25,pick,047810,한국항공우주,단기스윙,단기,5,0.55,143100.0,False,미반영,ok,연간 OP +75.9%(빅4 최고 성장)·KF-21 양산 전환·force +49.7 강한매집,,,,,,,,,,,,,,,,,49.7,강한 매집 — 세력 유입,100,51.12,96.88,0.656,-28151648000.0,-108031002200.0,krx,0,96.9,85.5,1,-33.6,-15.8,51.1,False,31,3.02,15,혼조,,,,neutral,47,,,,,,,,,,,,,,,,1399,1153,0.82,outflow,-96062.0,-341776.1,4,30,,-282,-1080,578,-288,3,3.02,8.9,-4.44,"항공기,우주선 및 부품 제조업",-0.32,-0.32,889.6,51.1,1,-15.77,-29.16,-3.12,2.5,3.26,-7.06,-7.06,67.66,126133,메가(10조+),KOSPI,True,,2026-06-22,3,True,matured,51,7.76,,,,-1.05,2.31,7.76,,,7.76,4,0.0,-1.05,1,8.9,7.76,,,-9.71,17.47,7.76,7.76,7.76,,,,False,True,154200.0,430880,612558,621642,0.59,0.86,-826,1168,-352,1.19,-0.7,,-4.68,17.47,3,['대주주/대량보유'],"['주식등의대량보유상황보고서(약식)', '주식등의대량보유상황보고서(일반)', '주식등의대량보유상황보고서(일반)']",False
207940_2026-06-25_pick_h20,207940_2026-06-25_pick,2,2026-06-25,pick,207940,삼성바이오로직스,장투가능,중기,20,0.55,1385000.0,False,부분,ok,"OPM 45%·FCF+·부채 48%(grade A) 바이오 우량, 순환매 주도",,,,,,,,,,,,,,,,,46.5,강한 매집 — 세력 유입,100,52.98,103.5,1.47,61057757500.0,156812958500.0,krx,0,103.5,95.5,1,-30.3,-2.8,53.0,False,29,0.28,0,혼조,,,,neutral,47,,,,,,,,,,,,,,,,1399,1153,0.82,outflow,-96062.0,-341776.1,4,30,,611,1568,-380,-242,0,0.28,-0.5,-4.44,기초 의약물질 제조업,0.66,-0.26,929.1,53.0,1,-2.81,-29.52,3.5,2.5,3.26,-7.06,-7.06,67.66,678625,메가(10조+),KOSPI,True,,2026-06-22,3,True,matured,51,9.6,,,,-3.03,0.43,1.52,-4.33,9.6,9.6,20,0.0,-4.33,10,14.57,0.79,,,-21.02,30.62,9.6,9.6,9.6,,,,False,True,1518000.0,76241,67520,67084,2.93,0.76,1480,1775,-3178,-0.14,-1.73,,-17.72,30.62,0,[],[],False
058470_2026-06-25_pick_h20,058470_2026-06-25_pick,6,2026-06-25,pick,058470,리노공업,장투가능,중기,20,0.55,85200.0,False,미반영,ok,"OPM 47.5%·부채 8.3%·FCF 3년+(grade A), 소부장 순환매·테스트소켓 수요",,,,,,,,,,,,,,,,,22.6,매집 우위,25.6,39.16,89.79,0.51,-17101415100.0,519324648100.0,krx,0,89.8,80.9,1,-34.0,-23.1,39.2,False,6,1.94,8,감소,,,,neutral,47,,,,,,,,,,,,,,,,1399,1153,0.82,outflow,-96062.0,-341776.1,4,30,,-171,5193,197,-30,3,1.94,-29.8,-4.44,우량기업부,-0.11,-0.02,1490.1,39.2,1,-23.1,-32.91,-10.21,2.5,3.26,-7.06,-7.06,67.66,52129,대형(1조+),KOSDAQ,True,,2026-06-22,3,True,matured,51,-19.48,,,,-1.06,-1.41,-11.85,-17.84,-19.48,0.12,2,-19.58,-19.48,20,0.0,-4.11,5,-11.85,-21.02,1.54,-11.85,-11.85,-11.85,,,,False,False,68600.0,658687,1697024,1748941,0.86,0.27,3407,-3619,151,3.17,0.47,,-17.72,-1.76,4,['대주주/대량보유'],"['주식등의대량보유상황보고서(약식)', '주식등의대량보유상황보고서(약식)', '주식등의대량보유상황보고서(약식)']",False
068270_2026-06-25_pick_h20,068270_2026-06-25_pick,7,2026-06-25,pick,068270,셀트리온,장투가능,중기,20,0.5,172700.0,False,부분,ok,"OPM 28%·GPM 59%·FCF+·매출 +17%(A), 바이오 순환매",,,,,,,,,,,,,,,,,34.0,매집 우위,100,47.17,99.66,1.227,94450715750.0,130427565750.0,krx,0,99.7,94.0,1,-27.8,-7.1,47.2,False,19,0.12,0,혼조,,,,neutral,47,,,,,,,,,,,,,,,,1399,1153,0.82,outflow,-96062.0,-341776.1,4,30,,945,1304,-560,-879,0,0.12,-7.9,-4.44,기초 의약물질 제조업,0.81,-0.76,1162.2,47.2,1,-7.08,-27.09,-0.34,2.5,3.26,-7.06,-7.06,67.66,433366,메가(10조+),KOSPI,True,,2026-06-22,3,True,matured,51,2.84,,,,-3.94,0.35,2.26,0.23,2.84,6.31,6,-7.35,-3.94,1,10.67,1.04,,,-21.02,23.86,2.84,2.84,2.84,,,,False,True,177600.0,631651,671006,672974,1.27,0.89,522,2448,-3785,-0.98,-1.22,,-17.72,23.86,61,['대주주/대량보유'],"['임원ㆍ주요주주특정증권등소유상황보고서', '주식등의대량보유상황보고서(일반)', '임원ㆍ주요주주특정증권등소유상황보고서']",False
039030_2026-06-25_pick_h5,039030_2026-06-25_pick,3,2026-06-25,pick,039030,이오테크닉스,장투가능,단기,5,0.52,486500.0,False,부분,ok,"레이저 장비 매출 +30.4%·OPM +8.9pp 개선(A), 소부장 순환매",,,,,,,,,,,,,,,,,39.4,매집 우위,66.2,49.15,100.29,0.694,20140157000.0,154514568750.0,krx,0,100.3,102.9,1,-21.9,-11.1,49.1,False,6,0.97,0,감소,,,,neutral,47,,,,,,,,,,,,,,,,1399,1153,0.82,outflow,-96062.0,-341776.1,4,30,,201,1545,-135,-66,1,0.97,-15.1,-4.44,우량기업부,0.2,-0.06,1022.0,49.1,1,-11.06,-20.51,0.29,2.5,3.26,-7.06,-7.06,67.66,56177,대형(1조+),KOSDAQ,True,,2026-06-22,3,True,matured,51,-20.97,,,,-0.31,-2.16,-20.97,,,-0.31,1,-20.72,-20.97,5,0.0,-10.59,4,-10.59,-9.71,-11.26,-10.59,-10.59,-10.59,,,,False,False,384500.0,120531,205815,210079,1.01,1.71,2184,-2833,604,1.03,-6.99,,-4.68,-16.29,2,['대주주/대량보유'],"['주식등의대량보유상황보고서(약식)', '주식등의대량보유상황보고서(약식)']",False
000660_2026-06-25_pick_h1,000660_2026-06-25_pick,8,2026-06-25,pick,000660,SK하이닉스,단기스윙,임박,1,0.5,2621000.0,False,부분,ok,"마이크론 촉매·HBM 부족 2027·OBV +67.7, 단 외국인 분산·고점권으로 단기 트레이딩 한정",,,,,,,,,,,,,,,,,-20.8,분산 우위 — 경계,-100,56.66,109.61,1.227,-8481678137500.0,-14914770257000.0,krx,0,109.6,153.2,1,-12.4,25.7,56.7,False,66,0.0,0,증가,,,,neutral,47,,,,,,,,,,,,,,,,1399,1153,0.82,outflow,-96062.0,-341776.1,4,30,,-84817,-149148,4860,80173,4,0.0,474.1,-4.44,반도체 제조업,-0.55,0.52,155012.4,56.7,1,25.73,-11.61,9.61,13.8,3.26,-7.06,-7.06,67.66,13024679,메가(10조+),KOSPI,True,,2026-06-22,3,True,matured,51,1.98,,,,1.98,,,,,1.98,1,0.0,1.98,1,0.0,,,,-0.71,2.69,1.98,1.98,1.98,,,,False,True,2673000.0,6790853,5955990,5914247,1.25,1.25,-26376,-3453,29312,9.31,4.88,,-6.37,2.69,4,"['대주주/대량보유', '증자(희석)']","['[기재정정]주요사항보고서(유상증자결정)', '[기재정정]주요사항보고서(유상증자결정)', '임원ㆍ주요주주특정증권등소유상황보고서']",False
018260_2026-06-25_pick_h5,018260_2026-06-25_pick,3,2026-06-25,pick,018260,삼성에스디에스,단기스윙,단기,5,0.5,189800.0,False,미반영,ok,"RSI 22 과매도 + force +52.2 기관 매집, 52주고 대비 49% 저평가 평균회귀",,,,,,,,,,,,,,,,,52.2,강한 매집 — 세력 유입,100,22.11,77.39,0.337,56398895800.0,-240300416200.0,krx,0,77.4,97.4,0,-51.1,-5.8,22.1,False,49,1.66,8,혼조,,,,neutral,47,,,,,,,,,,,,,,,,1399,1153,0.82,outflow,-96062.0,-341776.1,4,30,,564,-2403,-329,-246,0,1.66,-1.3,-4.44,"컴퓨터 프로그래밍, 시스템 통합 및 관리업",0.27,-0.12,2052.4,22.1,0,-5.81,-47.57,-22.61,0.0,3.26,-7.06,-7.06,67.66,187641,메가(10조+),KOSPI,True,,2026-06-22,3,True,matured,51,6.16,,,,0.05,0.53,6.16,,,6.16,5,0.0,0.05,1,6.11,4.0,,,-9.71,15.87,6.16,6.16,6.16,,,,False,True,201500.0,282655,1043323,1081356,0.65,0.84,-650,120,496,3.32,0.11,,-4.68,15.87,44,['대주주/대량보유'],"['임원ㆍ주요주주특정증권등소유상황보고서', '임원ㆍ주요주주특정증권등소유상황보고서', '임원ㆍ주요주주특정증권등소유상황보고서']",False
064350_2026-06-25_pick_h5,064350_2026-06-25_pick,8,2026-06-25,pick,064350,현대로템,단기스윙,단기,5,0.5,195500.0,False,부분,ok,"K2 전차 영업익 1조 시대·force +42.8 매집, 방산 순환매",,,,,,,,,,,,,,,,,42.8,강한 매집 — 세력 유입,100,51.32,97.13,0.703,88799478500.0,388332649250.0,krx,0,97.1,92.6,1,-30.7,-8.6,51.3,False,6,0.05,0,혼조,,,,neutral,47,,,,,,,,,,,,,,,,1399,1153,0.82,outflow,-96062.0,-341776.1,4,30,,888,3883,-533,-348,0,0.05,-5.9,-4.44,그외 기타 운송장비 제조업,0.71,-0.28,1242.1,51.3,1,-8.64,-27.32,-2.87,2.5,3.26,-7.06,-7.06,67.66,138829,메가(10조+),KOSPI,True,,2026-06-22,3,True,matured,51,0.97,,,,-13.15,-11.51,0.97,,,0.97,5,0.0,-13.15,1,16.25,-2.92,1,-13.15,-9.71,10.68,-13.15,-13.15,-13.15,,,,False,True,197400.0,516841,629690,635333,1.15,1.38,-24,51,-40,1.28,-6.39,,-4.68,10.68,0,[],[],False
095340_2026-06-25_pick_h5,095340_2026-06-25_pick,6,2026-06-25,pick,095340,ISC,단기스윙,단기,5,0.45,190500.0,False,미반영,ok,"AI 테스트소켓 증설·장기공급, 코스닥 소부장 대표, 고변동",,,,,,,,,,,,,,,,,14.4,중립/관망,8.3,42.72,95.14,0.895,68974226450.0,93720238400.0,krx,0,95.1,84.9,1,-34.9,-20.6,42.7,False,26,0.86,0,혼조,,,,neutral,47,,,,,,,,,,,,,,,,1399,1153,0.82,outflow,-96062.0,-341776.1,4,30,,690,937,-681,-7,1,0.86,3.9,-4.44,우량기업부,1.03,-0.01,667.1,42.7,1,-20.63,-29.7,-4.86,2.5,3.26,-7.06,-7.06,67.66,39427,대형(1조+),KOSDAQ,True,,2026-06-22,3,True,matured,51,-19.11,,,,-3.41,-4.72,-19.11,,,-2.41,2,-17.11,-19.11,5,0.0,-10.39,4,-10.39,-9.71,-9.4,-10.39,-10.39,-10.39,,,,False,False,154100.0,203575,343198,350179,0.95,1.72,2007,-2242,204,3.73,-1.94,,-4.68,-14.43,2,['대주주/대량보유'],"['주식등의대량보유상황보고서(약식)', '주식등의대량보유상황보고서(약식)']",False
141080_2026-06-25_pick_h5,141080_2026-06-25_pick,5,2026-06-25,pick,141080,리가켐바이오,단기스윙,단기,5,0.42,152600.0,False,부분,ok,"ADC 플랫폼·기술이전 기대 당일 +10.6%, 고변동·OPM 적자 구간",,,,,,,,,,,,,,,,,3.7,중립/관망,-8.5,53.47,109.13,1.599,-9385151450.0,12176829050.0,krx,0,109.1,90.0,2,-32.2,-2.2,53.5,False,6,0.49,0,증가,,,,neutral,47,,,,,,,,,,,,,,,,1399,1153,0.82,outflow,-96062.0,-341776.1,4,30,,-94,122,85,-16,1,0.49,22.6,-4.44,기술성장기업부,-0.16,-0.03,605.4,53.5,2,-2.24,-28.52,9.13,5.0,3.26,-7.06,-7.06,67.66,34169,대형(1조+),KOSDAQ,True,,2026-06-22,3,True,matured,51,-6.36,,,,-6.36,-1.77,-6.36,,,6.75,2,-12.28,-6.36,1,14.0,-1.7,,,-9.71,3.35,-6.36,-6.36,-6.36,,,,False,False,142900.0,487927,401070,396727,2.88,2.51,-1057,384,601,-0.98,-1.64,,-4.68,-1.68,2,"['메자닌(전환물량)', '증자(희석)']","['주요사항보고서(유상증자결정)', '주요사항보고서(전환사채권발행결정)']",False
145020_2026-06-25_pick_h5,145020_2026-06-25_pick,6,2026-06-25,pick,145020,휴젤,단기스윙,단기,5,0.45,259500.0,False,부분,ok,"톡신·필러 수출, OPM 47%·GPM 78%(A), 당일 +7.2% 단기과열 유의",,,,,,,,,,,,,,,,,9.3,중립/관망,38.3,53.01,105.08,1.476,-812518500.0,7242207000.0,krx,0,105.1,101.2,1,-33.8,-0.4,53.0,False,18,0.09,0,감소,,,,neutral,47,,,,,,,,,,,,,,,,1399,1153,0.82,outflow,-96062.0,-341776.1,4,30,,-8,72,46,-39,1,0.09,-48.8,-4.44,우량기업부,-0.06,-0.27,142.8,53.0,1,-0.38,-33.12,5.08,2.5,3.26,-7.06,-7.06,67.66,30412,대형(1조+),KOSDAQ,True,,2026-06-22,3,True,matured,51,4.05,,,,-2.7,1.73,4.05,,,5.78,2,-3.83,-2.7,1,8.71,5.78,,,-9.71,13.76,4.05,4.05,4.05,,,,False,True,270000.0,45356,54551,55011,1.53,1.22,-8,93,-84,-2.12,-4.82,,-4.68,8.73,4,"['대주주/대량보유', '전환청구(출회)']","['전환청구권행사', '[기재정정]주식등의대량보유상황보고서(일반)', '[기재정정]주식등의대량보유상황보고서(일반)']",False
247540_2026-06-25_short_h5,247540_2026-06-25_short,3,2026-06-25,short,247540,에코프로비엠,숏,단기,5,0.42,152500.0,False,,ok,force -34.3 분산 + 공매도압력 최고(잔고비 4.01) + 2차전지 소재 RS 하위·EV 수요 둔화,,,,,,,,,,,,,,,,,-34.3,분산 우위 — 경계,-100,29.46,84.36,0.748,11301841650.0,-42015739350.0,krx,0,84.4,77.2,1,-41.3,-30.7,29.5,False,6,4.01,25,증가,,,,neutral,47,,,,,,,,,,,,,,,,1399,1153,0.82,outflow,-96062.0,-341776.1,4,30,,113,-420,-295,186,0,4.01,13.8,-4.44,중견기업부,0.11,0.18,1033.3,29.5,1,-30.68,-38.01,-15.64,2.5,3.26,-7.06,-7.06,67.66,104385,메가(10조+),KOSDAQ,True,,2026-06-22,3,True,matured,51,-17.7,,,,-12.33,-6.56,-17.7,,,1.31,2,-18.77,-17.7,5,0.0,-12.98,1,-12.33,-9.71,-7.99,-12.33,-12.33,-12.33,,,,False,True,125500.0,536834,670871,677573,1.42,0.99,249,166,-444,-1.77,-7.77,,-4.68,-13.02,4,"['대주주/대량보유', '증자(희석)']","['주식등의대량보유상황보고서(일반)', '특수관계인의유상증자참여', '주요사항보고서(유상증자결정)']",False
066970_2026-06-25_short_h5,066970_2026-06-25_short,1,2026-06-25,short,066970,엘앤에프,숏,단기,5,0.4,113700.0,False,,ok,force -31.6 분산 + 공매도 주의 + 52주고 대비 51%·양극재 실적 부진,,,,,,,,,,,,,,,,,-31.6,분산 우위 — 경계,-100,27.7,82.53,0.608,23285077650.0,32828665200.0,krx,0,82.5,69.0,1,-49.5,-27.9,27.7,False,6,1.3,20,증가,,,,neutral,47,,,,,,,,,,,,,,,,1399,1153,0.82,outflow,-96062.0,-341776.1,4,30,,233,328,-482,243,0,1.3,36.0,-4.44,일차전지 및 이차전지 제조업,0.38,0.4,614.1,27.7,1,-27.86,-46.62,-17.47,2.5,3.26,-7.06,-7.06,67.66,46584,대형(1조+),KOSPI,True,,2026-06-22,3,True,matured,51,-6.16,,,,-13.02,-1.93,-6.16,,,2.81,2,-8.73,-13.02,1,18.2,-3.25,1,-13.02,-9.71,3.55,-13.02,-13.02,-13.02,,,,False,True,106700.0,588140,542424,540138,1.1,1.1,312,-248,-32,0.18,-6.86,,-4.68,3.55,1,['대주주/대량보유'],['주식등의대량보유상황보고서(약식)'],False
012330_2026-06-25_short_h5,012330_2026-06-25_short,1,2026-06-25,short,012330,현대모비스,숏,단기,5,0.4,509000.0,False,,ok,"force -41.6·OBV -83.7 강한 분산 + 외국인 자동차 순매도, 단 RSI 22 과매도로 스퀴즈 위험",,,,,,,,,,,,,,,,,-41.6,강한 분산 — 떠넘기기 의심,-100,22.65,79.53,0.557,120388004750.0,-1565135675750.0,krx,0,79.5,96.6,0,-38.1,-23.3,22.7,False,0,0.41,0,혼조,,,,neutral,47,,,,,,,,,,,,,,,,1399,1153,0.82,outflow,-96062.0,-341776.1,4,30,,1204,-15651,-1818,93,1,0.41,-4.7,-4.44,자동차 신품 부품 제조업,0.26,0.02,4681.4,22.7,0,-23.34,-33.72,-20.47,0.0,3.26,-7.06,-7.06,67.66,388025,메가(10조+),KOSPI,True,,2026-06-22,3,True,matured,51,-3.34,,,,-4.42,-1.77,-3.34,,,-1.38,2,-1.99,-4.42,1,3.19,-2.95,,,-9.71,6.37,-3.34,-3.34,-3.34,,,,False,True,492000.0,406638,895288,919721,0.56,0.55,399,-203,-676,3.93,-0.2,,-4.68,6.37,0,[],[],False
015760_2026-06-26_pick_h20,015760_2026-06-26_pick,3,2026-06-26,pick,015760,한국전력,장투가능,중기,20,0.58,38800.0,False,미반영,ok,"2025 OP +13.5조 역대최대·2026E +17~20조, 전력수요 역대치·AI 데이터센터·원전 수혜, force +50.3 매집, 52주고가 -44% 미반영 밸류",,,,,,,,,,,,,,,,,50.3,강한 매집 — 세력 유입,100,51.97,101.84,0.879,11858185600.0,7772273350.0,krx,0,101.8,94.3,2,-44.2,-1.8,52.0,False,6,0.29,0,혼조,,,,neutral,44,,,,,,,,,,,,,,,,691,1869,2.7,outflow,-116070.8,-346960.6,5,45,,119,78,4,-128,1,0.29,1.9,-1.47,전기업,0.11,-0.12,1046.7,52.0,2,-1.77,-42.86,1.84,5.0,5.42,8.86,-2.02,76.75,210243,메가(10조+),KOSPI,True,,2026-06-23,3,True,matured,50,-6.7,,,,-1.42,-3.09,-1.42,-6.7,-6.7,0.9,6,-15.71,-14.95,15,9.7,-1.68,9,-9.28,-24.35,17.65,-9.28,-9.28,-9.28,,,,False,False,36200.0,3201525,2721770,2697782,0.56,0.59,122,448,-585,-0.77,-6.83,,-13.85,17.65,0,[],[],False
207940_2026-06-26_pick_h20,207940_2026-06-26_pick,3,2026-06-26,pick,207940,삼성바이오로직스,장투가능,중기,20,0.55,1386000.0,False,미반영,ok,"CDMO 1위 capa·수주 확대, OPM +45.4%·FCF 흑자·OPM +16.4pp 개선, 바이오 RS3위, 원화약세 수출 수혜, force +49.0 매집, -30% 미반영",,,,,,,,,,,,,,,,,49.0,강한 매집 — 세력 유입,100,53.98,103.56,1.136,53504324500.0,183202091500.0,krx,0,103.6,95.8,2,-30.2,0.1,54.0,False,29,0.27,0,혼조,,,,neutral,44,,,,,,,,,,,,,,,,691,1869,2.7,outflow,-116070.8,-346960.6,5,45,,535,1832,-417,-152,0,0.27,-3.5,-1.47,기초 의약물질 제조업,0.56,-0.16,951.0,54.0,2,0.14,-29.47,3.56,5.1,5.42,8.86,-2.02,76.75,678625,메가(10조+),KOSPI,True,,2026-06-23,3,True,matured,50,11.47,,,,4.47,0.72,2.53,0.65,11.47,11.47,20,0.0,-4.4,9,16.6,1.44,,,-24.35,35.82,11.47,11.47,11.47,,,,False,True,1545000.0,53490,67891,68612,1.47,0.76,1121,2336,-3370,1.08,-5.56,,-13.85,35.82,0,[],[],False
196170_2026-06-26_pick_h20,196170_2026-06-26_pick,9,2026-06-26,pick,196170,알테오젠,장투가능,중기,20,0.52,375000.0,False,미반영,ok,"키트루다SC 4월 美 J-Code 후 판매급증·2026 로열티 본격화, 1Q26 매출 716억 신기록, GSK·바이오젠 LO, 특허 2043, force +41.9 매집, -34% 미반영",,,,,,,,,,,,,,,,,41.9,강한 매집 — 세력 유입,100,58.45,107.4,1.602,49225802750.0,66092503750.0,krx,0,107.4,104.7,2,-34.1,-3.0,58.4,False,6,1.93,8,감소,,,,neutral,44,,,,,,,,,,,,,,,,691,1869,2.7,outflow,-116070.8,-346960.6,5,45,,492,661,996,-1483,0,1.93,-21.4,-1.47,우량기업부,0.24,-0.74,2009.0,58.4,2,-2.98,-32.92,7.4,8.4,5.42,8.86,-2.02,76.75,199214,메가(10조+),KOSDAQ,True,,2026-06-23,3,True,matured,50,-16.8,,,,-0.53,-4.53,-8.93,-13.6,-16.8,-0.53,1,-28.15,-28.53,17,16.42,-6.27,6,-11.73,-24.35,7.55,-8.93,-8.93,-8.93,,,,False,False,312000.0,564203,537077,535720,1.28,0.54,-741,467,404,-22.64,-29.83,,-13.85,-2.95,3,['증자(희석)'],"['[기재정정]주요사항보고서(무상증자결정)', '주권매매거래정지              (무상증자)', '주요사항보고서(무상증자결정)']",False
012450_2026-06-26_pick_h5,012450_2026-06-26_pick,8,2026-06-26,pick,012450,한화에어로스페이스,장투가능,단기,5,0.52,1069000.0,False,미반영,ok,"수주잔고 37조(폴란드 K9 2차 3.45조·호주·캐나다), 2025 OP 3.03조 지상방산 OPM +24.7%, force +34.0 매집, -35% 미반영",,,,,,,,,,,,,,,,,34.0,매집 우위,100,52.01,97.16,0.715,5577760500.0,130835831000.0,krx,0,97.2,83.1,0,-35.4,-14.1,52.0,False,29,0.02,0,감소,,,,neutral,44,,,,,,,,,,,,,,,,691,1869,2.7,outflow,-116070.8,-346960.6,5,45,,56,1308,173,-230,2,0.02,-33.8,-1.47,"항공기,우주선 및 부품 제조업",0.02,-0.08,2774.9,52.0,0,-14.07,-30.45,-2.84,0.0,5.42,8.86,-2.02,76.75,535744,메가(10조+),KOSPI,True,,2026-06-23,3,True,matured,50,9.92,,,,-4.58,2.06,9.92,,,9.92,5,0.0,-6.92,2,18.09,4.4,,,-9.43,19.35,9.92,9.92,9.92,,,,False,True,1175000.0,293385,261185,259575,0.99,0.68,-691,1833,-1094,-1.03,-7.95,,-2.19,19.35,0,[],[],False
032830_2026-06-26_pick_h5,032830_2026-06-26_pick,5,2026-06-26,pick,032830,삼성생명,장투가능,단기,5,0.5,447000.0,False,부분,ok,"밸류업·주주환원, 보험 RS1위(mom +16.94%), force +53.9 강한 매집, 단 20일 +26%로 부분 선반영",,,,,,,,,,,,,,,,,53.9,강한 매집 — 세력 유입,100,55.59,106.48,0.943,-4808174750.0,55190826250.0,krx,0,106.5,139.6,2,-13.5,26.1,55.6,False,6,0.09,0,감소,,,,neutral,44,,,,,,,,,,,,,,,,691,1869,2.7,outflow,-116070.8,-346960.6,5,45,,-48,552,190,-130,1,0.09,-55.0,-1.47,보험업,-0.02,-0.05,2669.0,55.6,2,26.09,-10.06,6.48,15.4,5.42,8.86,-2.02,76.75,624000,메가(10조+),KOSPI,True,,2026-06-23,3,True,matured,50,-14.32,,,,-8.61,-13.42,-14.32,,,-8.61,1,-9.3,-17.11,4,3.37,-17.11,2,-10.29,-9.43,-4.89,-8.61,-8.61,-8.61,,,,False,False,383000.0,436390,589441,597093,0.87,0.81,261,97,-336,0.67,-7.16,,-2.19,-4.89,0,[],[],False
034020_2026-06-26_pick_h5,034020_2026-06-26_pick,5,2026-06-26,pick,034020,두산에너빌리티,단기스윙,단기,5,0.48,87800.0,False,미반영,ok,"원전·SMR·AI 전력난 핵심, force +35.8 매집, -37% 미반영. 단 OPM +4.5%·FCF 박약(C등급)으로 단기스윙 한정",,,,,,,,,,,,,,,,,35.8,매집 우위,100,42.64,91.0,0.785,54044752900.0,-446247303600.0,krx,0,91.0,82.2,0,-36.9,-19.1,42.6,False,0,0.33,0,증가,,,,neutral,44,,,,,,,,,,,,,,,,691,1869,2.7,outflow,-116070.8,-346960.6,5,45,,540,-4462,-408,-84,1,0.33,318.1,-1.47,일반 목적용 기계 제조업,0.18,-0.03,3034.6,42.6,0,-19.08,-35.63,-9.0,0.0,5.42,8.86,-2.02,76.75,563053,메가(10조+),KOSPI,True,,2026-06-23,3,True,matured,50,-1.82,,,,0.23,0.8,-1.82,,,0.8,3,-2.82,-2.05,4,0.23,-2.05,,,-9.43,7.61,-1.82,-1.82,-1.82,,,,False,False,86200.0,4769262,3518778,3456253,0.62,0.72,587,429,-964,-1.03,-9.68,,-2.19,7.61,1,['대주주/대량보유'],['주식등의대량보유상황보고서(일반)'],False
039030_2026-06-26_pick_h5,039030_2026-06-26_pick,4,2026-06-26,pick,039030,이오테크닉스,장투가능,단기,5,0.5,477000.0,False,미반영,ok,"HBM·첨단패키징 레이저 장비, OPM +21.2%·매출 +18.7% A등급, force +24.0 매집, -23% 미반영(대장 대비 덜 오름)",,,,,,,,,,,,,,,,,24.0,매집 우위,26.7,49.91,98.72,0.574,11090586750.0,125291914750.0,krx,0,98.7,100.7,0,-23.4,-7.4,49.9,False,6,1.09,0,혼조,,,,neutral,44,,,,,,,,,,,,,,,,691,1869,2.7,outflow,-116070.8,-346960.6,5,45,,111,1253,-84,-23,0,1.09,0.4,-1.47,우량기업부,0.11,-0.02,981.9,49.9,0,-7.38,-22.06,-1.28,0.0,5.42,8.86,-2.02,76.75,56177,대형(1조+),KOSDAQ,True,,2026-06-23,3,True,matured,50,-17.71,,,,-4.3,-8.81,-17.71,,,-0.21,2,-19.22,-19.39,4,2.08,-19.39,4,-19.39,-9.43,-8.28,-8.81,-8.81,-8.81,,,,False,False,392500.0,207813,205939,205845,2.12,1.71,2203,-2817,569,-1.05,-2.41,,-2.19,-15.52,2,['대주주/대량보유'],"['주식등의대량보유상황보고서(약식)', '주식등의대량보유상황보고서(약식)']",False
017670_2026-06-26_pick_h5,017670_2026-06-26_pick,3,2026-06-26,pick,017670,SK텔레콤,단기스윙,단기,5,0.48,91400.0,False,미반영,ok,"force +61.6 유니버스 최고 매집 + RSI 27 극과매도 반등 결합, FCF +1.6조 고배당 방어. 단 본업 매출 -4.7% 둔화",,,,,,,,,,,,,,,,,61.6,강한 매집 — 세력 유입,100,26.71,89.81,0.332,91753118550.0,-388946470300.0,krx,0,89.8,94.2,2,-34.5,-9.0,26.7,False,26,0.06,0,감소,,,,neutral,44,,,,,,,,,,,,,,,,691,1869,2.7,outflow,-116070.8,-346960.6,5,45,,918,-3889,-350,-540,0,0.06,-58.6,-1.47,전기 통신업,0.45,-0.26,2057.7,26.7,2,-8.96,-27.0,-10.19,5.0,5.42,8.86,-2.02,76.75,201473,메가(10조+),KOSPI,True,,2026-06-23,3,True,matured,50,-5.47,,,,-1.31,-3.06,-5.47,,,-1.31,1,-4.21,-5.47,5,0.0,-4.38,,,-9.43,3.96,-5.47,-5.47,-5.47,,,,False,False,86400.0,1179413,2200286,2251329,0.56,0.47,485,-346,-122,2.63,-4.6,,-2.19,3.96,0,[],[],False
095340_2026-06-26_pick_h5,095340_2026-06-26_pick,7,2026-06-26,pick,095340,ISC,단기스윙,단기,5,0.48,191200.0,False,미반영,ok,"반도체 테스트 소켓, AI 소켓 수요폭증·증설, OPM +27.3%·매출 +26.2% A등급, force +22.1 매집, -35% 미반영(중소형 고변동)",,,,,,,,,,,,,,,,,22.1,매집 우위,22.9,46.4,96.48,0.581,69493840600.0,91067456300.0,krx,0,96.5,85.5,2,-34.6,-17.6,46.4,False,26,0.82,0,혼조,,,,neutral,44,,,,,,,,,,,,,,,,691,1869,2.7,outflow,-116070.8,-346960.6,5,45,,695,911,-672,-18,0,0.82,-7.4,-1.47,우량기업부,1.05,-0.03,662.2,46.4,2,-17.59,-29.45,-3.52,5.0,5.42,8.86,-2.02,76.75,39427,대형(1조+),KOSDAQ,True,,2026-06-23,3,True,matured,50,-12.66,,,,-2.77,-10.72,-12.66,,,-2.77,1,-17.11,-19.4,4,8.37,-19.4,3,-10.72,-9.43,-3.23,-10.72,-10.72,-10.72,,,,False,False,167000.0,209946,339820,346313,0.96,1.73,2123,-2190,54,-1.1,-6.85,,-2.19,-10.47,2,['대주주/대량보유'],"['주식등의대량보유상황보고서(약식)', '주식등의대량보유상황보고서(약식)']",False
141080_2026-06-26_pick_h5,141080_2026-06-26_pick,6,2026-06-26,pick,141080,리가켐바이오,단기스윙,단기,5,0.42,155800.0,False,미반영,ok,"ADC 항암 기술수출 모멘텀, force +33.6 매집(supply +45.7), -31% 미반영. 단 임상단계 FCF 적자·공매도 증가로 비중 최소",,,,,,,,,,,,,,,,,33.6,매집 우위,45.7,60.4,111.7,1.23,-28839004550.0,432976650.0,krx,15,111.7,92.4,3,-30.8,-4.3,60.4,False,6,0.58,20,증가,,,,neutral,44,,,,,,,,,,,,,,,,691,1869,2.7,outflow,-116070.8,-346960.6,5,45,,-288,4,334,-81,2,0.58,38.0,-1.47,기술성장기업부,-0.48,-0.13,605.8,60.4,3,-4.3,-27.03,11.7,12.9,5.42,8.86,-2.02,76.75,34169,대형(1조+),KOSDAQ,True,,2026-06-23,3,True,matured,50,-14.18,,,,4.56,-3.72,-14.18,,,4.56,1,-17.93,-14.18,5,0.0,-8.28,5,-14.18,-9.43,-4.75,-8.28,-8.28,-8.28,,,,False,False,133700.0,1006490,418270,388859,2.76,1.05,-929,222,650,7.12,-10.4,,-2.19,-11.99,2,"['메자닌(전환물량)', '증자(희석)']","['주요사항보고서(유상증자결정)', '주요사항보고서(전환사채권발행결정)']",False
214150_2026-06-26_pick_h5,214150_2026-06-26_pick,1,2026-06-26,pick,214150,클래시스,단기스윙,단기,5,0.45,46550.0,False,미반영,ok,"에스테틱 의료기기 수출·고마진, force +17.7 매집, -40% 미반영. 소형 고변동, 공매도 증가 주의",,,,,,,,,,,,,,,,,17.7,매집 우위,22.8,59.16,104.1,0.678,1937635725.0,-29166386800.0,krx,0,104.1,91.6,2,-40.0,-3.7,59.2,False,6,1.09,20,증가,,,,neutral,44,,,,,,,,,,,,,,,,691,1869,2.7,outflow,-116070.8,-346960.6,5,45,,19,-292,3,-33,0,1.09,65.2,-1.47,우량기업부,0.13,-0.23,144.0,59.2,2,-3.72,-38.43,4.1,9.2,5.42,8.86,-2.02,76.75,20875,대형(1조+),KOSDAQ,True,,2026-06-23,3,True,matured,50,-0.21,,,,6.02,3.11,-0.21,,,6.02,1,-5.88,-0.21,5,0.0,2.9,,,-9.43,9.22,-0.21,-0.21,-0.21,,,,False,False,46450.0,293932,308644,309380,1.09,1.02,-55,94,-53,-0.64,-4.3,,-2.19,1.98,3,['대주주/대량보유'],"['최대주주변경을수반하는주식담보제공계약체결', '최대주주변경을수반하는주식담보제공계약체결', '최대주주변경을수반하는주식담보제공계약체결']",False
000660_2026-06-26_short_h5,000660_2026-06-26_short,9,2026-06-26,short,000660,SK하이닉스,숏,단기,5,0.4,2917000.0,False,,ok,선반영 강함(+30% 20일·RSI 69·52주고가 -2.3%)+외국인 -8.9조 분산+오버행 66(최고). 전술적 차익실현·추격금지 성격(구조적 강세주라 저확신). 52주고가 돌파시 즉시 커버,,,,,,,,,,,,,,,,,-21.1,분산 우위 — 경계,-100,69.02,122.18,1.103,-8866112354500.0,-15174124320000.0,krx,55,122.2,169.8,2,-2.3,30.0,69.0,False,66,0.0,0,증가,,,,neutral,44,,,,,,,,,,,,,,,,691,1869,2.7,outflow,-116070.8,-346960.6,5,45,,-88661,-151741,28803,60337,5,0.0,474.1,-1.47,반도체 제조업,-0.52,0.35,171417.5,69.0,2,30.05,-0.07,22.18,55.1,5.42,8.86,-2.02,76.75,13024679,메가(10조+),KOSPI,True,,2026-06-23,3,True,matured,50,-16.87,,,,-9.91,-12.24,-16.87,,,-9.15,2,-17.47,-25.03,4,10.88,-25.03,1,-9.91,-9.43,-7.44,-9.91,-9.91,-9.91,,,,False,True,2425000.0,7467492,5952262,5876501,0.86,1.29,-106250,-26715,128112,-2.3,-10.87,,-2.19,-7.44,5,"['대주주/대량보유', '증자(희석)']","['유상증자또는주식관련사채등의발행결과(자율공시)', '[기재정정]주요사항보고서(유상증자결정)', '[기재정정]주요사항보고서(유상증자결정)']",False
035720_2026-06-26_short_h5,035720_2026-06-26_short,5,2026-06-26,short,035720,카카오,숏,단기,5,0.42,34250.0,False,,ok,force -25.2 분산+오버행 34(전환청구·자사주매물)+공매도 +20 증가+촉매 부재. 20일선 회복시 커버,,,,,,,,,,,,,,,,,-25.2,분산 우위 — 경계,-100,30.26,87.29,0.589,-17436342225.0,-126351088250.0,krx,0,87.3,78.2,1,-52.2,-15.4,30.3,False,34,0.88,20,증가,,,,neutral,44,,,,,,,,,,,,,,,,691,1869,2.7,outflow,-116070.8,-346960.6,5,45,,-174,-1264,-325,512,0,0.88,35.5,-1.47,"자료처리, 호스팅, 포털 및 기타 인터넷 정보매개 서비스업",-0.18,0.53,972.8,30.3,1,-15.43,-51.35,-12.71,2.5,5.42,8.86,-2.02,76.75,161916,메가(10조+),KOSPI,True,,2026-06-23,3,True,matured,50,3.65,,,,4.67,1.61,3.65,,,4.67,1,-3.63,0.88,2,2.75,2.92,,,-9.43,13.08,3.65,3.65,3.65,,,,False,False,35500.0,1776988,2789789,2840429,0.65,0.44,159,223,-381,0.88,-5.84,,-2.19,13.08,2,['대주주/대량보유'],"['임원ㆍ주요주주특정증권등소유상황보고서', '주식등의대량보유상황보고서(약식)']",False
015760_2026-06-27_pick_h20,015760_2026-06-27_pick,4,2026-06-27,pick,015760,한국전력,장투가능,중기,20,0.55,37100.0,False,미반영,ok,"AI 데이터센터 전력수요+요금 정상화 흑자전환(OPM 13.8% +4.8pp), 52주 저점권 가치주",,,,,,,,,,,,,,,,,50.2,강한 매집 — 세력 유입,100,53.16,97.63,1.187,35392982750.0,10381857850.0,naver,0,97.6,90.4,0,-46.6,-5.0,53.2,False,6,,,,,,,risk-on,64,,,,,,,,,,,,,,,,,,,,,,,0,,359,99,126,-492,0,0.29,1.9,-7.08,전기업,0.35,-0.48,1022.8,53.2,0,-4.99,-45.36,-2.37,0.0,-5.81,-0.71,-7.72,66.48,210243,메가(10조+),KOSPI,True,,,,True,matured,49,-9.3,,,,-0.27,2.83,5.53,-7.68,-9.3,5.53,5,-15.71,-11.05,14,9.7,3.1,14,-11.05,-28.39,19.09,-8.49,-8.49,-8.49,,,,False,False,33650.0,2148091,2727796,2756781,0.56,0.58,-52,478,-447,0.13,-3.37,,-17.09,19.09,0,[],[],False
034020_2026-06-27_pick_h1,034020_2026-06-27_pick,6,2026-06-27,pick,034020,두산에너빌리티,장전선취매,임박,1,0.5,84300.0,False,부분,ok,6/29 메가프로젝트 원전·SMR·GW데이터센터·로봇 동시 수혜(영남 피지컬AI벨트 두산축). force +34 매집우위. (6/26 추정종가),,,,,,,,,,,,,,,,,34.0,매집 우위,100,45.29,85.15,1.38,64204760000.0,-422805245600.0,naver,0,85.1,76.1,0,-41.7,-23.4,45.3,False,0,,,,,,,risk-on,64,,,,,,,,,,,,,,,,,,,,,,,0,,680,-4246,-399,-221,0,0.33,318.1,-7.08,일반 목적용 기계 제조업,0.23,-0.07,2978.7,45.3,0,-23.42,-40.54,-14.85,0.0,-5.81,-0.71,-7.72,66.48,563053,메가(10조+),KOSPI,True,,,,True,matured,49,2.97,,,,2.97,,,,,2.97,1,0.0,2.97,1,0.0,,,,0.78,2.19,2.97,2.97,2.97,,,,False,True,86800.0,4231835,3566754,3533500,0.7,0.7,234,75,-267,-4.63,-5.58,,7.61,2.19,1,['대주주/대량보유'],['주식등의대량보유상황보고서(일반)'],False
207940_2026-06-27_pick_h5,207940_2026-06-27_pick,4,2026-06-27,pick,207940,삼성바이오로직스,장투가능,단기,5,0.55,1330000.0,False,부분,ok,"글로벌 CDMO 1위 OPM 45.4%·FCF흑자, 바이오USA 수주·디펜시브 로테이션, 외국인 +517억. (6/26 추정종가)",,,,,,,,,,,,,,,,,50.1,강한 매집 — 세력 유입,100,59.54,100.46,0.779,51766868000.0,180994195000.0,naver,0,100.5,93.0,0,-32.4,-2.2,59.5,False,29,,,,,,,risk-on,64,,,,,,,,,,,,,,,,,,,,,,,0,,515,1803,-277,-260,0,0.27,-3.5,-7.08,기초 의약물질 제조업,0.57,-0.29,909.2,59.5,0,-2.18,-31.65,0.46,4.5,-5.81,-0.71,-7.72,66.48,678625,메가(10조+),KOSPI,True,,,,True,matured,49,5.64,,,,4.59,5.71,5.64,,,6.84,4,-1.13,4.59,1,2.16,6.84,,,-4.28,9.92,5.64,5.64,5.64,,,,False,True,1405000.0,85788,69191,68361,0.78,1.07,504,243,-694,2.11,1.28,,-0.51,9.92,0,[],[],False
068270_2026-06-27_pick_h20,068270_2026-06-27_pick,8,2026-06-27,pick,068270,셀트리온,장투가능,중기,20,0.5,166000.0,False,미반영,ok,"분기 해외매출 1위(1조+), GPM 59%·FCF흑자·OPM +14.3pp 개선. (6/26 추정종가)",,,,,,,,,,,,,,,,,34.0,매집 우위,100,55.63,96.5,0.875,68566754100.0,104402294000.0,naver,0,96.5,90.7,0,-30.7,-8.4,55.6,False,19,,,,,,,risk-on,64,,,,,,,,,,,,,,,,,,,,,,,0,,682,1042,-218,-990,1,0.12,-23.4,-7.08,기초 의약물질 제조업,0.61,-0.89,1109.4,55.6,0,-8.39,-29.96,-3.5,0.6,-5.81,-0.71,-7.72,66.48,433366,메가(10조+),KOSPI,True,,,,True,matured,49,6.87,,,,4.4,6.39,5.96,5.48,6.87,10.6,4,-7.35,2.47,16,5.06,10.6,,,-28.39,35.26,6.87,6.87,6.87,,,,True,True,177400.0,765680,672928,668290,1.27,0.56,115,3340,-4032,1.2,1.14,,-17.09,35.26,66,['대주주/대량보유'],"['임원ㆍ주요주주특정증권등소유상황보고서', '임원ㆍ주요주주특정증권등소유상황보고서', '임원ㆍ주요주주특정증권등소유상황보고서']",False
196170_2026-06-27_pick_h5,196170_2026-06-27_pick,10,2026-06-27,pick,196170,알테오젠,단기스윙,단기,5,0.5,343500.0,False,부분,ok,"6/26 -8.40% 과매도, SC플랫폼 기술수출, 매출 +109.9%·OPM 49.5%·GPM 76.7% 최상위, 기관 +1304억. 변동성 큼 분할",,,,,,,,,,,,,,,,,47.0,강한 매집 — 세력 유입,100,61.25,98.75,1.053,-4883608000.0,41478656500.0,naver,0,98.7,96.0,0,-39.6,-7.0,61.2,False,6,,,,,,,risk-on,64,,,,,,,,,,,,,,,,,,,,,,,0,,-65,399,1306,-1237,1,1.93,-21.4,-7.08,우량기업부,-0.04,-0.67,1855.6,61.2,0,-7.04,-38.55,-1.25,6.2,-5.81,-0.71,-7.72,66.48,199214,메가(10조+),KOSDAQ,True,,,,True,matured,49,-3.64,,,,5.09,2.33,-3.64,,,5.09,1,-8.31,-3.64,5,0.0,-0.58,,,-4.28,0.64,-3.64,-3.64,-3.64,,,,False,False,331000.0,686307,547151,540193,0.79,0.49,-1057,650,380,-21.15,-21.15,,-0.51,-3.13,2,['증자(희석)'],"['주권매매거래정지              (무상증자)', '주요사항보고서(무상증자결정)']",False
145020_2026-06-27_pick_h20,145020_2026-06-27_pick,7,2026-06-27,pick,145020,휴젤,장투가능,중기,20,0.5,244000.0,False,부분,ok,"톡신·필러 수출, OPM 47.2%·GPM 78.4% 최고마진·FCF흑자 디펜시브. (6/26 추정종가)",,,,,,,,,,,,,,,,,33.9,매집 우위,99.7,60.52,102.3,1.213,3148167000.0,8088972000.0,naver,0,102.3,98.4,0,-35.6,-0.6,60.5,False,18,,,,,,,risk-on,64,,,,,,,,,,,,,,,,,,,,,,,0,,33,82,68,-102,0,0.09,-41.1,-7.08,우량기업부,0.24,-0.76,135.0,60.5,0,-0.59,-34.92,2.3,5.5,-5.81,-0.71,-7.72,66.48,30412,대형(1조+),KOSDAQ,True,,,,True,matured,49,-2.66,,,,8.2,10.66,0.61,0.41,-2.66,12.5,2,-19.31,-9.22,16,9.71,4.51,16,-9.22,-28.39,25.73,-9.22,12.5,12.0,,,,True,False,237500.0,83575,56688,55343,1.44,0.95,-113,115,-7,5.94,5.74,,-17.09,14.43,4,"['대주주/대량보유', '전환청구(출회)']","['전환청구권행사', '[기재정정]주식등의대량보유상황보고서(일반)', '[기재정정]주식등의대량보유상황보고서(일반)']",False
039030_2026-06-27_pick_h5,039030_2026-06-27_pick,5,2026-06-27,pick,039030,이오테크닉스,단기스윙,단기,5,0.45,444000.0,False,부분,ok,6/29 호남 반도체 클러스터 촉매+레이저장비 force +57 최고. 단 SOX -5.29% 갭다운 위험으로 강도 하향·추격금지. (6/26 추정종가),,,,,,,,,,,,,,,,,57.2,강한 매집 — 세력 유입,100,59.29,100.37,1.01,16108633000.0,98190050500.0,naver,0,100.4,102.0,1,-22.2,0.1,59.3,False,6,,,,,,,risk-on,64,,,,,,,,,,,,,,,,,,,,,,,0,,155,1000,26,-165,0,1.09,0.4,-7.08,우량기업부,0.17,-0.18,926.1,59.3,1,0.1,-20.75,0.37,6.8,-5.81,-0.71,-7.72,66.48,56177,대형(1조+),KOSDAQ,True,,,,True,matured,49,-10.47,,,,7.21,-13.4,-10.47,,,7.21,1,-19.22,-13.4,3,3.38,-11.6,3,-13.4,-4.28,-6.19,-13.4,-13.4,-13.4,,,,True,False,397500.0,193629,207879,208591,2.1,1.69,2149,-2912,716,9.23,-2.59,,-0.51,-9.96,2,['대주주/대량보유'],"['주식등의대량보유상황보고서(약식)', '주식등의대량보유상황보고서(약식)']",False
017670_2026-06-27_pick_h20,017670_2026-06-27_pick,4,2026-06-27,pick,017670,SK텔레콤,장투가능,중기,20,0.5,88700.0,False,미반영,ok,"위험회피 디펜시브 텔레콤·고배당, RSI 25 과매도, force +57 강한매집(외국인 +750억), 매출 -32.8%는 USIM 일회성. (6/26 추정종가)",,,,,,,,,,,,,,,,,57.0,강한 매집 — 세력 유입,100,25.38,89.3,0.521,74979719500.0,-370853625100.0,naver,0,89.3,93.2,0,-35.1,-6.5,25.4,False,26,,,,,,,risk-on,64,,,,,,,,,,,,,,,,,,,,,,,0,,739,-3791,-453,-254,0,0.06,-58.6,-7.08,전기 통신업,0.37,-0.13,2008.7,25.4,0,-6.5,-27.64,-10.7,0.0,-5.81,-0.71,-7.72,66.48,201473,메가(10조+),KOSPI,True,,,,True,matured,49,-7.33,,,,-0.34,-1.47,-2.82,-3.38,-7.33,12.74,18,-17.8,-7.33,20,0.0,-2.59,,,-28.39,21.06,-7.33,12.18,12.0,,,,True,False,82200.0,1225012,2215117,2264622,1.8,1.13,-2852,3223,-409,0.11,-1.92,,-17.09,21.06,0,[],[],False
034730_2026-06-27_short_h5,034730_2026-06-27_short,5,2026-06-27,short,034730,SK,숏,단기,5,0.5,800000.0,False,,ok,RSI 76 과열+force -51.7 강한분산+6/25 +17% 52주 신고가(선반영 강함)+핵심자산 SK하이닉스 -8.36%. 하이닉스 안정·ADR(7/10) 재평가 재개 시 청산. (6/26 추정종가),,,,,,,,,,,,,,,,,-51.7,강한 분산 — 떠넘기기 의심,-100,76.47,121.05,1.968,-201519308000.0,-81683257000.0,naver,40,121.1,155.8,0,-7.7,22.7,76.5,False,38,,,,,,,risk-on,64,,,,,,,,,,,,,,,,,,,,,,,0,,-2069,-875,1337,722,5,0.05,,-7.08,기타 금융업,-0.78,0.27,2638.9,76.5,0,22.74,-5.01,21.05,42.5,-5.81,-0.71,-7.72,66.48,442992,메가(10조+),KOSPI,True,,,,True,matured,49,-16.62,,,,4.25,-14.62,-16.62,,,4.25,1,-20.02,-16.62,5,0.0,-13.75,3,-14.62,-4.28,-12.34,-14.62,-14.62,-14.62,,,,False,True,667000.0,435088,334873,329862,1.13,0.61,-816,337,407,1.88,-7.37,,-0.51,-12.34,0,[],[],False
017670_2026-06-28_pick_h5,017670_2026-06-28_pick,5,2026-06-28,pick,017670,SK텔레콤,장투가능,단기,5,0.55,91400.0,False,미반영,ok,위험회피기 배당·통신 방어 수급 + RSI 25 과매도 + force +57 강한매집·외인 +739억,,,,,,,,,,,,,,,,,57.0,강한 매집 — 세력 유입,100,25.38,89.3,0.521,73905270300.0,-379072458250.0,krx,0,89.3,93.2,0,-35.1,-6.5,25.4,False,26,0.05,0,감소,,,,risk-off,35,,,,,,,,,,,,,,,,331,2250,6.8,outflow,-157187.0,-363128.4,6,45,,739,-3791,-453,-254,0,0.05,-64.5,-7.08,전기 통신업,0.36,-0.12,2069.9,25.4,0,-6.5,-27.64,-10.7,0.0,-5.81,-0.71,-7.72,66.48,201473,메가(10조+),KOSPI,True,,2026-06-24,4,True,matured,49,-5.69,,,,-3.28,-4.38,-5.69,,,-3.06,2,-2.71,-5.69,5,0.0,-5.47,,,-4.28,-1.41,-5.69,-5.69,-5.69,,,,False,False,86200.0,1225012,2215117,2264622,0.35,0.37,413,-258,-140,-2.84,-4.81,,-0.51,-1.41,0,[],[],False
207940_2026-06-28_pick_h20,207940_2026-06-28_pick,5,2026-06-28,pick,207940,삼성바이오로직스,장투가능,중기,20,0.55,1386000.0,False,부분,ok,CDMO 1위 수주잔고 $10.27B + OPM 45%·FCF 흑자지속 grade A + 원화약세 수혜 + force +50 강한매집,,,,,,,,,,,,,,,,,50.1,강한 매집 — 세력 유입,100,59.54,100.46,0.779,51524675000.0,180300036500.0,krx,0,100.5,93.0,0,-32.4,-2.2,59.5,False,29,0.28,0,혼조,,,,risk-off,35,,,,,,,,,,,,,,,,331,2250,6.8,outflow,-157187.0,-363128.4,6,45,,515,1803,-277,-260,0,0.28,-2.6,-7.08,기초 의약물질 제조업,0.54,-0.27,947.5,59.5,0,-2.18,-31.65,0.46,4.5,-5.81,-0.71,-7.72,66.48,678625,메가(10조+),KOSPI,True,,2026-06-24,4,True,matured,49,11.76,,,,0.36,1.44,1.37,1.01,11.76,11.76,20,0.0,-4.4,8,16.91,2.53,,,-28.39,40.15,11.76,11.76,11.76,,,,False,True,1549000.0,85788,69191,68361,2.25,0.74,789,3168,-3815,-2.02,-2.81,,-17.09,40.15,1,['대주주/대량보유'],['주식등의대량보유상황보고서(약식)'],False
068270_2026-06-28_pick_h20,068270_2026-06-28_pick,9,2026-06-28,pick,068270,셀트리온,장투가능,중기,20,0.5,173100.0,False,부분,ok,"바이오시밀러 성장 OPM +14.3pp 개선·FCF 흑자지속 + force +34 매집·외인 +682억, 헬스케어 약세 속 차별화",,,,,,,,,,,,,,,,,34.0,매집 우위,100,55.63,96.5,0.875,68206169450.0,104215476250.0,krx,0,96.5,90.7,0,-30.7,-8.4,55.6,False,19,0.11,0,감소,,,,risk-off,35,,,,,,,,,,,,,,,,331,2250,6.8,outflow,-157187.0,-363128.4,6,45,,682,1042,-218,-990,1,0.11,-30.8,-7.08,기초 의약물질 제조업,0.59,-0.86,1156.8,55.6,0,-8.39,-29.96,-3.5,0.6,-5.81,-0.71,-7.72,66.48,433366,메가(10조+),KOSPI,True,,2026-06-24,4,True,matured,49,2.48,,,,0.12,2.02,1.62,1.16,2.48,6.07,4,-7.35,-1.73,16,5.06,6.07,,,-28.39,30.87,2.48,2.48,2.48,,,,False,True,177400.0,765680,672928,668290,1.27,0.56,115,3340,-4032,-2.95,-3.0,,-17.09,30.87,66,['대주주/대량보유'],"['임원ㆍ주요주주특정증권등소유상황보고서', '임원ㆍ주요주주특정증권등소유상황보고서', '임원ㆍ주요주주특정증권등소유상황보고서']",False
095340_2026-06-28_pick_h5,095340_2026-06-28_pick,8,2026-06-28,pick,095340,ISC,장투가능,단기,5,0.5,191200.0,False,부분,ok,AI반도체 테스트소켓 + 부채 16%·OPM 27% grade A + 외국인 소부장 집중매수 force +53.6,,,,,,,,,,,,,,,,,53.6,강한 매집 — 세력 유입,100,53.49,93.53,0.606,14782964700.0,77493143600.0,krx,0,93.5,82.7,0,-37.1,-13.6,53.5,False,26,0.89,0,혼조,,,,risk-off,35,,,,,,,,,,,,,,,,331,2250,6.8,outflow,-157187.0,-363128.4,6,45,,148,775,-25,-117,0,0.89,3.8,-7.08,우량기업부,0.22,-0.18,657.9,53.5,0,-13.62,-32.1,-6.47,0.0,-5.81,-0.71,-7.72,66.48,39427,대형(1조+),KOSDAQ,True,,2026-06-24,4,True,matured,49,-20.14,,,,-5.07,-19.4,-20.14,,,-5.07,1,-15.87,-20.14,5,0.0,-12.66,2,-10.72,-4.28,-15.86,-10.72,-10.72,-10.72,,,,False,False,152700.0,326043,343221,344079,1.37,0.64,2128,-2242,100,-2.82,-6.38,,-0.51,-19.63,2,['대주주/대량보유'],"['주식등의대량보유상황보고서(약식)', '주식등의대량보유상황보고서(약식)']",False
196170_2026-06-28_pick_h20,196170_2026-06-28_pick,11,2026-06-28,pick,196170,알테오젠,장투가능,중기,20,0.5,375000.0,False,부분,ok,ALT-B4 플랫폼 매출 +110%·OPM +24.8pp grade A + force +47 강한매집 + IR 예정,,,,,,,,,,,,,,,,,47.0,강한 매집 — 세력 유입,100,61.25,98.75,1.053,-6458477500.0,39927284500.0,krx,0,98.7,96.0,0,-39.6,-7.0,61.2,False,6,1.82,8,감소,,,,risk-off,35,,,,,,,,,,,,,,,,331,2250,6.8,outflow,-157187.0,-363128.4,6,45,,-65,399,1306,-1237,1,1.82,-25.5,-7.08,우량기업부,-0.03,-0.61,2025.7,61.2,0,-7.04,-38.55,-1.25,6.2,-5.81,-0.71,-7.72,66.48,199214,메가(10조+),KOSDAQ,True,,2026-06-24,4,True,matured,49,-20.93,,,,-3.73,-6.27,-11.73,-15.6,-20.93,-3.73,1,-25.76,-28.53,16,16.42,-8.93,5,-11.73,-28.39,7.46,-8.93,-8.93,-8.93,,,,False,False,296500.0,686307,547151,540193,0.79,0.53,-445,453,106,-27.77,-27.77,,-17.09,-3.84,3,['증자(희석)'],"['[기재정정]주요사항보고서(무상증자결정)', '주권매매거래정지              (무상증자)', '주요사항보고서(무상증자결정)']",False
039030_2026-06-28_pick_h5,039030_2026-06-28_pick,6,2026-06-28,pick,039030,이오테크닉스,단기스윙,단기,5,0.45,477000.0,False,부분,ok,"레이저 HBM4 첨단패키징 수주 본격화 + OPM +11.5pp 개선 + force +57 강한매집, 단 변동성 커 분할",,,,,,,,,,,,,,,,,57.2,강한 매집 — 세력 유입,100,59.29,100.37,1.01,15514028500.0,100023539250.0,krx,0,100.4,102.0,1,-22.2,0.1,59.3,False,6,1.0,0,혼조,,,,risk-off,35,,,,,,,,,,,,,,,,331,2250,6.8,outflow,-157187.0,-363128.4,6,45,,155,1000,26,-165,0,1.0,-4.1,-7.08,우량기업부,0.16,-0.17,995.0,59.3,1,0.1,-20.75,0.37,6.8,-5.81,-0.71,-7.72,66.48,56177,대형(1조+),KOSDAQ,True,,2026-06-24,4,True,matured,49,-16.67,,,,-0.21,-19.39,-16.67,,,-0.21,1,-19.22,-19.39,3,3.38,-17.71,3,-19.39,-4.28,-12.39,-8.81,-8.81,-8.81,,,,False,False,397500.0,193629,207879,208591,2.1,1.69,2149,-2912,716,1.68,-9.33,,-0.51,-16.16,2,['대주주/대량보유'],"['주식등의대량보유상황보고서(약식)', '주식등의대량보유상황보고서(약식)']",False
005930_2026-06-28_pick_h20,005930_2026-06-28_pick,8,2026-06-28,pick,005930,삼성전자,장투가능,중기,20,0.5,358500.0,False,부분,ok,"7/7 잠정실적 + HBM 가이던스 + 순익 +570% 전망 + FCF +33조 안전마진, 진입가는 6/25 종가(6/26 추가하락 미반영)",,,,,,,,,,,,,,,,,-30.1,분산 우위 — 경계,-100,59.44,101.44,1.056,-4022509927000.0,-16321427047750.0,krx,0,101.4,125.4,0,-9.3,13.4,59.4,False,14,0.0,0,,,,,risk-off,35,,,,,,,,,,,,,,,,331,2250,6.8,outflow,-157187.0,-363128.4,6,45,,-40225,-163214,-5369,44017,6,0.0,,-7.08,통신 및 방송 장비 제조업,-0.33,0.36,121275.8,59.4,0,13.36,-6.34,1.44,18.6,-5.81,-0.71,-7.72,66.48,15784952,메가(10조+),KOSPI,True,,2026-06-24,4,True,matured,49,-38.63,,,,-6.83,-20.22,-11.3,-29.01,-38.63,-6.83,1,-34.13,-38.63,20,0.0,-13.67,2,-12.27,-28.39,-10.24,-12.27,-12.27,-12.27,,,,False,False,220000.0,35436521,33905234,33828670,0.86,1.23,-122605,5142,115828,-7.67,-11.85,,-17.09,-10.24,90,['대주주/대량보유'],"['주식등의대량보유상황보고서(일반)', '임원ㆍ주요주주특정증권등소유상황보고서', '임원ㆍ주요주주특정증권등소유상황보고서']",True
000660_2026-06-28_pick_h5,000660_2026-06-28_pick,10,2026-06-28,pick,000660,SK하이닉스,단기스윙,단기,5,0.45,2673000.0,False,강함,ok,"마이크론 read-through + HBM4 엔비디아 2/3 확보·2026 완판 + ADR 7/10, 단 연초 +990% 선반영·변동성 진앙으로 분할·엄격손절 [단기스윙] 강등",,,,,,,,,,,,,,,,,-25.6,분산 우위 — 경계,-100,66.48,111.07,1.222,-10307999150500.0,-15759354695000.0,krx,15,111.1,153.0,0,-10.5,16.8,66.5,False,66,0.0,0,증가,,,,risk-off,35,,,,,,,,,,,,,,,,331,2250,6.8,outflow,-157187.0,-363128.4,6,45,,-103080,-157594,-6757,108563,6,0.0,474.1,-7.08,반도체 제조업,-0.65,0.68,158733.4,66.5,0,16.78,-8.43,11.07,21.7,-5.81,-0.71,-7.72,66.48,13024679,메가(10조+),KOSPI,True,,2026-06-24,4,True,matured,49,-12.35,,,,-0.86,-18.18,-12.35,,,-0.86,1,-17.47,-18.18,3,10.88,-9.28,3,-18.18,-4.28,-8.07,-18.18,-18.18,-18.18,,,,False,False,2343000.0,5217788,5904085,5938400,0.87,1.3,-83510,-12261,91824,-1.38,-5.84,,-0.51,-8.07,6,"['대주주/대량보유', '증자(희석)']","['임원ㆍ주요주주특정증권등소유상황보고서', '유상증자또는주식관련사채등의발행결과(자율공시)', '[기재정정]주요사항보고서(유상증자결정)']",False
034730_2026-06-28_short_h5,034730_2026-06-28_short,6,2026-06-28,short,034730,SK,숏,단기,5,0.5,858000.0,False,,ok,"force -51.7·RSI 76.5·모멘텀 -60 과열 + 외인 -2069억, 하이닉스 재평가 선반영·지주 프리미엄 크라우디드",,,,,,,,,,,,,,,,,-51.7,강한 분산 — 떠넘기기 의심,-100,76.47,121.05,1.968,-206924503500.0,-87507318500.0,krx,40,121.1,155.8,0,-7.7,22.7,76.5,False,38,0.05,0,,,,,risk-off,35,,,,,,,,,,,,,,,,331,2250,6.8,outflow,-157187.0,-363128.4,6,45,,-2069,-875,1337,722,5,0.05,,-7.08,기타 금융업,-0.73,0.26,2830.2,76.5,0,22.74,-5.01,21.05,42.5,-5.81,-0.71,-7.72,66.48,442992,메가(10조+),KOSPI,True,,2026-06-24,4,True,matured,49,-22.26,,,,-2.8,-20.4,-22.26,,,-2.8,1,-20.02,-22.26,5,0.0,-19.58,2,-11.07,-4.28,-17.98,-11.07,-11.07,-11.07,,,,False,True,667000.0,435088,334873,329862,1.13,0.61,-816,337,407,-5.01,-13.64,,-0.51,-17.98,0,[],[],False
141080_2026-06-28_short_h5,141080_2026-06-28_short,7,2026-06-28,short,141080,리가켐바이오,숏,단기,5,0.4,155800.0,False,,ok,"force -46.8·RSI 65 분산 + 외인 -798억, 코스닥 바이오 변동성·차익매물 (단 OBV +27.7 혼재 유의)",,,,,,,,,,,,,,,,,-46.8,강한 분산 — 떠넘기기 의심,-100,65.0,102.89,2.588,-79761946650.0,-44277057600.0,krx,0,102.9,85.2,0,-36.5,-7.8,65.0,False,49,0.68,20,증가,,,,risk-off,35,,,,,,,,,,,,,,,,331,2250,6.8,outflow,-157187.0,-363128.4,6,45,,-798,-443,341,380,3,0.68,130.1,-7.08,기술성장기업부,-1.22,0.58,655.0,65.0,0,-7.81,-33.07,2.89,10.0,-5.81,-0.71,-7.72,66.48,34169,대형(1조+),KOSDAQ,True,,2026-06-24,4,True,matured,49,-17.97,,,,-3.79,-8.28,-17.97,,,-3.72,2,-14.8,-17.97,5,0.0,-14.18,4,-14.18,-4.28,-13.69,-8.28,-8.28,-8.28,,,,False,True,127800.0,1154892,455374,420399,1.09,0.68,-441,194,218,-2.95,-3.21,,-0.51,-17.46,2,"['메자닌(전환물량)', '증자(희석)']","['[기재정정]주요사항보고서(전환사채권발행결정)', '[기재정정]주요사항보고서(유상증자결정)']",False
017670_2026-06-29_pick_h5,017670_2026-06-29_pick,6,2026-06-29,pick,017670,SK텔레콤,장투가능,단기,5,0.5,90600.0,False,미반영,ok,RSI 25 과매도 + 방어 로테이션 + 외인 5일 +739억 매집(현재가 기준),,,,,,,,,,,,,,,,,59.1,강한 매집 — 세력 유입,100,25.38,89.3,0.521,73905270300.0,-379072458250.0,krx,0,89.3,93.2,0,-35.1,-6.5,25.4,False,26,0.05,0,감소,,,,risk-off,35,,,,,,,,,,,,,,,,331,2250,6.8,outflow,-157187.0,-363128.4,6,45,,739,-3791,-453,-254,0,0.05,-64.5,-7.08,전기 통신업,0.36,-0.12,2051.7,25.4,0,-6.5,-27.64,-10.7,0.0,-5.81,-0.71,-7.72,66.48,201473,메가(10조+),KOSPI,True,,2026-06-24,5,True,matured,49,-4.86,,,,-2.43,-3.53,-4.86,,,-2.21,2,-2.71,-4.86,5,0.0,-4.64,,,-4.28,-0.58,-4.86,-4.86,-4.86,,,,False,False,86200.0,1225012,2215117,2264622,0.35,0.37,413,-258,-140,-1.99,-3.97,,-0.51,-0.58,0,[],[],False
068270_2026-06-29_pick_h20,068270_2026-06-29_pick,10,2026-06-29,pick,068270,셀트리온,장투가능,중기,20,0.5,173100.0,False,부분,ok,"등급 A(매출+17%,OPM+28%,저부채28.7%) + 외인 +682억 + 바이오 RS4 (6/25 종가)",,,,,,,,,,,,,,,,,34.0,매집 우위,100,55.63,96.5,0.875,68206169450.0,104215476250.0,krx,0,96.5,90.7,0,-30.7,-8.4,55.6,False,19,0.11,0,감소,,,,risk-off,35,,,,,,,,,,,,,,,,331,2250,6.8,outflow,-157187.0,-363128.4,6,45,,682,1042,-218,-990,1,0.11,-30.8,-7.08,기초 의약물질 제조업,0.59,-0.86,1156.8,55.6,0,-8.39,-29.96,-3.5,0.6,-5.81,-0.71,-7.72,66.48,433366,메가(10조+),KOSPI,True,,2026-06-24,5,True,matured,49,2.48,,,,0.12,2.02,1.62,1.16,2.48,6.07,4,-7.35,-1.73,16,5.06,6.07,,,-28.39,30.87,2.48,2.48,2.48,,,,False,True,177400.0,765680,672928,668290,1.27,0.56,115,3340,-4032,-2.95,-3.0,,-17.09,30.87,66,['대주주/대량보유'],"['임원ㆍ주요주주특정증권등소유상황보고서', '임원ㆍ주요주주특정증권등소유상황보고서', '임원ㆍ주요주주특정증권등소유상황보고서']",False
207940_2026-06-29_pick_h20,207940_2026-06-29_pick,6,2026-06-29,pick,207940,삼성바이오로직스,장투가능,중기,20,0.48,1343000.0,False,부분,ok,"릴리 송도 파트너십 + 등급 A(OPM45.4%·+16.4pp,FCF+0.8조) + 외인 +515억(현재가 기준)",,,,,,,,,,,,,,,,,50.2,강한 매집 — 세력 유입,100,59.54,100.46,0.779,51524675000.0,180300036500.0,krx,0,100.5,93.0,0,-32.4,-2.2,59.5,False,29,0.28,0,혼조,,,,risk-off,35,,,,,,,,,,,,,,,,331,2250,6.8,outflow,-157187.0,-363128.4,6,45,,515,1803,-277,-260,0,0.28,-2.6,-7.08,기초 의약물질 제조업,0.56,-0.28,918.1,59.5,0,-2.18,-31.65,0.46,4.5,-5.81,-0.71,-7.72,66.48,678625,메가(10조+),KOSPI,True,,2026-06-24,5,True,matured,49,15.34,,,,3.57,4.69,4.62,4.24,15.34,15.34,20,0.0,-1.34,8,16.91,5.81,,,-28.39,43.73,15.34,13.03,12.0,,,,False,True,1549000.0,85788,69191,68361,2.25,0.74,789,3168,-3815,1.12,0.3,,-17.09,43.73,1,['대주주/대량보유'],['주식등의대량보유상황보고서(약식)'],False
015760_2026-06-29_pick_h20,015760_2026-06-29_pick,5,2026-06-29,pick,015760,한국전력,장투가능,중기,20,0.45,37100.0,False,미반영,ok,11분기 연속 흑자·OPM+13.8%(+4.8pp)·FCF+4.9조 딥밸류(52주고 -47%) + 외인 +359억(현재가 기준),,,,,,,,,,,,,,,,,49.7,강한 매집 — 세력 유입,100,53.16,97.63,1.187,35916274750.0,9878587050.0,krx,0,97.6,90.4,0,-46.6,-5.0,53.2,False,6,0.3,0,혼조,,,,risk-off,35,,,,,,,,,,,,,,,,331,2250,6.8,outflow,-157187.0,-363128.4,6,45,,359,99,126,-492,0,0.3,0.5,-7.08,전기업,0.35,-0.48,1022.8,53.2,0,-4.99,-45.36,-2.37,0.0,-5.81,-0.71,-7.72,66.48,210243,메가(10조+),KOSPI,True,,2026-06-24,5,True,matured,49,-9.3,,,,-0.27,2.83,5.53,-7.68,-9.3,5.53,5,-15.71,-11.05,14,9.7,3.1,14,-11.05,-28.39,19.09,-8.49,-8.49,-8.49,,,,False,False,33650.0,2148091,2727796,2756781,0.56,0.58,-52,478,-447,0.13,-3.37,,-17.09,19.09,0,[],[],False
145020_2026-06-29_pick_h20,145020_2026-06-29_pick,8,2026-06-29,pick,145020,휴젤,장투가능,중기,20,0.45,254000.0,False,부분,ok,"셀오프장 당일 -0.59% 상대강세 + 등급 A(OPM47%,GPM78%,매출+14%) (6/25 종가)",,,,,,,,,,,,,,,,,34.0,매집 우위,100,60.52,102.3,1.213,3267929250.0,8183058250.0,krx,0,102.3,98.4,0,-35.6,-0.6,60.5,False,18,0.07,0,감소,,,,risk-off,35,,,,,,,,,,,,,,,,331,2250,6.8,outflow,-157187.0,-363128.4,6,45,,33,82,68,-102,0,0.07,-54.4,-7.08,우량기업부,0.23,-0.73,140.6,60.5,0,-0.59,-34.92,2.3,5.5,-5.81,-0.71,-7.72,66.48,30412,대형(1조+),KOSDAQ,True,,2026-06-24,5,True,matured,49,-6.5,,,,3.94,6.3,-3.35,-3.54,-6.5,8.07,2,-19.31,-12.8,16,9.71,0.39,11,-10.63,-28.39,21.89,-10.63,-10.63,-10.63,,,,True,False,237500.0,83575,56688,55343,1.44,0.95,-113,115,-7,1.77,1.57,,-17.09,10.59,4,"['대주주/대량보유', '전환청구(출회)']","['전환청구권행사', '[기재정정]주식등의대량보유상황보고서(일반)', '[기재정정]주식등의대량보유상황보고서(일반)']",False
032830_2026-06-29_pick_h5,032830_2026-06-29_pick,6,2026-06-29,pick,032830,삼성생명,장투가능,단기,5,0.4,447000.0,False,부분,ok,"보험=벙커 로테이션 핵심·고배당, 단 force +18.7·외인 -143억 수급 미온적 (6/25 종가)",,,,,,,,,,,,,,,,,18.7,매집 우위,20.1,59.97,102.11,0.731,-14302898000.0,23806756250.0,krx,0,102.1,133.6,0,-16.3,21.0,60.0,False,6,0.08,0,감소,,,,risk-off,35,,,,,,,,,,,,,,,,331,2250,6.8,outflow,-157187.0,-363128.4,6,45,,-143,238,163,5,0,0.08,-47.6,-7.08,보험업,-0.05,0.0,2660.5,60.0,0,20.98,-12.98,2.11,12.9,-5.81,-0.71,-7.72,66.48,624000,메가(10조+),KOSPI,True,,2026-06-24,5,True,matured,49,-11.97,,,,-10.29,-17.11,-11.97,,,-10.29,1,-7.61,-17.11,3,6.21,-14.32,1,-10.29,-4.28,-7.69,-10.29,-10.29,-10.29,,,,False,False,393500.0,515300,591375,595179,0.87,0.81,103,181,-281,-6.04,-10.51,,-0.51,-7.69,0,[],[],False
034020_2026-06-29_pick_h5,034020_2026-06-29_pick,7,2026-06-29,pick,034020,두산에너빌리티,단기스윙,단기,5,0.42,81100.0,False,부분,ok,"SMR·원전 22조 공급망 + 외인 +680억 최대 순매수, thin마진(등급C)이라 트레이딩 한정(현재가 기준)",,,,,,,,,,,,,,,,,38.0,매집 우위,100,45.29,85.15,1.38,67964567300.0,-424606797650.0,krx,0,85.1,76.1,0,-41.7,-23.4,45.3,False,0,0.31,0,증가,,,,risk-off,35,,,,,,,,,,,,,,,,331,2250,6.8,outflow,-157187.0,-363128.4,6,45,,680,-4246,-399,-221,0,0.31,356.9,-7.08,일반 목적용 기계 제조업,0.24,-0.08,2865.7,45.3,0,-23.42,-40.54,-14.85,0.0,-5.81,-0.71,-7.72,66.48,563053,메가(10조+),KOSPI,True,,2026-06-24,5,True,matured,49,5.43,,,,7.03,6.04,5.43,,,9.12,2,-3.39,5.43,5,0.0,6.29,,,-4.28,9.71,5.43,5.43,5.43,,,,False,True,85500.0,4231835,3566754,3533500,0.61,0.62,194,406,-533,-0.86,-1.85,,-0.51,9.71,1,['대주주/대량보유'],['주식등의대량보유상황보고서(일반)'],False
196170_2026-06-29_pick_h5,196170_2026-06-29_pick,12,2026-06-29,pick,196170,알테오젠,단기스윙,단기,5,0.42,375000.0,False,부분,ok,"등급 A(매출+110%,OPM49.5%) force+46.1, 당일 -8.4% 고변동이라 스윙 한정 (6/25 종가)",,,,,,,,,,,,,,,,,46.1,강한 매집 — 세력 유입,100,61.25,98.75,1.053,-6458477500.0,39927284500.0,krx,0,98.7,96.0,0,-39.6,-7.0,61.2,False,6,1.82,8,감소,,,,risk-off,35,,,,,,,,,,,,,,,,331,2250,6.8,outflow,-157187.0,-363128.4,6,45,,-65,399,1306,-1237,1,1.82,-25.5,-7.08,우량기업부,-0.03,-0.61,2025.7,61.2,0,-7.04,-38.55,-1.25,6.2,-5.81,-0.71,-7.72,66.48,199214,메가(10조+),KOSDAQ,True,,2026-06-24,5,True,matured,49,-11.73,,,,-3.73,-6.27,-11.73,,,-3.73,1,-8.31,-11.73,5,0.0,-8.93,5,-11.73,-4.28,-7.45,-8.93,-8.93,-8.93,,,,False,False,331000.0,686307,547151,540193,0.79,0.49,-1057,650,380,-27.77,-27.77,,-0.51,-11.22,2,['증자(희석)'],"['주권매매거래정지              (무상증자)', '주요사항보고서(무상증자결정)']",False
214150_2026-06-29_pick_h5,214150_2026-06-29_pick,2,2026-06-29,pick,214150,클래시스,단기스윙,단기,5,0.38,46550.0,False,미반영,ok,"미용 의료기기 수출·안정수익, force +19.6 중간 (6/25 종가)",,,,,,,,,,,,,,,,,19.6,매집 우위,27.3,57.73,101.18,0.95,-2731833525.0,-29914571775.0,krx,0,101.2,89.2,0,-41.8,-1.8,57.7,False,18,1.12,20,증가,,,,risk-off,35,,,,,,,,,,,,,,,,331,2250,6.8,outflow,-157187.0,-363128.4,6,45,,-27,-299,55,-38,1,1.12,92.5,-7.08,우량기업부,-0.19,-0.27,141.4,57.7,0,-1.85,-40.21,1.18,2.7,-5.81,-0.71,-7.72,66.48,20875,대형(1조+),KOSDAQ,True,,2026-06-24,5,True,matured,49,-2.47,,,,0.11,2.9,-2.47,,,3.11,2,-5.42,-2.47,5,0.0,-0.21,,,-4.28,1.81,-2.47,-2.47,-2.47,,,,False,False,45400.0,335436,305361,303857,0.64,0.78,-32,49,-30,-2.58,-2.58,,-0.51,-1.96,1,['대주주/대량보유'],['주식등의대량보유상황보고서(약식)'],False
086520_2026-06-29_pick_h5,086520_2026-06-29_pick,1,2026-06-29,pick,086520,에코프로,단기스윙,단기,5,0.4,102000.0,False,부분,ok,"외인 +465억 역추세 매집·supply+100, 단 2차전지 섹터 약세 역행이라 고위험 (6/25 종가)",,,,,,,,,,,,,,,,,47.7,강한 매집 — 세력 유입,100,41.86,82.5,1.21,46508599950.0,47620859050.0,krx,0,82.5,69.9,0,-49.8,-34.1,41.9,False,6,6.11,25,혼조,,,,risk-off,35,,,,,,,,,,,,,,,,331,2250,6.8,outflow,-157187.0,-363128.4,6,45,,465,476,-113,-338,0,6.11,-2.3,-7.08,중견기업부,0.38,-0.27,1233.5,41.9,0,-34.07,-48.43,-17.5,0.0,-5.81,-0.71,-7.72,66.48,112015,메가(10조+),KOSDAQ,True,,2026-06-24,5,True,matured,49,-16.18,,,,4.51,-14.8,-16.18,,,4.51,1,-19.79,-16.18,5,0.0,-14.41,3,-14.8,-4.28,-11.9,-8.82,-8.82,-8.82,,,,False,False,85500.0,2874885,1288615,1209302,1.84,0.65,-1275,109,1143,-6.27,-6.27,,-0.51,-15.67,3,"['대주주/대량보유', '증자(희석)']","['주식등의대량보유상황보고서(일반)', '주식등의대량보유상황보고서(일반)', '유상증자결정(종속회사의주요경영사항)']",False
034730_2026-06-29_short_h5,034730_2026-06-29_short,7,2026-06-29,short,034730,SK,숏,단기,5,0.5,858000.0,False,,ok,"force -51.7(최저)+RSI 76.47 극과열+외인 -2,069억, ADR 기대 선반영 되돌림 (6/25 종가)",,,,,,,,,,,,,,,,,-51.7,강한 분산 — 떠넘기기 의심,-100,76.47,121.05,1.968,-206924503500.0,-87507318500.0,krx,40,121.1,155.8,0,-7.7,22.7,76.5,False,38,0.05,0,,,,,risk-off,35,,,,,,,,,,,,,,,,331,2250,6.8,outflow,-157187.0,-363128.4,6,45,,-2069,-875,1337,722,5,0.05,,-7.08,기타 금융업,-0.73,0.26,2830.2,76.5,0,22.74,-5.01,21.05,42.5,-5.81,-0.71,-7.72,66.48,442992,메가(10조+),KOSPI,True,,2026-06-24,5,True,matured,49,-22.26,,,,-2.8,-20.4,-22.26,,,-2.8,1,-20.02,-22.26,5,0.0,-19.58,2,-11.07,-4.28,-17.98,-11.07,-11.07,-11.07,,,,False,True,667000.0,435088,334873,329862,1.13,0.61,-816,337,407,-5.01,-13.64,,-0.51,-17.98,0,[],[],False
141080_2026-06-29_short_h5,141080_2026-06-29_short,8,2026-06-29,short,141080,리가켐바이오,숏,단기,5,0.45,155800.0,False,,ok,"force -47.2+외인 -798억+당일 -8.28% 모멘텀 붕괴, L/O 공시가 숏 리스크 (6/25 종가)",,,,,,,,,,,,,,,,,-47.2,강한 분산 — 떠넘기기 의심,-100,65.0,102.89,2.588,-79761946650.0,-44277057600.0,krx,0,102.9,85.2,0,-36.5,-7.8,65.0,False,49,0.68,20,증가,,,,risk-off,35,,,,,,,,,,,,,,,,331,2250,6.8,outflow,-157187.0,-363128.4,6,45,,-798,-443,341,380,3,0.68,130.1,-7.08,기술성장기업부,-1.22,0.58,655.0,65.0,0,-7.81,-33.07,2.89,10.0,-5.81,-0.71,-7.72,66.48,34169,대형(1조+),KOSDAQ,True,,2026-06-24,5,True,matured,49,-17.97,,,,-3.79,-8.28,-17.97,,,-3.72,2,-14.8,-17.97,5,0.0,-14.18,4,-14.18,-4.28,-13.69,-8.28,-8.28,-8.28,,,,False,True,127800.0,1154892,455374,420399,1.09,0.68,-441,194,218,-2.95,-3.21,,-0.51,-17.46,2,"['메자닌(전환물량)', '증자(희석)']","['[기재정정]주요사항보고서(전환사채권발행결정)', '[기재정정]주요사항보고서(유상증자결정)']",False
058470_2026-06-30_pick_h5,058470_2026-06-30_pick,7,2026-06-30,pick,058470,리노공업,장투가능,단기,5,0.55,85300.0,False,미반영,ok,"RSI 35 과매도 + force +56.5 전체최고 매집 + 금융투자 순매수 1위(368억), 부채 8%·FCF 3년흑자 최고퀄리티 소부장",,,,,,,,,,,,,,,,,56.5,강한 매집 — 세력 유입,100,35.39,91.86,0.868,-3074951250.0,459671000100.0,krx,0,91.9,81.5,1,-33.9,-12.4,35.4,False,6,1.62,8,감소,,,,neutral,54,,,,,,,,,,,,,,,,2375,245,0.1,outflow,-211993.3,-429708.6,7,45,,-31,4597,383,-361,0,1.62,-15.5,-7.9,우량기업부,-0.02,-0.25,1453.6,35.4,1,-12.42,-32.83,-8.14,2.5,-0.2,-6.0,-7.9,60.39,52129,대형(1조+),KOSDAQ,True,,2026-06-25,5,True,matured,48,-15.71,,,,-4.22,-7.85,-15.71,,,-4.22,1,-12.0,-15.71,5,0.0,-12.19,2,-11.96,-8.8,-6.91,-11.96,-11.96,-11.96,,,,False,False,71900.0,1505648,1694635,1704085,1.69,0.48,2559,-3190,588,1.76,-4.34,,-9.7,-6.01,3,['대주주/대량보유'],"['주식등의대량보유상황보고서(약식)', '주식등의대량보유상황보고서(약식)', '주식등의대량보유상황보고서(약식)']",False
207940_2026-06-30_pick_h20,207940_2026-06-30_pick,7,2026-06-30,pick,207940,삼성바이오로직스,장투가능,중기,20,0.55,1448000.0,False,부분,ok,"헬스케어 수급 전환 + CDMO 구조적 증설, OPM 45%(+16.4pp)·FCF +0.77조 A등급 퀄리티",,,,,,,,,,,,,,,,,50.7,강한 매집 — 세력 유입,100,63.19,107.98,1.255,88599341000.0,194477770000.0,krx,0,108.0,100.3,1,-27.1,6.2,63.2,False,29,0.3,0,혼조,,,,neutral,54,,,,,,,,,,,,,,,,2375,245,0.1,outflow,-211993.3,-429708.6,7,45,,886,1945,66,-969,0,0.3,8.2,-7.9,기초 의약물질 제조업,0.92,-1.01,959.1,63.2,1,6.24,-26.31,7.98,13.0,-0.2,-6.0,-7.9,60.39,678625,메가(10조+),KOSPI,True,,2026-06-25,5,True,matured,48,2.14,,,,-3.59,-1.86,-1.8,-5.52,2.14,6.98,19,-4.52,-8.49,7,16.91,-2.97,,,-32.54,34.68,-8.49,-8.49,-8.49,,,,False,True,1479000.0,74245,66618,66236,2.34,0.77,399,3325,-3573,0.07,-4.7,,-28.01,34.68,1,['대주주/대량보유'],['주식등의대량보유상황보고서(약식)'],False
196170_2026-06-30_pick_h5,196170_2026-06-30_pick,13,2026-06-30,pick,196170,알테오젠,장투가능,단기,5,0.5,373000.0,False,부분,ok,"ALT-B4 기술수출 로열티 + 매출 +109.9%·OPM 49.5% 폭발성장, force +52.2 강매집",,,,,,,,,,,,,,,,,52.2,강한 매집 — 세력 유입,100,60.0,107.17,1.27,-24282745500.0,40568471250.0,krx,0,107.2,104.1,1,-34.4,1.1,60.0,False,6,1.78,8,감소,,,,neutral,54,,,,,,,,,,,,,,,,2375,245,0.1,outflow,-211993.3,-429708.6,7,45,,-243,406,1751,-1514,2,1.78,-20.7,-7.9,우량기업부,-0.12,-0.74,2045.0,60.0,1,1.08,-33.27,7.17,7.9,-0.2,-6.0,-7.9,60.39,199214,메가(10조+),KOSDAQ,True,,2026-06-25,5,True,matured,48,-9.52,,,,-4.02,-8.45,-9.52,,,-4.02,1,-7.54,-11.26,4,1.96,-11.26,4,-11.26,-8.8,-0.72,-8.45,-8.45,-8.45,,,,False,False,337500.0,432302,542747,548269,0.81,0.49,-797,303,479,-23.78,-26.97,,-9.7,0.18,2,['증자(희석)'],"['주권매매거래정지              (무상증자)', '주요사항보고서(무상증자결정)']",False
012450_2026-06-30_pick_h20,012450_2026-06-30_pick,9,2026-06-30,pick,012450,한화에어로스페이스,장전선취매,중기,20,0.55,1020000.0,False,미반영,ok,"기관 순매수 상위 + 수주잔고 100조·NATO 3.0, FCF +2.06조 3년흑자, 고점대비 -38% 조정",,,,,,,,,,,,,,,,,34.0,매집 우위,100,50.39,94.17,0.784,-13395227000.0,140094620500.0,krx,0,94.2,79.8,1,-38.4,-13.0,50.4,False,29,0.02,0,증가,,,,neutral,54,,,,,,,,,,,,,,,,2375,245,0.1,outflow,-211993.3,-429708.6,7,45,,-134,1401,477,-348,1,0.02,24.7,-7.9,"항공기,우주선 및 부품 제조업",-0.05,-0.13,2645.9,50.4,1,-13.04,-33.64,-5.83,2.5,-0.2,-6.0,-7.9,60.39,535744,메가(10조+),KOSPI,True,,2026-06-25,5,True,matured,48,-20.59,,,,6.96,15.2,10.0,-14.51,-20.59,15.2,3,-31.06,-20.59,20,0.0,13.63,10,-14.51,-32.54,11.95,-8.24,15.2,12.0,,,,True,False,810000.0,177757,255517,259405,1.01,1.14,-731,1849,-1074,-0.39,-5.1,,-28.01,11.95,1,['대주주/대량보유'],['임원ㆍ주요주주특정증권등소유상황보고서'],False
015760_2026-06-30_pick_h20,015760_2026-06-30_pick,6,2026-06-30,pick,015760,한국전력,장투가능,중기,20,0.5,38250.0,False,부분,ok,"AI 데이터센터 전력수요 + 요금 정상화로 OPM 13.8%(+4.8pp)·FCF +4.9조 흑자전환, risk-off 방어주",,,,,,,,,,,,,,,,,50.6,강한 매집 — 세력 유입,100,55.83,100.74,0.779,-4081316975.0,-3727242000.0,krx,0,100.7,93.3,1,-45.0,-1.7,55.8,False,6,0.3,0,혼조,,,,neutral,54,,,,,,,,,,,,,,,,2375,245,0.1,outflow,-211993.3,-429708.6,7,45,,-41,-37,429,-394,1,0.3,-1.4,-7.9,전기업,-0.04,-0.38,1034.3,55.8,1,-1.67,-43.67,0.74,3.3,-0.2,-6.0,-7.9,60.39,210243,메가(10조+),KOSPI,True,,2026-06-25,5,True,matured,48,-13.46,,,,-1.7,0.0,-0.13,-11.24,-13.46,2.35,4,-15.71,-13.73,13,9.7,2.35,9,-10.46,-32.54,19.08,-10.46,-10.46,-10.46,,,,False,False,33100.0,1990630,2670007,2703976,0.58,0.6,282,201,-511,0.92,-3.27,,-28.01,19.08,0,[],[],False
034020_2026-06-30_pick_h5,034020_2026-06-30_pick,8,2026-06-30,pick,034020,두산에너빌리티,단기스윙,단기,5,0.45,88000.0,False,부분,ok,"원전·가스터빈 수주 + 신용 A등급 회복 + AI 전력, force +40.7 매집이나 OBV -55.6 미확인·OPM 낮아 단기한정",,,,,,,,,,,,,,,,,40.7,강한 매집 — 세력 유입,100,45.73,93.25,1.198,104677125400.0,-379045174150.0,krx,0,93.3,82.6,1,-36.8,-16.7,45.7,False,0,0.3,0,증가,,,,neutral,54,,,,,,,,,,,,,,,,2375,245,0.1,outflow,-211993.3,-429708.6,7,45,,1047,-3790,-131,-859,0,0.3,304.0,-7.9,일반 목적용 기계 제조업,0.34,-0.28,3092.1,45.7,1,-16.67,-35.48,-6.75,2.5,-0.2,-6.0,-7.9,60.39,563053,메가(10조+),KOSPI,True,,2026-06-25,5,True,matured,48,-7.27,,,,0.57,-2.05,-7.27,,,0.57,1,-7.8,-7.27,5,0.0,-2.84,,,-8.8,1.53,-7.27,-7.27,-7.27,,,,False,False,81600.0,2498630,3465426,3513765,0.63,0.75,-567,366,216,0.45,-3.98,,-9.7,1.53,1,['대주주/대량보유'],['주식등의대량보유상황보고서(일반)'],False
047810_2026-06-30_pick_h5,047810_2026-06-30_pick,10,2026-06-30,pick,047810,한국항공우주,단기스윙,단기,5,0.45,150400.0,False,부분,ok,"LIG D&A 인수설 + 동남아 수주, force +47.2 강매집이나 FCF -1.09조 음수·RSI 68 과열로 단기한정",,,,,,,,,,,,,,,,,47.2,강한 매집 — 세력 유입,100,68.22,104.21,0.792,-49978395400.0,-75960089500.0,krx,0,104.2,90.7,1,-30.2,-10.6,68.2,False,31,3.19,25,증가,,,,neutral,54,,,,,,,,,,,,,,,,2375,245,0.1,outflow,-211993.3,-429708.6,7,45,,-500,-760,862,-356,6,3.19,13.6,-7.9,"항공기,우주선 및 부품 제조업",-0.57,-0.41,877.7,68.2,1,-10.64,-25.54,4.21,15.7,-0.2,-6.0,-7.9,60.39,126133,메가(10조+),KOSPI,True,,2026-06-25,5,True,matured,48,6.52,,,,2.53,4.12,6.52,,,7.11,4,-0.56,2.53,1,4.47,7.11,,,-8.8,15.32,6.52,6.52,6.52,,,,False,True,160200.0,417355,575643,583558,0.78,0.63,-917,1175,-267,0.86,-2.66,,-9.7,15.32,3,['대주주/대량보유'],"['주식등의대량보유상황보고서(약식)', '주식등의대량보유상황보고서(일반)', '주식등의대량보유상황보고서(일반)']",False
034730_2026-06-30_short_h5,034730_2026-06-30_short,8,2026-06-30,short,034730,SK,숏,단기,5,0.5,785000.0,False,,ok,"force -41.1 강한분산 + RSI 70.5 과열 + 모멘텀 -30 + FCF -3.98조, 6/25 +15.6% 급등 후 분산 — 단기 되돌림 우위",,,,,,,,,,,,,,,,,-41.1,강한 분산 — 떠넘기기 의심,-100,70.45,115.66,1.319,-187969726500.0,-76987731500.0,krx,45,115.7,147.8,0,-11.1,16.1,70.4,True,38,0.01,0,,,,,neutral,54,,,,,,,,,,,,,,,,2375,245,0.1,outflow,-211993.3,-429708.6,7,45,,-1880,-770,1123,732,6,0.01,,-7.9,기타 금융업,-0.72,0.28,2597.5,70.4,0,16.12,-8.51,15.66,25.2,-0.2,-6.0,-7.9,60.39,442992,메가(10조+),KOSPI,True,,2026-06-25,5,True,matured,48,-20.25,,,,-2.8,-12.1,-20.25,,,-2.8,1,-17.96,-20.25,5,0.0,-15.03,2,-12.99,-8.8,-11.45,-12.99,-12.99,-12.99,,,,False,True,626000.0,377589,333118,330894,1.22,1.09,-259,252,-21,-0.64,-2.29,,-9.7,-11.45,0,[],[],False
005380_2026-06-30_short_h5,005380_2026-06-30_short,5,2026-06-30,short,005380,현대차,숏,단기,5,0.45,497000.0,False,,ok,force -44.0 강한분산 + 파업·미관세(1Q 영업익 -30.8%)·FCF -17조 + 연기금 순매도. 단 RSI 26 과매도라 기술적 반등 시 분할 숏,,,,,,,,,,,,,,,,,-44.0,강한 분산 — 떠넘기기 의심,-100,26.25,81.72,0.766,-343802467000.0,-1447320122500.0,krx,0,81.7,85.1,1,-36.5,-31.3,26.3,False,0,2.69,18,증가,,,,neutral,54,,,,,,,,,,,,,,,,2375,245,0.1,outflow,-211993.3,-429708.6,7,45,,-3438,-14473,-331,3665,6,2.69,13.1,-7.9,자동차용 엔진 및 자동차 제조업,-0.48,0.51,7235.1,26.3,1,-31.26,-33.73,-18.28,2.5,-0.2,-6.0,-7.9,60.39,804698,메가(10조+),KOSPI,True,,2026-06-25,5,True,matured,48,-3.52,,,,-1.91,-1.01,-3.52,,,1.01,4,-4.48,-3.52,5,0.0,1.01,,,-8.8,5.28,-3.52,-3.52,-3.52,,,,False,True,479500.0,786003,1423862,1455755,0.56,0.67,-391,882,-476,1.61,-2.36,,-9.7,5.28,0,[],[],False
039030_2026-07-01_pick_h20,039030_2026-07-01_pick,7,2026-07-01,pick,039030,이오테크닉스,장투가능,중기,20,0.5,476000.0,False,부분,ok,"force +59 최상위 매집·OBV +100, AI 메모리 업사이클 소부장 핵심, 펀더 등급A(OPM 21.2%·매출 +18.7%), 20일선 부근 진입 부담 낮음",,,,,,,,,,,,,,,,,59.0,강한 매집 — 세력 유입,100,53.93,98.26,2.08,101013777000.0,156726661750.0,krx,0,98.3,99.7,1,-23.6,5.8,53.9,False,6,0.88,0,혼조,,,,neutral,40,,,,,,,,,,,,,,,,980,1597,1.63,outflow,-212897.0,-450048.0,8,45,,1010,1567,-896,-96,0,0.88,2.5,3.32,우량기업부,0.95,-0.09,1065.2,53.9,1,5.78,-22.22,-1.74,4.7,0.97,0.78,-7.0,61.95,56177,대형(1조+),KOSDAQ,True,,2026-06-26,5,True,matured,47,-49.58,,,,-19.22,-16.49,-27.52,-19.12,-49.58,-16.49,3,-39.62,-49.58,20,0.0,-22.27,1,-19.22,-34.01,-15.57,-19.22,-19.22,-19.22,,,,False,False,240000.0,539265,238802,223779,0.37,0.75,1690,-2329,595,3.68,-9.77,,-29.62,-19.96,3,['대주주/대량보유'],"['주식등의대량보유상황보고서(약식)', '주식등의대량보유상황보고서(약식)', '주식등의대량보유상황보고서(약식)']",False
196170_2026-07-01_pick_h20,196170_2026-07-01_pick,14,2026-07-01,pick,196170,알테오젠,장투가능,중기,20,0.55,361000.0,False,부분,ok,"ALT-B4 제형변환 플랫폼 표준화(머크 키트루다SC 로열티·사노피 듀피젠트), 기관 +1542억 매집, OPM 49.5%·GPM 76.7%·매출 +110% 등급A",,,,,,,,,,,,,,,,,51.4,강한 매집 — 세력 유입,100,59.87,103.8,0.788,-49296686000.0,14573568250.0,krx,0,103.8,100.7,0,-36.6,-1.4,59.9,False,6,1.89,8,감소,,,,neutral,40,,,,,,,,,,,,,,,,980,1597,1.63,outflow,-212897.0,-450048.0,8,45,,-493,146,1542,-1058,3,1.89,-17.6,3.32,우량기업부,-0.25,-0.54,1942.1,59.9,0,-1.37,-35.42,3.8,4.9,0.97,0.78,-7.0,61.95,199214,메가(10조+),KOSDAQ,True,,2026-06-26,5,True,matured,47,-22.58,,,,-2.63,-8.31,-13.16,-20.08,-22.58,-2.63,1,-23.76,-25.76,14,16.42,-6.51,5,-13.16,-34.01,11.43,-8.31,-8.31,-8.31,,,,False,False,279500.0,439869,533317,537990,0.74,0.55,-42,103,76,-21.78,-24.23,,-29.62,7.04,4,['증자(희석)'],"['권리락              (무상증자)', '[기재정정]주요사항보고서(무상증자결정)', '주권매매거래정지              (무상증자)']",False
015760_2026-07-01_pick_h20,015760_2026-07-01_pick,7,2026-07-01,pick,015760,한국전력,장투가능,중기,20,0.5,37000.0,False,미반영,ok,"FCF +4.9조·11분기 흑자·등급A, RSI 52 과열 없음, 위험회피 국면 방어적 유틸리티, 장기 AI 전력수요 수혜, 저평가",,,,,,,,,,,,,,,,,50.6,강한 매집 — 세력 유입,100,51.55,97.66,0.736,-8492798775.0,-17988987300.0,krx,0,97.7,90.5,0,-46.8,-4.3,51.5,False,6,0.27,0,감소,,,,neutral,40,,,,,,,,,,,,,,,,980,1597,1.63,outflow,-212897.0,-450048.0,8,45,,-85,-180,328,-258,2,0.27,-13.2,3.32,전기업,-0.09,-0.26,997.1,51.5,0,-4.27,-45.51,-2.34,0.0,0.97,0.78,-7.0,61.95,210243,메가(10조+),KOSPI,True,,2026-06-26,5,True,matured,47,-10.68,,,,3.11,5.81,-0.68,-8.38,-10.68,5.81,3,-15.71,-10.81,12,9.7,3.24,12,-10.81,-34.01,23.33,-8.24,-8.24,-8.24,,,,False,False,33050.0,1485344,2637235,2694830,0.58,0.6,329,322,-680,2.03,0.14,,-29.62,23.33,0,[],[],False
207940_2026-07-01_pick_h20,207940_2026-07-01_pick,8,2026-07-01,pick,207940,삼성바이오로직스,장투가능,중기,20,0.5,1391000.0,False,부분,ok,"CDMO 글로벌 선두, force +50.6·외국인 +867억, OPM 45.4%·FCF +7727억 등급A, 증설 가동 외형 성장 대기",,,,,,,,,,,,,,,,,50.6,강한 매집 — 세력 유입,100,57.37,103.67,1.114,86739862000.0,200795613000.0,krx,0,103.7,96.6,0,-30.0,1.0,57.4,False,29,0.33,0,증가,,,,neutral,40,,,,,,,,,,,,,,,,980,1597,1.63,outflow,-212897.0,-450048.0,8,45,,867,2008,-133,-746,0,0.33,26.8,3.32,기초 의약물질 제조업,0.94,-0.81,926.1,57.4,0,1.02,-29.21,3.67,2.8,0.97,0.78,-7.0,61.95,678625,메가(10조+),KOSPI,True,,2026-06-26,5,True,matured,47,9.78,,,,1.08,1.01,-2.01,-0.58,9.78,11.36,18,-4.52,-4.74,6,16.91,2.23,,,-34.01,43.79,9.78,9.78,9.78,,,,False,True,1527000.0,39712,65297,66576,2.38,0.79,302,3819,-3912,2.01,-2.8,,-29.62,43.79,1,['대주주/대량보유'],['주식등의대량보유상황보고서(약식)'],False
068270_2026-07-01_pick_h20,068270_2026-07-01_pick,11,2026-07-01,pick,068270,셀트리온,장투가능,중기,20,0.5,173300.0,False,부분,ok,"펀더 등급A(OPM 28.1%·GPM 59.3%·매출 +17%·FCF 흑자지속), 기관 +547억, 코스피 대형 바이오로 변동성 상대적 낮음",,,,,,,,,,,,,,,,,38.3,매집 우위,100,54.72,101.22,0.865,8174288000.0,64777180650.0,krx,0,101.2,95.0,0,-27.6,-5.2,54.7,False,19,0.12,0,감소,,,,neutral,40,,,,,,,,,,,,,,,,980,1597,1.63,outflow,-212897.0,-450048.0,8,45,,82,648,547,-1071,3,0.12,-17.4,3.32,기초 의약물질 제조업,0.07,-0.97,1100.9,54.7,0,-5.16,-26.83,1.22,0.0,0.97,0.78,-7.0,61.95,433366,메가(10조+),KOSPI,True,,2026-06-26,5,True,matured,47,9.64,,,,1.9,1.5,2.02,1.38,9.64,9.64,20,0.0,-1.85,14,11.7,2.83,,,-34.01,43.65,9.64,9.64,9.64,,,,False,True,190000.0,473079,627524,635246,2.78,0.6,105,4052,-4745,2.94,-0.87,,-29.62,43.65,66,['대주주/대량보유'],"['주식등의대량보유상황보고서(약식)', '임원ㆍ주요주주특정증권등소유상황보고서', '임원ㆍ주요주주특정증권등소유상황보고서']",False
443060_2026-07-01_pick_h20,443060_2026-07-01_pick,2,2026-07-01,pick,443060,HD현대마린솔루션,장투가능,중기,20,0.5,224500.0,False,부분,ok,"선박 애프터마켓 리커링 매출(조선 빌더와 차별), force +53.3·기관 +187억, OPM 17.7%·FCF +3061억 등급A",,,,,,,,,,,,,,,,,53.3,강한 매집 — 세력 유입,100,48.09,98.62,0.56,939420750.0,-29311493000.0,krx,0,98.6,99.9,2,-21.8,-3.6,48.1,False,6,0.36,0,증가,,,,neutral,40,,,,,,,,,,,,,,,,980,1597,1.63,outflow,-212897.0,-450048.0,8,45,,9,-293,187,-74,2,0.36,53.8,3.32,"건축기술, 엔지니어링 및 관련 기술 서비스업",0.02,-0.15,509.4,48.1,2,-3.65,-19.96,-1.38,5.0,0.97,0.78,-7.0,61.95,95047,대형(1조+),KOSPI,True,,2026-06-26,5,True,matured,47,-19.51,,,,-3.12,-7.35,-11.98,-10.02,-19.51,-3.12,1,-16.92,-19.51,20,0.0,-10.47,4,-10.47,-34.01,14.5,-10.47,-10.47,-10.47,,,,False,False,180700.0,138013,222691,226925,0.46,0.66,631,-156,-292,0.67,-1.34,,-29.62,14.5,1,['대주주/대량보유'],['주식등의대량보유상황보고서(약식)'],False
034020_2026-07-01_pick_h5,034020_2026-07-01_pick,9,2026-07-01,pick,034020,두산에너빌리티,단기스윙,단기,5,0.5,86800.0,False,부분,ok,"AI 전력수요 구조 테마(24.7GW), SMR·가스터빈 첫 해외 수주, 신용 A 탈환, force +41.9·외국인 +337억, 20일선 눌림. 펀더 등급C라 장투 아닌 테마 트레이딩 한정",,,,,,,,,,,,,,,,,41.9,강한 매집 — 세력 유입,100,45.73,92.97,0.704,33698206850.0,-397247373500.0,krx,0,93.0,81.7,0,-37.6,-18.8,45.7,False,0,0.33,0,증가,,,,neutral,40,,,,,,,,,,,,,,,,980,1597,1.63,outflow,-212897.0,-450048.0,8,45,,337,-3972,-226,-50,1,0.33,315.4,3.32,일반 목적용 기계 제조업,0.11,-0.02,2957.7,45.7,0,-18.8,-36.36,-7.03,0.0,0.97,0.78,-7.0,61.95,563053,메가(10조+),KOSPI,True,,2026-06-26,5,True,matured,47,-14.75,,,,-0.92,-1.5,-14.75,,,-0.69,2,-14.15,-14.75,5,0.0,-5.99,5,-14.75,-14.51,-0.24,-14.75,-14.75,-14.75,,,,False,False,74000.0,2186748,3349395,3407527,0.88,1.16,-33,192,-146,2.65,-0.81,,-14.32,-0.24,1,['대주주/대량보유'],['주식등의대량보유상황보고서(일반)'],False
009150_2026-07-01_pick_h5,009150_2026-07-01_pick,9,2026-07-01,pick,009150,삼성전기,단기스윙,단기,5,0.4,2184000.0,False,강함,ok,4540억 AI MLCC 수주·외국인 6월 +2.4조 집중매수 모멘텀이나 PER 233배·60일선 +72%로 선반영 강함. 추격 금지·눌림목(195만) 대기 권장,,,,,,,,,,,,,,,,,49.6,강한 매집 — 세력 유입,100,65.62,111.47,0.974,422458776500.0,2583569455000.0,krx,30,111.5,172.0,2,-9.6,8.9,65.6,True,4,0.24,0,감소,,,,neutral,40,,,,,,,,,,,,,,,,980,1597,1.63,outflow,-212897.0,-450048.0,8,45,,4225,25836,4637,-8610,0,0.24,-36.7,3.32,전자부품 제조업,0.15,-0.3,28659.3,65.6,2,8.93,-3.79,11.47,34.5,0.97,0.78,-7.0,61.95,1086046,메가(10조+),KOSPI,True,,2026-06-26,5,True,matured,47,-32.28,,,,-11.81,-16.3,-32.28,,,-8.93,2,-25.64,-32.28,5,0.0,-24.54,1,-11.81,-14.51,-17.77,-11.81,-11.81,-11.81,,,,False,False,1479000.0,989538,1296872,1312239,0.91,0.93,154,-5642,5639,3.02,-2.52,,-14.32,-17.77,1,['대주주/대량보유'],['주식등의대량보유상황보고서(약식)'],False
058470_2026-07-01_pick_h5,058470_2026-07-01_pick,8,2026-07-01,pick,058470,리노공업,단기스윙,단기,5,0.45,84000.0,False,부분,ok,"코스닥 반도체 테스트소켓 1위, force +54.7·외국인 +431억 저점매집, RSI 39 과매도 반등 후보, 펀더 등급A. scorecard 과거 오답 전력으로 확신 제한",,,,,,,,,,,,,,,,,54.7,강한 매집 — 세력 유입,94.9,39.34,91.12,0.884,43075253250.0,485189427750.0,krx,0,91.1,80.5,0,-34.9,-13.7,39.3,False,6,1.52,8,감소,,,,neutral,40,,,,,,,,,,,,,,,,980,1597,1.63,outflow,-212897.0,-450048.0,8,45,,431,4852,-336,-113,0,1.52,-29.7,3.32,우량기업부,0.3,-0.08,1450.4,39.3,0,-13.67,-33.86,-8.88,0.0,0.97,0.78,-7.0,61.95,52129,대형(1조+),KOSDAQ,True,,2026-06-26,5,True,matured,47,-17.62,,,,-10.6,-10.83,-17.62,,,-6.43,2,-11.96,-17.62,5,0.0,-14.4,1,-10.6,-14.51,-3.11,-10.6,-10.6,-10.6,,,,False,False,69200.0,2860515,1780643,1726649,0.61,0.55,2397,-2752,338,2.38,-3.81,,-14.32,-3.3,3,['대주주/대량보유'],"['주식등의대량보유상황보고서(약식)', '주식등의대량보유상황보고서(약식)', '주식등의대량보유상황보고서(약식)']",False
272210_2026-07-01_pick_h5,272210_2026-07-01_pick,9,2026-07-01,pick,272210,한화시스템,단기스윙,단기,5,0.4,73000.0,False,부분,ok,"force +47.9·RSI 35 과매도, 20일선 -18.6% 낙폭과대 반등 후보(위성·국방AI). 단 FCF 적자·방산 차익실현 국면이라 반등 트레이딩만",,,,,,,,,,,,,,,,,47.9,강한 매집 — 세력 유입,100,35.33,81.43,0.933,33182517900.0,129458213400.0,krx,0,81.4,66.3,0,-60.3,-28.4,35.3,False,6,0.88,0,혼조,,,,neutral,40,,,,,,,,,,,,,,,,980,1597,1.63,outflow,-212897.0,-450048.0,8,45,,332,1295,-195,-132,0,0.88,-2.6,3.32,전자부품 제조업,0.53,-0.21,623.0,35.3,0,-28.43,-55.13,-18.57,0.0,0.97,0.78,-7.0,61.95,133377,메가(10조+),KOSPI,True,,2026-06-26,5,True,matured,47,-11.1,,,,1.51,10.82,-11.1,,,10.82,3,-19.78,-11.1,5,0.0,-3.56,5,-11.1,-14.51,3.41,-11.1,-11.1,-11.1,,,,True,False,64900.0,635036,843016,853415,1.41,1.0,-65,-69,130,1.78,-0.41,,-14.32,3.41,1,['대주주/대량보유'],['임원ㆍ주요주주특정증권등소유상황보고서'],False
034730_2026-07-01_short_h5,034730_2026-07-01_short,9,2026-07-01,short,034730,SK,숏,단기,5,0.55,834000.0,False,,ok,"force -46.8·RSI 75.4 과열·overheat 40 + 강한 분산(외국인 -2090억), 20일선 +21%/60일선 +54% 이격 과대. 종가 90만 상향 시 청산",,,,,,,,,,,,,,,,,-46.8,강한 분산 — 떠넘기기 의심,-100,75.45,121.3,1.128,-209008015500.0,-107658433000.0,krx,40,121.3,154.5,1,-5.5,26.9,75.4,False,38,0.04,0,,,,,neutral,40,,,,,,,,,,,,,,,,980,1597,1.63,outflow,-212897.0,-450048.0,8,45,,-2090,-1077,1749,316,7,0.04,,3.32,기타 금융업,-0.74,0.11,2828.5,75.4,1,26.94,-2.8,21.3,51.0,0.97,0.78,-7.0,61.95,442992,메가(10조+),KOSPI,True,,2026-06-26,5,True,matured,47,-28.54,,,,-18.11,-20.02,-28.54,,,-17.27,2,-13.62,-28.54,5,0.0,-24.94,1,-18.11,-14.51,-14.03,-18.11,-18.11,-18.11,,,,False,True,596000.0,408059,342433,339151,1.01,0.86,188,-123,-123,0.96,-12.23,,-14.32,-14.03,0,[],[],False
012450_2026-07-01_short_h5,012450_2026-07-01_short,10,2026-07-01,short,012450,한화에어로스페이스,숏,단기,5,0.5,995000.0,False,,ok,"force -44.6·OBV -90.6, 방산 대형주 차익실현 국면(우주항공·방산 ETF 급락). 종가 108만(20일선) 회복 시 청산",,,,,,,,,,,,,,,,,-44.6,강한 분산 — 떠넘기기 의심,-100,46.55,92.47,0.685,-19519279500.0,58078643000.0,krx,0,92.5,78.2,0,-39.9,-12.6,46.6,False,29,0.02,0,증가,,,,neutral,40,,,,,,,,,,,,,,,,980,1597,1.63,outflow,-212897.0,-450048.0,8,45,,-195,581,100,87,0,0.02,22.2,3.32,"항공기,우주선 및 부품 제조업",-0.08,0.03,2501.0,46.6,0,-12.57,-35.26,-7.53,0.0,0.97,0.78,-7.0,61.95,535744,메가(10조+),KOSPI,True,,2026-06-26,5,True,matured,47,4.62,,,,12.16,16.48,4.62,,,18.09,2,-11.4,4.62,5,0.0,12.76,,,-14.51,19.13,4.62,12.16,12.0,,,,True,False,1041000.0,191691,248511,251352,1.04,0.71,-244,1678,-1368,2.51,1.71,,-14.32,19.13,0,[],[],False
010140_2026-07-01_short_h5,010140_2026-07-01_short,1,2026-07-01,short,010140,삼성중공업,숏,단기,5,0.5,23300.0,False,,ok,"force -45.9·OBV -100, 조선 빌더 수주 모멘텀 둔화·분배. 종가 2.63만(20일선) 회복 시 청산",,,,,,,,,,,,,,,,,-45.9,강한 분산 — 떠넘기기 의심,-99.7,40.75,88.83,0.734,-2016981725.0,-307770107650.0,krx,0,88.8,81.1,0,-34.1,-15.4,40.8,False,6,0.74,0,혼조,,,,neutral,40,,,,,,,,,,,,,,,,980,1597,1.63,outflow,-212897.0,-450048.0,8,45,,-20,-3078,-50,51,2,0.74,1.0,3.32,선박 및 보트 건조업,-0.02,0.04,1254.9,40.8,0,-15.43,-32.27,-11.17,0.0,0.97,0.78,-7.0,61.95,188320,메가(10조+),KOSPI,True,,2026-06-26,5,True,matured,47,-9.23,,,,-1.5,1.72,-9.23,,,1.72,3,-10.76,-9.23,5,0.0,-3.65,5,-9.23,-14.51,5.28,-9.23,-9.23,-9.23,,,,False,True,21150.0,3891175,5314735,5385914,0.71,1.04,-270,138,150,1.93,0.43,,-14.32,5.28,13,['대주주/대량보유'],"['임원ㆍ주요주주특정증권등소유상황보고서', '임원ㆍ주요주주특정증권등소유상황보고서', '임원ㆍ주요주주특정증권등소유상황보고서']",False
012450_2026-07-02_pick_h5,012450_2026-07-02_pick,11,2026-07-02,pick,012450,한화에어로스페이스,장전선취매,단기,5,0.58,1091000.0,False,부분,ok,"빅4 2분기 영업익 1.5조·백로그 39.7조·이달 미 5조 자주포 결정, 방산 로테이션 대장(entry=07-01 종가)",,,,,,,,,,,,,,,,,48.0,강한 매집 — 세력 유입,100,56.41,101.29,0.763,-24534227000.0,29413233000.0,naver,0,101.3,86.1,1,-34.1,2.0,56.4,False,29,,,,,,,neutral,46,,,,,,,,,,,,,,,,,,,,,,,0,,-243,316,455,-204,1,0.02,22.2,-1.98,"항공기,우주선 및 부품 제조업",-0.09,-0.08,2649.6,56.4,1,1.96,-29.02,1.29,4.6,-2.04,-1.09,-8.9,54.42,535744,메가(10조+),KOSPI,True,,,,True,matured,46,-12.65,,,,7.7,2.84,-12.65,,,7.7,1,-18.89,-12.65,5,0.0,-4.58,5,-12.65,-12.18,-0.47,-12.65,-12.65,-12.65,,,,True,False,953000.0,355677,248233,242861,1.04,1.11,-73,767,-646,2.47,0.46,,-14.56,-0.47,0,[],[],False
015760_2026-07-02_pick_h20,015760_2026-07-02_pick,8,2026-07-02,pick,015760,한국전력,장투가능,중기,20,0.55,37000.0,False,미반영,ok,"해외수주 10.9조·AI 전력망 송배전 수요·영업이익률 +4.8pp 개선, grade A 턴어라운드(entry=06-30 종가 기준)",,,,,,,,,,,,,,,,,50.7,강한 매집 — 세력 유입,100,54.36,99.27,0.551,-28004063600.0,-29270061400.0,naver,0,99.3,92.1,1,-45.9,-0.4,54.4,False,6,,,,,,,neutral,46,,,,,,,,,,,,,,,,,,,,,,,0,,-274,-292,439,-179,3,0.27,-13.2,-1.98,전기업,-0.28,-0.18,990.8,54.4,1,-0.4,-44.62,-0.73,2.5,-2.04,-1.09,-8.9,54.42,210243,메가(10조+),KOSPI,True,,,,True,matured,46,-5.95,,,,3.38,3.24,-4.86,-7.97,-5.95,5.81,2,-15.71,-10.81,11,9.7,-0.68,11,-10.81,-20.57,14.62,-8.24,-8.24,-8.24,,,,False,False,34800.0,2653423,2676636,2677796,0.57,0.6,530,198,-786,0.95,-1.35,,-22.55,14.62,0,[],[],False
207940_2026-07-02_pick_h20,207940_2026-07-02_pick,9,2026-07-02,pick,207940,삼성바이오로직스,장투가능,중기,20,0.55,1396000.0,False,부분,ok,"CDMO 조단위 수주·영업이익률 45%·환율 수혜 수출주, 방어+성장(entry=07-01 종가)",,,,,,,,,,,,,,,,,52.4,강한 매집 — 세력 유입,100,58.81,103.93,0.596,58253319000.0,187270201000.0,naver,0,103.9,97.2,1,-29.7,2.1,58.8,False,29,,,,,,,neutral,46,,,,,,,,,,,,,,,,,,,,,,,0,,581,1864,-151,-446,1,0.33,26.8,-1.98,기초 의약물질 제조업,0.63,-0.49,918.8,58.8,1,2.12,-28.96,3.93,7.1,-2.04,-1.09,-8.9,54.42,678625,메가(10조+),KOSPI,True,,,,True,matured,46,6.38,,,,1.79,1.86,-5.09,0.0,6.38,10.96,17,-4.52,-5.09,5,16.91,-2.36,,,-20.57,26.95,6.38,6.38,6.38,,,,False,True,1485000.0,65143,65788,65820,2.37,0.78,313,3519,-3640,0.07,-3.08,,-22.55,26.95,1,['대주주/대량보유'],['주식등의대량보유상황보고서(약식)'],False
068270_2026-07-02_pick_h20,068270_2026-07-02_pick,12,2026-07-02,pick,068270,셀트리온,장투가능,중기,20,0.52,173300.0,False,미반영,ok,"바이오시밀러 상업화·매출 +17%·영업이익률 +14pp 개선, grade A(entry=06-30 종가 기준)",,,,,,,,,,,,,,,,,44.3,강한 매집 — 세력 유입,100,56.51,102.06,0.743,-26573567700.0,55995674700.0,naver,0,102.1,95.8,1,-27.1,-2.6,56.5,False,19,,,,,,,neutral,46,,,,,,,,,,,,,,,,,,,,,,,0,,-267,555,466,-677,4,0.12,-17.4,-1.98,기초 의약물질 제조업,-0.25,-0.63,1080.6,56.5,1,-2.57,-26.33,2.06,4.0,-2.04,-1.09,-8.9,54.42,433366,메가(10조+),KOSPI,True,,,,True,matured,46,7.73,,,,5.94,2.83,-0.12,1.44,7.73,9.64,19,-1.74,-1.85,13,11.7,2.02,,,-20.57,28.3,7.73,7.73,7.73,,,,False,True,186700.0,712765,627781,623532,2.78,0.6,139,3708,-4345,0.75,-2.48,,-22.55,28.3,66,['대주주/대량보유'],"['주식등의대량보유상황보고서(약식)', '임원ㆍ주요주주특정증권등소유상황보고서', '임원ㆍ주요주주특정증권등소유상황보고서']",False
034020_2026-07-02_pick_h20,034020_2026-07-02_pick,10,2026-07-02,pick,034020,두산에너빌리티,단기스윙,중기,20,0.5,88500.0,False,부분,ok,"AI 전력난·SMR·가스터빈 북미 진출·백로그 14.7조, 단 마진 얇아 강도 하향(entry=07-01 종가)",,,,,,,,,,,,,,,,,26.6,매집 우위,62.0,49.9,95.38,0.642,17290464000.0,-275534635700.0,naver,0,95.4,83.3,1,-36.4,-11.5,49.9,False,0,,,,,,,neutral,46,,,,,,,,,,,,,,,,,,,,,,,0,,159,-2778,-115,-6,2,0.33,315.4,-1.98,일반 목적용 기계 제조업,0.05,-0.0,2892.8,49.9,1,-11.5,-35.12,-4.62,2.5,-2.04,-1.09,-8.9,54.42,563053,메가(10조+),KOSPI,True,,,,True,matured,46,-24.18,,,,-2.6,-7.8,-17.29,-21.24,-24.18,-2.6,1,-30.16,-31.98,19,11.46,-16.38,4,-16.38,-20.57,-3.61,-16.38,-16.38,-16.38,,,,False,False,67100.0,2538076,3233885,3268675,0.91,0.99,242,750,-902,-1.36,-4.97,,-22.55,-3.61,2,['대주주/대량보유'],"['주식등의대량보유상황보고서(약식)', '주식등의대량보유상황보고서(일반)']",False
272210_2026-07-02_pick_h5,272210_2026-07-02_pick,10,2026-07-02,pick,272210,한화시스템,단기스윙,단기,5,0.5,73000.0,False,미반영,ok,"방산 레이더/시스템·매출 +30.7% 고성장, 52주 고점 대비 -58% 과매도, 마진 얇아 트레이딩 한정(entry=06-30 종가 기준)",,,,,,,,,,,,,,,,,48.6,강한 매집 — 세력 유입,100,40.99,86.88,0.739,20934949800.0,107882959900.0,naver,0,86.9,70.5,1,-58.2,-20.9,41.0,False,6,,,,,,,neutral,46,,,,,,,,,,,,,,,,,,,,,,,0,,208,1077,-108,-94,1,0.88,-2.6,-1.98,전자부품 제조업,0.34,-0.15,610.9,41.0,1,-20.94,-52.67,-13.12,2.5,-2.04,-1.09,-8.9,54.42,133377,메가(10조+),KOSPI,True,,,,True,matured,46,-11.37,,,,3.42,-3.56,-11.37,,,10.82,2,-20.02,-11.37,5,0.0,-11.1,4,-11.1,-12.18,0.81,-11.1,-11.1,-11.1,,,,True,False,64700.0,583029,824793,836881,1.45,1.26,83,-165,76,6.85,-0.96,,-14.56,0.81,1,['대주주/대량보유'],['임원ㆍ주요주주특정증권등소유상황보고서'],False
145020_2026-07-02_pick_h20,145020_2026-07-02_pick,9,2026-07-02,pick,145020,휴젤,장투가능,중기,20,0.5,264000.0,False,부분,ok,"보톡스/에스테틱 수출·영업이익률 47%·GPM 78%·FCF 3년+, 단기 상승분 부분반영(entry=06-30 종가 기준)",,,,,,,,,,,,,,,,,38.6,매집 우위,79.4,60.58,109.59,1.434,-742010500.0,11251558000.0,naver,0,109.6,106.5,1,-30.0,13.0,60.6,False,18,,,,,,,neutral,46,,,,,,,,,,,,,,,,,,,,,,,0,,-7,113,86,-78,0,0.05,-64.5,-1.98,우량기업부,-0.05,-0.51,153.2,60.6,1,12.96,-29.25,9.59,13.0,-2.04,-1.09,-8.9,54.42,30412,대형(1조+),KOSDAQ,True,,,,True,matured,46,-11.93,,,,-3.41,-6.06,-10.61,-9.28,-11.93,-3.41,1,-13.14,-16.1,13,9.71,-9.28,4,-9.28,-20.57,8.64,-9.28,-9.28,-9.28,,,,False,False,232500.0,59205,58084,58028,0.8,0.92,-80,19,56,3.79,1.33,,-22.55,10.62,5,"['대주주/대량보유', '전환청구(출회)']","['주식등의대량보유상황보고서(일반)', '전환청구권행사', '[기재정정]주식등의대량보유상황보고서(일반)']",False
009150_2026-07-02_short_h5,009150_2026-07-02_short,10,2026-07-02,short,009150,삼성전기,숏,단기,5,0.5,2184000.0,False,,ok,"반도체/MLCC 밸류체인, 52주 고점 -8.8%·20일 +21.6%로 미조정 확장·RSI 66 과열, SOX -6.27% 후행 조정 여지(entry=06-30 종가 기준)",,,,,,,,,,,,,,,,,50.8,강한 매집 — 세력 유입,100,66.21,111.42,0.754,623227594000.0,2522425156000.0,naver,15,111.4,169.7,3,-8.8,21.6,66.2,False,,,,,,,,neutral,46,,,,,,,,,,,,,,,,,,,,,,,0,,6369,24916,4090,-10086,0,0.24,-36.7,-1.98,전자부품 제조업,0.23,-0.37,27605.0,66.2,3,21.62,-2.86,11.42,44.7,-2.04,-1.09,-8.9,54.42,1086046,메가(10조+),KOSPI,True,,,,True,matured,46,-31.64,,,,-8.93,-24.54,-31.64,,,-8.93,1,-25.64,-32.28,4,0.95,-32.28,2,-16.3,-12.18,-19.46,-8.93,-8.93,-8.93,,,,False,True,1493000.0,917276,1247458,1263967,0.95,0.97,920,-7545,6711,-4.72,-12.82,,-14.56,-19.46,0,[],[],False
207940_2026-07-03_pick_h20,207940_2026-07-03_pick,10,2026-07-03,pick,207940,삼성바이오로직스,장투가능,중기,20,0.55,1406000.0,False,부분,ok,"제약바이오 RS1위 주도·CDMO 구조성장·외국인 밸류업 매수, OPM 45%·FCF 흑자(grade A)",,,,,,,,,,,,,,,,,53.7,강한 매집 — 세력 유입,100,58.88,104.46,0.978,51430255500.0,194819404000.0,krx,0,104.5,98.0,2,-29.2,4.1,58.9,False,29,0.36,0,증가,,,,risk-off,24,,,,,,,,,,,,,,,,598,1971,3.3,outflow,-218199.6,-383542.3,10,60,,514,1948,122,-582,0,0.36,42.0,-14.36,기초 의약물질 제조업,0.56,-0.63,922.4,58.9,2,4.15,-28.45,4.46,10.5,-7.89,-9.77,-16.09,40.32,678625,메가(10조+),KOSPI,True,,2026-06-30,3,True,matured,45,1.21,,,,-0.07,-3.06,-0.78,-4.34,1.21,10.17,16,-8.13,-5.76,4,16.91,-5.76,,,-18.18,19.39,1.21,1.21,1.21,,,,True,True,1423000.0,54162,65057,65602,2.39,0.79,175,3144,-3200,2.28,-0.36,,-14.93,19.39,2,['대주주/대량보유'],"['임원ㆍ주요주주특정증권등소유상황보고서', '주식등의대량보유상황보고서(약식)']",False
068270_2026-07-03_pick_h20,068270_2026-07-03_pick,13,2026-07-03,pick,068270,셀트리온,장투가능,중기,20,0.55,179500.0,False,부분,ok,"바이오시밀러 확대·외국인 매수, 매출 +17%·OPM +14.3pp 개선·FCF 흑자(grade A)",,,,,,,,,,,,,,,,,48.4,강한 매집 — 세력 유입,100,53.05,103.29,1.143,-39740391750.0,71453379700.0,krx,0,103.3,97.0,2,-26.2,0.1,53.1,False,19,0.15,0,증가,,,,risk-off,24,,,,,,,,,,,,,,,,598,1971,3.3,outflow,-218199.6,-383542.3,10,60,,-397,715,834,-885,5,0.15,18.6,-14.36,기초 의약물질 제조업,-0.35,-0.78,1131.0,53.1,2,0.06,-25.44,3.29,5.0,-7.89,-9.77,-16.09,40.32,433366,메가(10조+),KOSPI,True,,2026-06-30,3,True,matured,45,1.5,,,,-2.01,-1.5,-2.4,-3.84,1.5,5.85,18,-4.11,-5.24,12,11.7,-3.57,,,-18.18,19.68,1.5,1.5,1.5,,,,False,True,182200.0,853838,640749,630094,2.73,0.59,147,3174,-3704,2.34,-0.5,,-14.93,19.68,65,['대주주/대량보유'],"['주식등의대량보유상황보고서(약식)', '임원ㆍ주요주주특정증권등소유상황보고서', '임원ㆍ주요주주특정증권등소유상황보고서']",False
000270_2026-07-03_pick_h5,000270_2026-07-03_pick,6,2026-07-03,pick,000270,기아,단기스윙,단기,5,0.5,145000.0,False,미반영,ok,"RSI31 과매도·대미 관세 15% 고정 시 4조 절감 기대·증권사 9곳 매수, FCF 흑자",,,,,,,,,,,,,,,,,48.8,강한 매집 — 세력 유입,100,31.25,95.38,1.023,21132817050.0,228593114500.0,krx,0,95.4,92.2,2,-31.7,-11.6,31.2,False,6,0.01,0,감소,,,,risk-off,24,,,,,,,,,,,,,,,,598,1971,3.3,outflow,-218199.6,-383542.3,10,60,,211,2286,299,-513,0,0.01,-66.2,-14.36,자동차용 엔진 및 자동차 제조업,0.11,-0.28,1856.0,31.2,2,-11.63,-29.51,-4.62,5.0,-7.89,-9.77,-16.09,40.32,501290,메가(10조+),KOSPI,True,,2026-06-30,3,True,matured,45,1.72,,,,10.83,8.14,1.72,,,10.83,1,-9.89,-0.14,4,1.86,-0.14,,,-2.25,3.97,1.72,1.72,1.72,,,,True,True,147500.0,1078769,1270406,1279988,1.27,1.07,298,1334,-1561,1.24,-0.83,,-3.38,3.97,1,['대주주/대량보유'],['주식등의대량보유상황보고서(일반)'],False
035420_2026-07-03_pick_h5,035420_2026-07-03_pick,7,2026-07-03,pick,035420,NAVER,단기스윙,단기,5,0.5,200000.0,False,미반영,ok,"RSI18 극과매도·52주고 대비 -30% 소외·하반기 AI 수익화, 기관 매집(연금 매도 상쇄)",,,,,,,,,,,,,,,,,48.4,강한 매집 — 세력 유입,100,17.7,88.69,0.438,38409716550.0,206426013100.0,krx,0,88.7,92.2,1,-34.2,-25.3,17.7,False,26,0.75,0,감소,,,,risk-off,24,,,,,,,,,,,,,,,,598,1971,3.3,outflow,-218199.6,-383542.3,10,60,,384,2064,278,-680,0,0.75,-12.8,-14.36,"자료처리, 호스팅, 포털 및 기타 인터넷 정보매개 서비스업",0.08,-0.13,5087.6,17.7,1,-25.27,-31.19,-11.31,2.5,-7.89,-9.77,-16.09,40.32,331527,메가(10조+),KOSPI,True,,2026-06-30,3,True,matured,45,-4.35,,,,-1.7,-3.65,-4.35,,,-1.4,2,-6.49,-7.8,4,3.74,-7.8,,,-2.25,-2.1,-4.35,-4.35,-4.35,,,,False,False,191300.0,1111357,2475581,2543792,0.44,0.49,688,-269,-443,-0.05,-4.15,,-3.38,-2.1,11,['대주주/대량보유'],"['임원ㆍ주요주주특정증권등소유상황보고서', '임원ㆍ주요주주특정증권등소유상황보고서', '임원ㆍ주요주주특정증권등소유상황보고서']",False
015760_2026-07-03_pick_h20,015760_2026-07-03_pick,9,2026-07-03,pick,015760,한국전력,장투가능,중기,20,0.5,38150.0,False,부분,ok,"원전·전력인프라 테마·실적 턴어라운드(OPM +4.8pp)·저가 방어주, grade A",,,,,,,,,,,,,,,,,52.3,강한 매집 — 세력 유입,100,51.37,100.79,0.991,-44788149050.0,-53860467000.0,krx,0,100.8,93.5,2,-45.1,-1.4,51.4,False,6,0.27,0,혼조,,,,risk-off,24,,,,,,,,,,,,,,,,598,1971,3.3,outflow,-218199.6,-383542.3,10,60,,-448,-539,702,-256,4,0.27,-7.7,-14.36,전기업,-0.43,-0.25,1030.4,51.4,2,-1.42,-43.81,0.79,5.0,-7.89,-9.77,-16.09,40.32,210243,메가(10조+),KOSPI,True,,2026-06-30,3,True,matured,45,-9.57,,,,2.62,-3.67,-5.11,-13.5,-9.57,2.62,1,-15.71,-13.5,10,9.7,-7.73,6,-10.22,-18.18,8.61,-10.22,-10.22,-10.22,,,,False,False,34500.0,1514048,2644321,2700835,0.58,0.6,782,-274,-573,1.57,-2.88,,-14.93,8.61,0,[],[],False
012450_2026-07-03_pick_h5,012450_2026-07-03_pick,12,2026-07-03,pick,012450,한화에어로스페이스,단기스윙,단기,5,0.45,1116000.0,False,강함,ok,K-방산 수주·US이란 무기수요·force +56 최상위매집이나 7/1 +8.94% 급등·고밸류로 선반영,,,,,,,,,,,,,,,,,56.0,강한 매집 — 세력 유입,100,53.38,103.38,1.465,-64924617000.0,372512000.0,krx,0,103.4,88.5,2,-32.6,4.5,53.4,False,4,0.01,0,증가,,,,risk-off,24,,,,,,,,,,,,,,,,598,1971,3.3,outflow,-218199.6,-383542.3,10,60,,-649,4,1417,-747,2,0.01,71.7,-14.36,"항공기,우주선 및 부품 제조업",-0.24,-0.28,2712.4,53.4,2,4.49,-27.39,3.38,6.7,-7.89,-9.77,-16.09,40.32,535744,메가(10조+),KOSPI,True,,2026-06-30,3,True,matured,45,-13.35,,,,3.85,-6.72,-13.35,,,3.85,1,-17.77,-14.61,4,1.47,-14.61,4,-14.61,-2.25,-11.1,-14.61,-14.61,-14.61,,,,False,False,967000.0,259176,243814,243046,0.58,1.13,624,-369,-227,5.29,-0.45,,-3.38,-11.1,0,[],[],False
055550_2026-07-03_pick_h20,055550_2026-07-03_pick,10,2026-07-03,pick,055550,신한지주,장투가능,중기,20,0.5,102000.0,False,부분,ok,"밸류업 대표주·외국인 매수·고배당 방어·금리상승 수혜, 단 7/2 +6% 급등으로 눌림목 대기",,,,,,,,,,,,,,,,,49.1,강한 매집 — 세력 유입,100,53.76,102.95,1.105,-70937669550.0,6018209550.0,krx,0,103.0,104.5,2,-7.8,2.1,53.8,False,4,0.06,0,증가,,,,risk-off,24,,,,,,,,,,,,,,,,598,1971,3.3,outflow,-218199.6,-383542.3,10,60,,-709,60,1142,-439,7,0.06,263.9,-14.36,기타 금융업,-0.42,-0.26,1687.2,53.8,2,2.1,-4.93,2.95,18.5,-7.89,-9.77,-16.09,40.32,534704,메가(10조+),KOSPI,True,,2026-06-30,3,True,matured,45,0.69,,,,5.59,5.2,7.06,-0.2,0.69,7.06,5,-9.98,-3.63,17,4.48,2.94,,,-18.18,18.87,0.69,0.69,0.69,,,,True,True,102700.0,2736622,1705650,1654101,0.94,0.81,-209,1379,-648,1.96,1.08,,-14.93,18.87,0,[],[],False
145020_2026-07-03_pick_h20,145020_2026-07-03_pick,10,2026-07-03,pick,145020,휴젤,장투가능,중기,20,0.5,270000.0,False,부분,ok,톡신·필러 수출·미용의료 방어성장·최고마진(OPM 47%·GPM 78%)·FCF 흑자(grade A),,,,,,,,,,,,,,,,,43.6,강한 매집 — 세력 유입,91.1,59.07,107.4,1.02,-1585248250.0,9111889000.0,krx,15,107.4,104.6,0,-31.1,7.4,59.1,True,18,0.05,0,감소,,,,risk-off,24,,,,,,,,,,,,,,,,598,1971,3.3,outflow,-218199.6,-383542.3,10,60,,-16,91,107,-89,1,0.05,-62.8,-14.36,우량기업부,-0.1,-0.57,155.3,59.1,0,7.36,-30.41,7.4,6.9,-7.89,-9.77,-16.09,40.32,30412,대형(1조+),KOSDAQ,True,,2026-06-30,3,True,matured,45,-11.48,,,,-9.07,-11.3,-10.93,-14.81,-11.48,-8.15,2,-10.69,-17.96,12,9.71,-12.59,1,-9.07,-18.18,6.7,-9.07,-9.07,-9.07,,,,False,False,239000.0,46720,57003,57517,1.17,0.94,-60,2,52,2.04,-7.04,,-14.93,3.45,2,"['대주주/대량보유', '전환청구(출회)']","['주식등의대량보유상황보고서(일반)', '전환청구권행사']",False
112040_2026-07-03_short_h5,112040_2026-07-03_short,2,2026-07-03,short,112040,위메이드,숏,단기,5,0.5,22100.0,False,,ok,"force -46 강한분산·Q1 적자전환·매출 -13.7%·자회사 자본잠식. 7/1 +29.85% 투기적 급등 후 반전, 게임 테마 재점화 시 손절",,,,,,,,,,,,,,,,,-46.0,강한 분산 — 떠넘기기 의심,-50.1,61.97,124.65,12.139,-3514418355.0,-2178794865.0,krx,40,124.7,109.0,0,-49.2,14.6,62.0,True,18,3.17,15,혼조,,,,risk-off,24,,,,,,,,,,,,,,,,598,1971,3.3,outflow,-218199.6,-383542.3,10,60,,-35,-22,15,19,2,3.17,-3.5,-14.36,중견기업부,-0.63,0.34,55.9,62.0,0,14.57,-48.6,24.65,12.5,-7.89,-9.77,-16.09,40.32,5160,중형(3천억+),KOSDAQ,True,,2026-06-30,3,True,matured,45,-14.8,,,,-10.41,-20.77,-14.8,,,-10.41,1,-11.57,-20.77,3,7.54,-16.83,1,-10.41,-2.25,-12.55,-10.41,-10.41,-10.41,,,,False,True,18830.0,565455,268003,253131,1.59,0.82,-5,20,-14,-5.66,-15.29,,-3.38,-11.42,3,['대주주/대량보유'],"['주식등의대량보유상황보고서(일반)', '주식등의대량보유상황보고서(일반)', '주식등의대량보유상황보고서(일반)']",False
064350_2026-07-06_pick_h5,064350_2026-07-06_pick,9,2026-07-06,pick,064350,현대로템,단기스윙,단기,5,0.5,195700.0,False,부분,ok,"NATO 정상회의(7/7-8) 방산포럼 촉매 + force +51.2 강한매집 + 당일 -2.4% 눌림, FCF 3년 연속 흑자",,,,,,,,,,,,10.0,-6.0,-5.0,7.0,7.0,51.2,강한 매집 — 세력 유입,100,37.15,99.57,0.875,20385523900.0,232315415100.0,naver,0,99.6,93.1,0,-30.6,11.8,37.1,False,6,,,,,,,neutral,51,,,,,,,,,,,,,,,,,,,,,,,0,-7.98,47,2155,421,-497,0,0.04,-3.9,-3.84,그외 기타 운송장비 제조업,0.04,-0.44,1131.1,45.1,3,4.75,-25.46,2.55,9.3,5.76,-2.59,-11.26,47.2,138829,메가(10조+),KOSPI,False,"disclosures.json,flow_data.json,force_scores.json,market_context.json,overheat.json,short.json",,,True,matured,44,-13.13,,,,-4.75,-17.94,-13.13,,,-4.75,1,-13.84,-17.94,3,11.39,-8.58,2,-13.59,-15.84,2.71,-13.59,-13.59,-13.59,-13.59,-13.59,2,False,False,170000.0,509298,574717,577988,1.33,1.0,1492,-1466,-38,2.45,-1.12,,-7.95,2.71,0,[],[],False
000270_2026-07-06_pick_h5,000270_2026-07-06_pick,7,2026-07-06,pick,000270,기아,단기스윙,단기,5,0.5,152000.0,False,미반영,ok,환율 1530원 수출 마진 순풍 + 외인·기관 동반 순매수 force +64(풀 최고) + RSI 43 과열 아님 (기준일 종가),,,,,,,,,,,,8.0,-5.0,-5.0,7.0,7.0,64.0,강한 매집 — 세력 유입,100,43.19,105.55,1.258,94170691700.0,297437802100.0,naver,0,105.6,102.0,4,-24.4,6.1,43.2,False,6,,,,,,,neutral,51,,,,,,,,,,,,,,,,,,,,,,,0,-7.98,274,2488,569,-849,0,0.01,-66.2,-3.84,자동차용 엔진 및 자동차 제조업,0.14,-0.44,1945.7,37.8,3,-5.65,-26.21,0.14,7.5,5.76,-2.59,-11.26,47.2,501290,메가(10조+),KOSPI,False,"disclosures.json,flow_data.json,force_scores.json,market_context.json,overheat.json,short.json",,,True,matured,44,-5.59,,,,1.12,-4.74,-5.59,,,3.16,2,-8.48,-5.59,5,0.0,-2.96,,,-15.84,10.25,-5.59,-5.59,-5.59,-5.59,-5.59,5,False,False,143500.0,1610920,1295803,1280047,1.37,0.69,-108,1399,-1213,0.66,-1.05,,-7.95,10.25,1,['대주주/대량보유'],['주식등의대량보유상황보고서(일반)'],False
005930_2026-07-06_pick_h1,005930_2026-07-06_pick,9,2026-07-06,pick,005930,삼성전자,단기스윙,임박,1,0.45,318000.0,False,부분,ok,"7/7 잠정실적 컨센 85조·증권사 90조+ 상향 러시, 7/2 -9% 조정으로 과열 해소. force 음수(외인 매도)는 실적 이벤트 주도주로 override — 충당금 미스 리스크로 소액 분할",,,,,,,,,,,,8.0,-6.0,-5.0,7.0,5.0,-32.2,분산 우위 — 경계,-100,44.94,96.72,0.743,-4436417598500.0,-14191325433000.0,naver,0,96.7,112.1,2,-15.1,7.6,44.9,False,14,,,,,,,neutral,51,,,,,,,,,,,,,,,,,,,,,,,0,-7.98,-76668,-138838,18150,56603,11,0.0,,-3.84,통신 및 방송 장비 제조업,-0.75,0.56,101939.8,44.4,1,-5.93,-14.62,-5.55,2.5,5.76,-2.59,-11.26,47.2,15784952,메가(10조+),KOSPI,False,"disclosures.json,flow_data.json,force_scores.json,market_context.json,overheat.json,short.json",,,True,matured,44,-6.92,,,,-6.92,,,,,-6.92,1,0.0,-6.92,1,0.0,,,,-5.34,-1.58,-6.92,-6.92,-6.92,-6.92,-6.92,1,False,False,296000.0,23872879,31666840,32056538,1.02,1.02,-24616,-5417,29196,0.63,-4.72,,-4.28,-1.58,99,['대주주/대량보유'],"['임원ㆍ주요주주특정증권등소유상황보고서', '임원ㆍ주요주주특정증권등소유상황보고서', '임원ㆍ주요주주특정증권등소유상황보고서']",True
055550_2026-07-06_pick_h5,055550_2026-07-06_pick,11,2026-07-06,pick,055550,신한지주,단기스윙,단기,5,0.4,107300.0,False,부분,ok,밸류업 고배당·저PBR 로테이션 + 기관 매집 force +60.8. 단 3일 연속 급등·52주고 -2.8%로 F2 게이트 — 눌림 대기 분할 (기준일 종가),,,,,,,,,,,,6.0,-5.0,-4.0,5.0,5.0,60.8,강한 매집 — 세력 유입,100,51.52,107.93,0.882,-86875922600.0,-29281285300.0,naver,15,107.9,109.5,4,-2.8,10.9,51.5,False,4,,,,,,,neutral,51,,,,,,,,,,,,,,,,,,,,,,,0,-7.98,-804,-405,1554,-749,8,0.06,263.9,-3.84,기타 금융업,-0.47,-0.43,1727.9,52.5,3,-0.19,-0.19,8.1,32.0,5.76,-2.59,-11.26,47.2,534704,메가(10조+),KOSPI,False,"disclosures.json,flow_data.json,force_scores.json,market_context.json,overheat.json,short.json",,,True,matured,44,1.21,,,,1.21,-2.14,1.21,,,1.77,4,-0.55,-2.14,3,4.0,1.77,,,-15.84,17.05,1.21,1.21,1.21,1.21,1.21,,False,True,108600.0,1420236,1601288,1610341,1.0,1.16,-724,1517,-274,0.0,-0.75,,-7.95,17.05,0,[],[],False
012450_2026-07-06_pick_h5,012450_2026-07-06_pick,13,2026-07-06,pick,012450,한화에어로스페이스,단기스윙,단기,5,0.45,1175000.0,False,부분,ok,NATO 국방비 증액 + 기관 5d +1824억 매집. 20일 +15.2% 추격 경고로 눌림 분할 전제 (기준일 종가),,,,,,,,,,,,8.0,-6.0,-5.0,7.0,5.0,59.2,강한 매집 — 세력 유입,100,47.74,105.99,0.571,-65612560000.0,-40433516000.0,naver,0,106.0,92.7,0,-30.0,15.2,47.7,False,4,,,,,,,neutral,51,,,,,,,,,,,,,,,,,,,,,,,0,-7.98,-791,-101,1836,-1023,3,0.01,71.7,-3.84,"항공기,우주선 및 부품 제조업",-0.27,-0.35,2899.2,57.4,3,12.01,-23.55,8.22,14.4,5.76,-2.59,-11.26,47.2,535744,메가(10조+),KOSPI,False,"disclosures.json,flow_data.json,force_scores.json,market_context.json,overheat.json,short.json",,,True,matured,44,-20.34,,,,-4.51,-18.89,-20.34,,,-4.51,1,-16.58,-20.34,5,0.0,-17.7,2,-11.4,-15.84,-4.5,-11.4,-11.4,-11.4,-11.4,-11.4,2,False,False,936000.0,140971,241704,246741,0.76,0.74,765,-760,2,2.55,-4.26,,-7.95,-4.5,1,['대주주/대량보유'],['임원ㆍ주요주주특정증권등소유상황보고서'],False
058470_2026-07-06_pick_h5,058470_2026-07-06_pick,9,2026-07-06,pick,058470,리노공업,단기스윙,단기,5,0.45,78600.0,False,미반영,ok,AI 반도체 테스트 소켓 낙수 + 7/2 -8% washout 후 외인 5d +2596억 순매수 + RSI 23 과매도. force 음수는 naver 수급 노이즈로 판단(외인 순매수와 모순) (기준일 종가),,,,,,,,,,,,10.0,-7.0,-5.0,7.0,4.0,-25.9,분산 우위 — 경계,-100,23.24,84.04,0.354,244413612400.0,797072302600.0,naver,0,84.0,73.1,0,-41.9,-12.0,23.2,False,6,,,,,,,neutral,51,,,,,,,,,,,,,,,,,,,,,,,0,-7.98,2594,6923,-3239,628,0,1.04,-46.5,-3.84,우량기업부,1.73,0.42,1495.4,24.3,1,-16.47,-38.11,-12.31,2.5,5.76,-2.59,-11.26,47.2,52129,대형(1조+),KOSDAQ,False,"disclosures.json,flow_data.json,force_scores.json,market_context.json,overheat.json,short.json",,,True,matured,44,-8.02,,,,-8.52,-10.94,-8.02,,,-6.11,4,-2.03,-11.96,2,6.65,-6.11,2,-11.96,-15.84,7.82,-8.52,-8.52,-8.52,-8.52,-8.52,1,False,False,72300.0,673257,1843998,1902535,0.61,0.53,598,-317,-283,-1.53,-7.38,,-7.95,-0.07,2,['대주주/대량보유'],"['주식등의대량보유상황보고서(약식)', '주식등의대량보유상황보고서(약식)']",False
272210_2026-07-06_pick_h1,272210_2026-07-06_pick,11,2026-07-06,pick,272210,한화시스템,단기스윙,임박,1,0.35,75500.0,False,부분,ok,"캐나다 잠수함 CMS 공급사 — 발표(7/7 새벽 유력) 바이너리 이벤트. 50대50이라 소액 한정, 원칙은 결과 확인 후 진입 (기준일 종가)",,,,,,,,,,,,12.0,-10.0,-6.0,8.0,2.0,-28.5,분산 우위 — 경계,-100,27.35,93.75,1.437,-15050332400.0,61721187400.0,naver,0,93.8,75.9,2,-56.0,-6.5,27.4,False,6,,,,,,,neutral,51,,,,,,,,,,,,,,,,,,,,,,,0,-7.98,18,871,34,-50,0,0.93,4.8,-3.84,전자부품 제조업,0.03,-0.08,626.7,29.2,1,-20.19,-53.6,-12.79,2.5,5.76,-2.59,-11.26,47.2,133377,메가(10조+),KOSPI,False,"disclosures.json,flow_data.json,force_scores.json,market_context.json,overheat.json,short.json",,,True,matured,44,-6.75,,,,-6.75,,,,,-6.75,1,0.0,-6.75,1,0.0,,,,-5.34,-1.41,-6.75,-6.75,-6.75,-6.75,-6.75,,False,False,70400.0,1192810,847295,830019,1.31,1.31,-144,-135,267,2.91,2.12,,-4.28,-1.41,1,['대주주/대량보유'],['임원ㆍ주요주주특정증권등소유상황보고서'],False
035900_2026-07-06_pick_h5,035900_2026-07-06_pick,1,2026-07-06,pick,035900,JYP Ent.,단기스윙,단기,5,0.4,53200.0,False,미반영,ok,force +64 풀 공동 최고 매집 + 기관 순매수 + 7/3 -4.14% 눌림. 코스닥 약세 베타 리스크로 소액 (기준일 종가),,,,,,,,,,,,8.0,-6.0,-5.0,6.0,3.0,57.3,강한 매집 — 세력 유입,83.2,46.46,100.81,0.506,-1399738100.0,20559156100.0,naver,0,100.8,93.1,1,-39.1,7.6,46.5,False,0,,,,,,,neutral,51,,,,,,,,,,,,,,,,,,,,,,,0,-7.98,-2,223,119,-120,2,0.46,1.8,-3.84,우량기업부,-0.02,-1.0,119.8,44.6,0,0.0,-37.41,-0.14,0.0,5.76,-2.59,-11.26,47.2,14035,대형(1조+),KOSDAQ,False,"disclosures.json,flow_data.json,force_scores.json,market_context.json,overheat.json,short.json",,,True,matured,44,-6.67,,,,2.26,-7.05,-6.67,,,2.26,1,-9.1,-7.05,3,2.53,-4.7,,,-15.84,9.17,-6.67,-6.67,-6.67,-7.05,-7.05,3,False,False,49650.0,114010,219874,225167,1.12,1.51,-12,36,-26,-0.94,-1.13,,-7.95,1.28,0,,,
068270_2026-07-06_pick_h20,068270_2026-07-06_pick,14,2026-07-06,pick,068270,셀트리온,장투가능,중기,20,0.6,174500.0,False,미반영,ok,"OPM 28%(+14.3pp)·GPM 59%·FCF 흑자지속 grade A + 반도체 회피 방어 순환매, force +50 매집 (entry 07-01 종가)",,,,,,,,,,,,,,,,,49.5,강한 매집 — 세력 유입,100,50.98,102.02,0.77,-42275123000.0,76124833800.0,naver,0,102.0,96.7,0,-26.5,10.4,51.0,False,19,,,,,,,neutral,51,,,,,,,,,,,,,,,,,,,,,,,0,-7.98,-423,735,1165,-1224,6,0.15,18.6,-3.84,기초 의약물질 제조업,-0.38,-1.09,1121.4,56.7,3,7.12,-22.49,7.0,11.9,5.76,-2.59,-11.26,47.2,433366,메가(10조+),KOSPI,False,"disclosures.json,flow_data.json,force_scores.json,market_context.json,overheat.json,short.json",,,True,matured,44,6.48,,,,2.12,-0.8,0.34,-1.66,6.48,8.88,17,-4.11,-2.52,11,11.7,0.4,,,-21.38,27.86,6.48,6.48,6.48,,,,False,True,185800.0,527031,637126,642631,2.74,0.6,543,2698,-3491,5.1,-0.11,,-10.1,27.86,10,['대주주/대량보유'],"['주식등의대량보유상황보고서(약식)', '임원ㆍ주요주주특정증권등소유상황보고서', '임원ㆍ주요주주특정증권등소유상황보고서']",False
207940_2026-07-06_pick_h20,207940_2026-07-06_pick,11,2026-07-06,pick,207940,삼성바이오로직스,장투가능,중기,20,0.55,1396000.0,False,미반영,ok,"OPM 45%(+16.4pp)·FCF 흑자·부채 48% grade A 고마진 방어주, force +55 매집 (entry 07-01 종가)",,,,,,,,,,,,,,,,,54.7,강한 매집 — 세력 유입,100,55.83,103.45,0.54,22075846000.0,205004120000.0,naver,0,103.4,98.3,0,-29.3,13.0,55.8,False,29,,,,,,,neutral,51,,,,,,,,,,,,,,,,,,,,,,,0,-7.98,534,2085,228,-710,0,0.36,42.0,-3.84,기초 의약물질 제조업,0.58,-0.77,920.3,57.4,3,6.04,-27.68,5.26,12.2,5.76,-2.59,-11.26,47.2,678625,메가(10조+),KOSPI,False,"disclosures.json,flow_data.json,force_scores.json,market_context.json,overheat.json,short.json",,,True,matured,44,5.73,,,,1.86,-5.09,0.29,-0.07,5.73,10.96,15,-8.13,-5.09,3,16.91,-0.07,,,-21.38,27.11,5.73,5.73,5.73,,,,True,True,1476000.0,35577,64480,65925,2.41,0.8,395,2937,-3211,1.79,-1.65,,-10.1,27.11,2,['대주주/대량보유'],"['임원ㆍ주요주주특정증권등소유상황보고서', '주식등의대량보유상황보고서(약식)']",False
035420_2026-07-06_pick_h5,035420_2026-07-06_pick,8,2026-07-06,pick,035420,NAVER,단기스윙,단기,5,0.5,197400.0,False,미반영,ok,"RSI 16.8 극과매도 + OPM 18%·FCF 흑자 플랫폼, force +45 매집 반등 기대 (entry 07-01 종가)",,,,,,,,,,,,,,,,,-19.8,분산 우위 — 경계,-63.9,17.94,90.07,0.281,20494294700.0,133077718200.0,naver,0,90.1,90.7,1,-35.3,-29.5,17.9,False,26,,,,,,,neutral,51,,,,,,,,,,,,,,,,,,,,,,,0,-7.98,318,2343,-98,-230,1,0.75,-12.8,-3.84,"자료처리, 호스팅, 포털 및 기타 인터넷 정보매개 서비스업",0.07,-0.05,4820.9,15.7,0,-23.37,-32.6,-11.96,0.0,5.76,-2.59,-11.26,47.2,331527,메가(10조+),KOSPI,False,"disclosures.json,flow_data.json,force_scores.json,market_context.json,overheat.json,short.json",,,True,matured,44,-4.76,,,,-0.1,-6.59,-4.76,,,-0.1,1,-6.49,-6.59,3,3.74,-3.09,,,-15.84,11.08,-4.76,-4.76,-4.76,,,,False,False,188000.0,686793,2358608,2442199,0.46,0.51,873,-30,-850,-0.41,-1.72,,-7.95,11.08,11,['대주주/대량보유'],"['임원ㆍ주요주주특정증권등소유상황보고서', '임원ㆍ주요주주특정증권등소유상황보고서', '임원ㆍ주요주주특정증권등소유상황보고서']",False
000270_2026-07-06_pick_h20,000270_2026-07-06_pick,8,2026-07-06,pick,000270,기아,장투가능,중기,20,0.5,141500.0,False,부분,ok,"저평가+저가매수 순환매, force +64(최고)·FCF 흑자지속, 단 OPM -3.8pp 마진 둔화 병기 (entry 07-01 종가)",,,,,,,,,,,,,,,,,64.0,강한 매집 — 세력 유입,100,43.19,105.55,1.258,94170691700.0,297437802100.0,naver,0,105.6,102.0,4,-24.4,6.1,43.2,False,6,,,,,,,neutral,51,,,,,,,,,,,,,,,,,,,,,,,0,-7.98,274,2488,569,-849,0,0.01,-66.2,-3.84,자동차용 엔진 및 자동차 제조업,0.15,-0.47,1811.3,37.8,3,-5.65,-26.21,0.14,7.5,5.76,-2.59,-11.26,47.2,501290,메가(10조+),KOSPI,False,"disclosures.json,flow_data.json,force_scores.json,market_context.json,overheat.json,short.json",,,True,matured,44,-8.41,,,,8.62,2.33,1.41,2.19,-8.41,10.81,2,-23.21,-14.91,16,9.55,4.24,15,-13.92,-21.38,12.97,-13.92,-13.92,-13.92,,,,True,False,129600.0,1610920,1295803,1280047,1.37,1.42,1461,43,-1212,8.13,6.29,,-10.1,12.97,1,['대주주/대량보유'],['주식등의대량보유상황보고서(일반)'],False
196170_2026-07-06_short_h5,196170_2026-07-06_short,15,2026-07-06,short,196170,알테오젠,숏,단기,5,0.5,341500.0,False,,ok,"force -44.2 강한 분산(외인 5d -926억) + 3일 연속 하락 + 바이오 수급 이탈. 손절 +8%(스퀴즈 대비 넓게), 외인 매수전환 시 즉시 청산 (기준일 종가)",,,,,,,,,,,,,,,,,-44.2,강한 분산 — 떠넘기기 의심,-100,44.77,94.4,0.493,-85613450000.0,-13272418500.0,naver,0,94.4,92.6,0,-41.8,14.3,44.8,False,6,,,,,,,neutral,51,,,,,,,,,,,,,,,,,,,,,,,0,-7.98,-925,-2,622,293,6,2.13,-4.6,-3.84,우량기업부,-0.5,0.16,1844.4,48.1,0,2.71,-38.91,-2.02,1.0,5.76,-2.59,-11.26,47.2,199214,메가(10조+),KOSDAQ,False,"disclosures.json,flow_data.json,force_scores.json,market_context.json,overheat.json,short.json",,,True,matured,44,-7.32,,,,-1.17,-12.15,-7.32,,,-1.17,1,-11.11,-12.15,3,8.0,-5.12,3,-12.15,-15.84,8.52,-8.2,-8.2,-8.2,,,,False,True,316500.0,266040,527028,540077,0.67,0.92,205,304,-413,-23.17,-26.77,,-7.95,0.63,3,['증자(희석)'],"['[기재정정]주요사항보고서(무상증자결정)', '주권매매거래정지              (무상증자)', '주요사항보고서(무상증자결정)']",False
112040_2026-07-06_short_h5,112040_2026-07-06_short,3,2026-07-06,short,112040,위메이드,숏,단기,5,0.4,19180.0,False,,ok,"급등 +29.85% 후 이틀 -25% 붕괴 + OBV 다이버전스 + overheat 30 + OPM 1.7% 펀더 부재. 손절 +10%, 소액 (기준일 종가)",,,,,,,,,,,,,,,,,-23.1,분산 우위 — 경계,-30.2,54.32,110.62,1.548,-3540575450.0,-248257130.0,naver,30,110.6,97.7,1,-49.8,15.5,54.3,True,18,,,,,,,neutral,51,,,,,,,,,,,,,,,,,,,,,,,0,-7.98,-21,2,14,5,0,3.17,-3.5,-3.84,중견기업부,-0.4,0.09,52.9,52.6,0,4.13,-52.47,7.95,1.5,5.76,-2.59,-11.26,47.2,5160,중형(3천억+),KOSDAQ,False,"disclosures.json,flow_data.json,force_scores.json,market_context.json,overheat.json,short.json",,,True,matured,44,-7.87,,,,-2.66,-4.17,-7.87,,,-1.82,4,-6.16,-8.71,2,7.54,-1.82,,,-15.84,7.97,-8.71,-8.71,-8.71,,,,False,True,17670.0,426752,282863,275668,1.02,0.78,-30,14,16,10.53,0.83,,-7.95,0.08,3,['대주주/대량보유'],"['주식등의대량보유상황보고서(일반)', '주식등의대량보유상황보고서(일반)', '주식등의대량보유상황보고서(일반)']",False
005930_2026-07-06_short_h1,005930_2026-07-06_short,10,2026-07-06,short,005930,삼성전자,숏,임박,1,0.5,311500.0,False,,ok,"07-07 실적 선반영 + 외국인 -7.6조 순매도 + 일회성 충당금 16.3조 optical miss -> sell-the-news (신규매수 자제 우선, 숏 소규모)",,,,,,,,,,,,,,,,,-32.2,분산 우위 — 경계,-100,44.94,96.72,0.743,-4436417598500.0,-14191325433000.0,naver,0,96.7,112.1,2,-15.1,7.6,44.9,False,14,,,,,,,neutral,51,,,,,,,,,,,,,,,,,,,,,,,0,-7.98,-76668,-138838,18150,56603,11,0.0,,-3.84,통신 및 방송 장비 제조업,-0.77,0.57,99856.1,44.4,1,-5.93,-14.62,-5.55,2.5,5.76,-2.59,-11.26,47.2,15784952,메가(10조+),KOSPI,False,"disclosures.json,flow_data.json,force_scores.json,market_context.json,overheat.json,short.json",,,True,matured,44,-4.98,,,,-4.98,,,,,-4.98,1,0.0,-4.98,1,0.0,,,,-5.34,0.36,-4.98,-4.98,-4.98,,,,False,True,296000.0,23872879,31666840,32056538,1.02,1.02,-24616,-5417,29196,2.73,-2.73,,-4.28,0.36,99,['대주주/대량보유'],"['임원ㆍ주요주주특정증권등소유상황보고서', '임원ㆍ주요주주특정증권등소유상황보고서', '임원ㆍ주요주주특정증권등소유상황보고서']",True
000660_2026-07-06_short_h5,000660_2026-07-06_short,11,2026-07-06,short,000660,SK하이닉스,숏,단기,5,0.5,2346000.0,False,,ok,07-10 ADR sell-the-news + 외국인 -8.2조 + 신주 희석·차익거래 + 메모리 사이클/거품 경계,,,,,,,,,,,,,,,,,-23.9,분산 우위 — 경계,-100,49.17,94.49,0.699,-4979540853000.0,-17942097994000.0,naver,0,94.5,122.8,0,-21.6,22.6,49.2,False,66,,,,,,,neutral,51,,,,,,,,,,,,,,,,,,,,,,,0,-7.98,-82516,-183128,1628,77920,11,0.04,2976.6,-3.84,반도체 제조업,-0.59,0.56,140015.3,52.9,1,17.15,-16.92,-1.34,8.9,5.76,-2.59,-11.26,47.2,13024679,메가(10조+),KOSPI,False,"disclosures.json,flow_data.json,force_scores.json,market_context.json,overheat.json,short.json",,,True,matured,44,-21.36,,,,-6.18,-6.82,-21.36,,,-6.18,1,-16.17,-21.36,5,0.0,-7.08,2,-11.51,-15.84,-5.52,-11.51,-11.51,-11.51,,,,False,True,1845000.0,4235360,5885739,5968258,1.08,1.37,-46379,-21219,65081,4.43,-2.3,,-7.95,-5.52,4,"['대주주/대량보유', '증자(희석)']","['임원ㆍ주요주주특정증권등소유상황보고서', '유상증자또는주식관련사채등의발행결과(자율공시)', '[기재정정]주요사항보고서(유상증자결정)']",False
096770_2026-07-06_short_h5,096770_2026-07-06_short,1,2026-07-06,short,096770,SK이노베이션,숏,단기,5,0.5,98000.0,False,,ok,"유가 담합 수사(임원 구속)·과징금 오버행 + WTI 공급과잉 정제마진 압박, force -13.7 (entry 07-01 종가)",,,,,,,,,,,,,,,,,-42.8,강한 분산 — 떠넘기기 의심,-100,35.24,95.93,0.534,5849524800.0,19100623700.0,naver,0,95.9,81.9,2,-37.9,-7.7,35.2,False,18,,,,,,,neutral,51,,,,,,,,,,,,,,,,,,,,,,,0,-7.98,29,119,-56,27,0,0.16,28.5,-3.84,석유 정제품 제조업,0.07,0.06,427.9,33.3,1,-17.32,-36.58,-5.94,2.5,5.76,-2.59,-11.26,47.2,233124,메가(10조+),KOSPI,False,"disclosures.json,flow_data.json,force_scores.json,market_context.json,overheat.json,short.json",,,True,matured,44,12.45,,,,5.92,1.02,12.45,,,12.45,5,0.0,1.02,3,11.31,5.0,,,-15.84,28.29,12.45,12.45,12.0,,,,False,False,110200.0,232969,426940,436639,3.55,0.85,-2,1056,-1029,-2.65,-3.47,,-7.95,28.29,0,[],[],False
000270_2026-07-07_pick_h5,000270_2026-07-07_pick,9,2026-07-07,pick,000270,기아,단기스윙,단기,5,0.45,152000.0,False,부분,ok,"외국인+기관 동반 순매수(외인 +941억·기관 +700억 5일), 반도체->가치주 로테이션 대표 수혜, 급락일에도 기관 바스켓 매수로 하방 방어, RSI 43 여유",,,,,,,,,,,,7.0,-5.0,-5.0,5.0,5.0,64.0,강한 매집 — 세력 유입,100,43.19,105.55,1.258,94170691700.0,297437802100.0,naver,0,105.6,102.0,4,-24.4,6.1,43.2,False,6,,,,,,,neutral,52,,,,,,,,,,,,,,,,,,,,,,,0,-7.98,927,2950,698,-1574,0,0.02,-55.6,-4.09,자동차용 엔진 및 자동차 제조업,0.47,-0.8,1968.9,43.2,4,6.14,-21.99,5.55,12.3,-0.46,5.27,-11.67,39.34,501290,메가(10조+),KOSPI,True,,,,True,matured,43,-8.16,,,,3.16,-2.96,-8.16,,,3.16,1,-10.97,-8.16,5,0.0,-5.59,,,-14.84,6.68,-8.16,-8.16,-8.16,-5.59,-5.59,4,False,False,139600.0,1180558,1289854,1295319,1.38,0.88,-815,1284,-422,3.75,-3.16,,-7.45,6.68,1,['대주주/대량보유'],['주식등의대량보유상황보고서(일반)'],False
207940_2026-07-07_pick_h20,207940_2026-07-07_pick,12,2026-07-07,pick,207940,삼성바이오로직스,장투가능,중기,20,0.42,1421000.0,False,부분,ok,"방어적 바이오 순환매 목적지, 외인 순매수(+220억), grade A 고마진·현금 우량으로 반도체 변동성 회피처, 장기계약 CDMO 물량 견조",,,,,,,,,,,,10.0,-6.0,-6.0,7.0,4.0,54.3,강한 매집 — 세력 유입,100,55.83,103.45,0.54,22075846000.0,205004120000.0,naver,0,103.4,98.3,0,-29.3,13.0,55.8,False,29,,,,,,,neutral,52,,,,,,,,,,,,,,,,,,,,,,,0,-7.98,225,2043,94,-269,1,0.38,56.6,-4.09,기초 의약물질 제조업,0.25,-0.3,906.6,55.8,0,13.03,-28.5,3.45,5.7,-0.46,5.27,-11.67,39.34,678625,메가(10조+),KOSPI,True,,,,True,matured,43,4.93,,,,-4.08,-1.83,-3.73,-3.45,4.93,9.01,14,-8.13,-6.76,2,16.91,-1.48,,,-18.05,22.98,4.93,4.93,4.93,-6.76,-6.76,2,True,True,1491000.0,51193,63197,63797,2.46,0.81,646,2778,-3300,-2.11,-3.17,,-5.61,22.98,2,['대주주/대량보유'],"['임원ㆍ주요주주특정증권등소유상황보고서', '주식등의대량보유상황보고서(약식)']",False
009150_2026-07-07_pick_h5,009150_2026-07-07_pick,11,2026-07-07,pick,009150,삼성전기,단기스윙,단기,5,0.4,1989000.0,False,부분,ok,"반도체 대장주 급등 추격 대신 외인 매집 최상위(+1763억)의 MLCC/기판 AI 수혜 대안, 반도체 온기의 2차 확산",,,,,,,,,,,,8.0,-6.0,-5.0,6.0,3.0,49.5,강한 매집 — 세력 유입,100,41.62,90.98,0.655,176387297000.0,2753260935000.0,naver,0,91.0,133.2,0,-24.4,9.9,41.6,False,6,,,,,,,neutral,52,,,,,,,,,,,,,,,,,,,,,,,0,-7.98,1592,27282,-507,-849,1,0.29,25.1,-4.09,전자부품 제조업,0.07,-0.04,23756.4,41.6,0,9.86,-19.47,-9.02,3.7,-0.46,5.27,-11.67,39.34,1086046,메가(10조+),KOSPI,True,,,,True,matured,43,-36.65,,,,-25.64,-20.36,-36.65,,,-20.36,3,-20.45,-36.65,5,0.0,-35.19,1,-25.64,-14.84,-21.81,-25.64,-25.64,-25.64,-25.64,-25.64,1,False,False,1260000.0,1107652,1190257,1194388,0.74,1.24,5194,-8029,2816,-9.95,-19.46,,-7.45,-21.81,0,[],[],False
012450_2026-07-07_pick_h5,012450_2026-07-07_pick,14,2026-07-07,pick,012450,한화에어로스페이스,장투가능,단기,5,0.38,1175000.0,False,부분,ok,"K-방산 수주잔고 견조(2030 수출 340억달러 전망), 기관 대량 순매수(+1721억), 캐나다 잠수함(한화오션)과 무관한 지상·항공 중심",,,,,,,,,,,,8.0,-6.0,-6.0,6.0,3.0,57.6,강한 매집 — 세력 유입,100,47.74,105.99,0.571,-65612560000.0,-40433516000.0,naver,0,106.0,92.7,0,-30.0,15.2,47.7,False,4,,,,,,,neutral,52,,,,,,,,,,,,,,,,,,,,,,,0,-7.98,-660,-385,1734,-1047,4,0.01,30.8,-4.09,"항공기,우주선 및 부품 제조업",-0.23,-0.37,2850.9,47.7,0,15.21,-24.59,5.99,5.7,-0.46,5.27,-11.67,39.34,535744,메가(10조+),KOSPI,True,,,,True,matured,43,-25.79,,,,-11.4,-17.7,-25.79,,,-11.4,1,-16.23,-25.79,5,0.0,-20.34,1,-11.4,-14.84,-10.95,-11.4,-11.4,-11.4,-11.4,-11.4,1,False,False,872000.0,184231,239847,242628,0.73,1.11,660,-781,116,-2.89,-10.64,,-7.45,-10.95,1,['대주주/대량보유'],['임원ㆍ주요주주특정증권등소유상황보고서'],False
055550_2026-07-07_pick_h5,055550_2026-07-07_pick,12,2026-07-07,pick,055550,신한지주,단기스윙,단기,5,0.38,107300.0,False,부분,ok,"한은 금리 인상 예고 수혜 + 가치주 로테이션 + 급락일 안전판(07-02 +6.02%), 기관 순매수(+1545억)",,,,,,,,,,,,6.0,-5.0,-5.0,4.0,3.0,58.5,강한 매집 — 세력 유입,100,51.52,107.93,0.882,-86875922600.0,-29281285300.0,naver,15,107.9,109.5,4,-2.8,10.9,51.5,False,4,,,,,,,neutral,52,,,,,,,,,,,,,,,,,,,,,,,0,-7.98,-872,-287,1549,-675,9,0.07,270.4,-4.09,기타 금융업,-0.52,-0.4,1688.3,51.5,4,10.92,0.0,7.93,39.1,-0.46,5.27,-11.67,39.34,534704,메가(10조+),KOSPI,True,,,,True,matured,43,-0.75,,,,0.0,1.77,-0.75,,,1.77,3,-2.47,-2.14,2,4.0,1.21,,,-14.84,14.09,-0.75,-0.75,-0.75,-0.75,-0.75,,False,False,106500.0,1496772,1569793,1573444,1.02,1.18,-733,1544,-287,0.0,-1.4,,-7.45,14.09,0,[],[],False
042660_2026-07-07_short_h1,042660_2026-07-07_short,6,2026-07-07,short,042660,한화오션,숏,임박,1,0.38,106900.0,False,,ok,"캐나다 60조 잠수함 최종 사업자 독일 TKMS 선정 확정 -> 수주 기대 선반영분 되돌림(셀온뉴스). 숏 손절 넓게(+9%), 방향 신뢰 보통",,,,,,,,,,,,,,,,,-26.0,분산 우위 — 경계,-100,41.5,103.85,2.487,-98995540600.0,-81553459300.0,naver,0,103.8,96.3,4,-25.0,12.6,41.5,False,19,,,,,,,neutral,52,,,,,,,,,,,,,,,,,,,,,,,0,-7.98,-1010,-791,-747,1733,3,1.1,69.6,-4.09,선박 및 보트 건조업,-0.43,0.74,2352.3,41.5,4,12.61,-22.55,3.85,14.7,-0.46,5.27,-11.67,39.34,267499,메가(10조+),KOSPI,True,,,,True,matured,43,-23.29,,,,-23.29,,,,,-23.29,1,0.0,-23.29,1,0.0,,1,-23.29,-9.99,-13.3,-23.29,-23.29,-23.29,,,,False,True,82000.0,5505662,2357893,2200505,1.39,1.39,-1197,-336,1527,-13.19,-18.62,,-7.33,-13.3,1,['대주주/대량보유'],['임원ㆍ주요주주특정증권등소유상황보고서'],False
003670_2026-07-07_short_h5,003670_2026-07-07_short,1,2026-07-07,short,003670,포스코퓨처엠,숏,단기,5,0.32,162200.0,False,,ok,"force -44(강한 분산)·2차전지 캐즘·6/29 급등 후 4거래일 되돌림(분배). 숏 손절 넓게(+10%), 방향 신뢰 낮음",,,,,,,,,,,,,,,,,-44.0,강한 분산 — 떠넘기기 의심,-100,28.46,86.5,0.868,4118542600.0,47689604900.0,naver,0,86.5,71.9,0,-46.7,-15.0,28.5,False,4,,,,,,,neutral,52,,,,,,,,,,,,,,,,,,,,,,,0,-7.98,40,480,-324,278,0,2.9,-4.9,-4.09,일차전지 및 이차전지 제조업,0.08,0.56,497.0,28.5,0,-15.02,-46.11,-13.5,0.0,-0.46,5.27,-11.67,39.34,162416,메가(10조+),KOSPI,True,,,,True,matured,43,-11.04,,,,-10.79,-6.41,-11.04,,,-6.41,3,-4.94,-11.04,5,0.0,-7.09,1,-10.79,-14.84,3.8,-10.79,-10.79,-10.79,,,,False,True,144300.0,299498,306079,306408,1.0,0.99,256,-166,-88,-2.16,-5.8,,-7.45,3.8,4,['대주주/대량보유'],"['임원ㆍ주요주주특정증권등소유상황보고서', '임원ㆍ주요주주특정증권등소유상황보고서', '임원ㆍ주요주주특정증권등소유상황보고서']",False
207940_2026-07-08_pick_h5,207940_2026-07-08_pick,13,2026-07-08,pick,207940,삼성바이오로직스,장투가능,단기,5,0.5,1422000.0,False,미반영,ok,"제약·바이오 업종 상대강도 1위, 급락장 방어주로 +1.21% 상승 마감. 영업이익률 13%·A등급·시총 65.8조. 컨센 목표가 괴리율 46%로 상승여력. 위험회피 국면 방어+성장 리더.",,,,,,,,,,,,,,,,,55.2,강한 매집 — 세력 유입,100,54.35,104.22,0.802,7958609500.0,190266976500.0,krx,0,104.2,99.7,1,-28.4,9.7,54.3,False,29,0.38,0,증가,,,,risk-off,34,,,,,,,,,,,,,,,,842,1706,2.03,outflow,-121722.1,-398181.9,13,60,-9.27,80,1903,499,-516,2,0.38,37.7,-9.68,기초 의약물질 제조업,0.09,-0.57,901.1,54.3,1,9.72,-27.63,4.22,6.1,-4.91,-5.34,-16.0,32.51,678625,메가(10조+),KOSPI,True,,2026-07-03,5,True,matured,42,-2.74,,,,-6.82,-1.55,-2.74,,,-1.55,3,-2.29,-6.82,1,5.66,-3.8,,,-4.86,2.12,-2.74,-2.74,-2.74,,,,False,False,1383000.0,48968,62685,63371,0.73,0.82,293,123,-405,-0.14,-5.06,,-0.22,2.12,0,[],[],False
145020_2026-07-08_pick_h5,145020_2026-07-08_pick,11,2026-07-08,pick,145020,휴젤,단기스윙,단기,5,0.5,248000.0,False,부분,ok,"유니버스 내 드문 순호재. 1Q 매출+29%/영익+22%, 해외+46%, 톡신 美 직판 연 5,000억 겨냥(DB증권 톱픽). 영업이익률 47% A등급. 반대논거=52주 고점比 -33%로 추세 회복 미확인.",,,,,,,,,,,,,,,,,-5.9,중립/관망,-30.5,46.35,98.01,1.171,-1128566250.0,5264050000.0,krx,0,98.0,95.9,1,-36.7,2.5,46.4,False,18,0.03,0,감소,,,,risk-off,34,,,,,,,,,,,,,,,,842,1706,2.03,outflow,-121722.1,-398181.9,13,60,-9.27,-11,53,11,0,0,0.03,-66.8,-9.68,우량기업부,-0.08,0.0,143.7,46.4,1,2.48,-36.08,-1.99,3.4,-4.91,-5.34,-16.0,32.51,30412,대형(1조+),KOSDAQ,True,,2026-07-03,5,True,matured,42,-5.85,,,,-4.84,-1.21,-5.85,,,-1.21,3,-7.35,-8.47,4,2.86,-8.47,,,-4.86,-0.99,-8.47,-8.47,-8.47,,,,False,False,233500.0,57419,57937,57963,0.96,1.15,-45,-13,51,-0.2,-5.44,,-0.22,-5.63,1,['전환청구(출회)'],['전환청구권행사'],False
068270_2026-07-08_pick_h20,068270_2026-07-08_pick,15,2026-07-08,pick,068270,셀트리온,장투가능,단기,20,0.45,178200.0,False,부분,ok,"베그젤마 美 3대 PBM 중 2곳 처방집 등재(신규 촉매), 2025 매출 4.16조·영익 1.17조 사상최대. 세력강도 52. 반대논거=CT-P51 임상3상 대상자 606→220명 축소, 고점比 -25%.",,,,,,,,,,,,,,,,,51.9,강한 매집 — 세력 유입,100,52.45,103.11,0.988,-24053670350.0,73258464150.0,krx,0,103.1,98.1,1,-25.5,4.8,52.5,False,19,0.16,0,증가,,,,risk-off,34,,,,,,,,,,,,,,,,842,1706,2.03,outflow,-121722.1,-398181.9,13,60,-9.27,-241,733,775,-1034,0,0.16,39.4,-9.68,기초 의약물질 제조업,-0.22,-0.92,1118.4,52.5,1,4.82,-24.77,3.11,4.3,-4.91,-5.34,-16.0,32.51,433366,메가(10조+),KOSPI,True,,2026-07-03,5,True,matured,42,9.43,,,,-2.86,-1.74,-1.4,-3.37,9.43,9.43,20,0.0,-4.55,9,14.64,-3.03,,,-17.76,27.19,9.43,9.43,9.43,,,,False,True,195000.0,792364,635456,627610,1.26,0.6,919,3018,-4061,0.06,-1.96,,-3.56,27.19,9,['대주주/대량보유'],"['주식등의대량보유상황보고서(약식)', '임원ㆍ주요주주특정증권등소유상황보고서', '임원ㆍ주요주주특정증권등소유상황보고서']",False
055550_2026-07-08_pick_h5,055550_2026-07-08_pick,13,2026-07-08,pick,055550,신한지주,장전선취매,단기,5,0.45,108600.0,False,부분,ok,"세력강도 64(유니버스 최상위), 기관 순매수, 총주주환원율 50% 조기달성·자사주 소각 정례화. 급락장에서도 +0.84%. 밸류업 방어주. 반대논거=52주 고점比 -2% 상단 부담 → 분할.",,,,,,,,,,,,,,,,,64.0,강한 매집 — 세력 유입,100,59.08,108.43,0.951,-117073043350.0,-52989962850.0,krx,25,108.4,110.2,5,-2.0,7.3,59.1,False,4,0.1,0,증가,,,,risk-off,34,,,,,,,,,,,,,,,,842,1706,2.03,outflow,-121722.1,-398181.9,13,60,-9.27,-1171,-530,1930,-757,10,0.1,336.0,-9.68,기타 금융업,-0.69,-0.45,1689.4,59.1,5,7.31,0.0,8.43,44.3,-4.91,-5.34,-16.0,32.51,534704,메가(10조+),KOSPI,True,,2026-07-03,5,True,matured,42,-1.2,,,,-3.31,0.0,-1.2,,,0.55,2,-2.47,-3.31,1,4.0,-1.93,,,-4.86,3.66,-1.2,-1.2,-1.2,,,,False,False,107300.0,1619037,1558631,1555611,1.03,1.19,-54,812,-232,0.09,-3.13,,-0.22,3.66,0,[],[],False
035420_2026-07-08_pick_h5,035420_2026-07-08_pick,9,2026-07-08,pick,035420,NAVER,단기스윙,임박,5,0.45,197200.0,False,미반영,ok,20일 -23.3%·52주 고점比 -35%로 유니버스 최대 낙폭이나 외국인 5일 +870억 순매수(저점 매집). 영업이익률 18% 흑자. 전형적 눌림목·되돌림 후보. 반대논거=신저가권 하락추세 잔존 → 짧게.,,,,,,,,,,,,,,,,,48.5,강한 매집 — 세력 유입,100,16.88,91.6,0.547,87016451800.0,251549870650.0,krx,0,91.6,91.0,2,-35.1,-23.3,16.9,False,26,0.66,0,혼조,,,,risk-off,34,,,,,,,,,,,,,,,,842,1706,2.03,outflow,-121722.1,-398181.9,13,60,-9.27,870,2515,71,-945,0,0.66,5.9,-9.68,"자료처리, 호스팅, 포털 및 기타 인터넷 정보매개 서비스업",0.26,-0.29,3307.3,16.9,2,-23.27,-31.29,-8.4,5.0,-4.91,-5.34,-16.0,32.51,331527,메가(10조+),KOSPI,True,,2026-07-03,5,True,matured,42,-3.85,,,,-6.49,-4.67,-3.85,,,-2.99,2,-4.23,-7.1,4,3.49,-7.1,,,-4.86,1.01,-3.85,-3.85,-3.85,,,,False,False,189600.0,1090495,1649172,1677106,0.44,0.57,869,-280,-603,-0.46,-3.75,,-0.22,1.01,12,"['대주주/대량보유', '증자(희석)']","['주요사항보고서(유상증자결정)', '임원ㆍ주요주주특정증권등소유상황보고서', '임원ㆍ주요주주특정증권등소유상황보고서']",False
012450_2026-07-08_pick_h5,012450_2026-07-08_pick,15,2026-07-08,pick,012450,한화에어로스페이스,단기스윙,단기,5,0.4,1122000.0,False,부분,ok,한-나토 조달 개시(연 15조)·항공 수주잔고 32조·KAI 지분 11% 매집. 세력강도 52. 반대논거=20일 +10.4% 상승·수집시 -3.2%·한화오션 CPSP 탈락으로 방산 약세 → 분할·눌림목 대기.,,,,,,,,,,,,,,,,,52.3,강한 매집 — 세력 유입,100,40.34,102.12,0.759,-50128693000.0,-48722586500.0,krx,0,102.1,90.2,0,-32.2,10.4,40.3,False,4,0.01,0,감소,,,,risk-off,34,,,,,,,,,,,,,,,,842,1706,2.03,outflow,-121722.1,-398181.9,13,60,-9.27,-501,-487,1885,-1351,0,0.01,-70.3,-9.68,"항공기,우주선 및 부품 제조업",-0.18,-0.5,2712.5,40.3,0,10.43,-27.0,2.12,3.9,-4.91,-5.34,-16.0,32.51,535744,메가(10조+),KOSPI,True,,2026-07-03,5,True,matured,42,-17.2,,,,-15.06,-16.58,-17.2,,,-13.81,2,-9.82,-22.28,4,6.54,-22.28,1,-15.06,-4.86,-12.34,-15.06,-15.06,-15.06,,,,False,False,929000.0,175270,238588,241754,1.23,1.12,560,-759,184,1.16,-10.25,,-0.22,-12.34,1,['대주주/대량보유'],['임원ㆍ주요주주특정증권등소유상황보고서'],False
017670_2026-07-08_pick_h5,017670_2026-07-08_pick,7,2026-07-08,pick,017670,SK텔레콤,단기스윙,임박,5,0.4,85200.0,False,미반영,ok,"RSI 9.9 극단 과매도 + 15GW AI 데이터센터 로드맵(1단계 5GW 2029년). 방어적 통신 대장. 반대논거='1,000조 투자 수익화 증명 먼저' 회의론·전력망 리스크 → 되돌림 트레이딩.",,,,,,,,,,,,,,,,,41.6,강한 매집 — 세력 유입,100,9.88,90.95,0.568,59661448050.0,206474144550.0,krx,0,91.0,86.9,0,-38.9,-21.2,9.9,False,26,0.07,0,증가,,,,risk-off,34,,,,,,,,,,,,,,,,842,1706,2.03,outflow,-121722.1,-398181.9,13,60,-9.27,597,2065,-65,-518,0,0.07,25.0,-9.68,전기 통신업,0.57,-0.49,1051.3,9.9,0,-21.18,-31.95,-9.05,0.0,-4.91,-5.34,-16.0,32.51,201473,메가(10조+),KOSPI,True,,2026-07-03,5,True,matured,42,-0.23,,,,1.76,0.59,-0.23,,,4.11,2,-5.41,-1.53,4,1.31,-1.53,,,-4.86,4.63,-0.23,-0.23,-0.23,,,,False,False,85000.0,861856,1216205,1233922,0.54,0.61,658,-64,-588,-0.94,-3.52,,-0.22,4.63,0,[],[],False
105560_2026-07-08_pick_h5,105560_2026-07-08_pick,6,2026-07-08,pick,105560,KB금융,장전선취매,단기,5,0.4,173200.0,False,부분,ok,세력강도 64·시총 50조 첫 돌파·밸류업 대표주·기관 순매수. 반대논거=20일 +11.9%(추격 임계 초과)·7/2 +8.64% 급등 과열 소화 필요 → 분할 진입.,,,,,,,,,,,,,,,,,64.0,강한 매집 — 세력 유입,100,61.56,107.99,1.037,-278623328750.0,-240546013000.0,krx,0,108.0,109.4,4,-5.2,11.9,61.6,False,19,0.06,0,증가,,,,risk-off,34,,,,,,,,,,,,,,,,842,1706,2.03,outflow,-121722.1,-398181.9,13,60,-9.27,-2786,-2405,3744,-895,5,0.06,2606.6,-9.68,기타 금융업,-1.08,-0.35,2590.0,61.6,4,11.89,0.0,7.99,46.1,-4.91,-5.34,-16.0,32.51,623896,메가(10조+),KOSPI,True,,2026-07-03,5,True,matured,42,4.85,,,,-1.04,7.51,4.85,,,7.51,3,-3.33,-1.04,1,8.63,3.93,,,-4.86,9.71,4.85,4.85,4.85,,,,False,True,181600.0,2208396,1529334,1495381,1.57,1.56,-1424,2177,-756,1.73,-2.31,,-0.22,9.71,0,[],[],False
112040_2026-07-08_short_h5,112040_2026-07-08_short,4,2026-07-08,short,112040,위메이드,숏,단기,5,0.4,18670.0,False,,ok,"세력강도 -38 강한 분산·OBV 다이버전스(분배), 매출 -13.7%·부채 214%·OPM 1.7% 부진. 20일 +9.7%로 과매도 아님(빠질 여지). 저확신·비중축소. 청산=거래량 동반 19,800 돌파.",,,,,,,,,,,,,,,,,-38.1,분산 우위 — 경계,-89.1,51.18,103.83,1.285,-6718383360.0,-3135063455.0,krx,15,103.8,92.3,0,-49.5,9.7,51.2,True,18,3.42,15,혼조,,,,risk-off,34,,,,,,,,,,,,,,,,842,1706,2.03,outflow,-121722.1,-398181.9,13,60,-9.27,-67,-31,8,57,2,3.42,5.9,-9.68,중견기업부,-1.19,1.01,56.2,51.2,0,9.69,-47.63,3.83,3.6,-4.91,-5.34,-16.0,32.51,5160,중형(3천억+),KOSDAQ,True,,2026-07-03,5,True,matured,42,-8.68,,,,-1.55,-5.36,-8.68,,,0.86,2,-9.82,-9.05,4,0.41,-9.05,4,-9.05,-4.86,-3.82,-9.05,-9.05,-9.05,,,,False,True,17050.0,220984,297328,301145,0.97,0.73,-5,16,-11,-2.52,-7.71,,-0.22,-8.46,1,['대주주/대량보유'],['주식등의대량보유상황보고서(일반)'],False
066970_2026-07-08_short_h5,066970_2026-07-08_short,2,2026-07-08,short,066970,엘앤에프,숏,단기,5,0.35,99500.0,False,,ok,"유일 영업적자(-1,568억, OPM -7.3%), 이차전지 업황·증자 희석 리스크. 단 이미 20일 -23% 과매도로 되돌림 위험 → 저확신. 청산=이차전지 반등 또는 흑자전환.",,,,,,,,,,,,,,,,,-37.6,분산 우위 — 경계,-100,24.47,83.63,0.853,-13879492800.0,49663703000.0,krx,0,83.6,63.7,0,-55.8,-23.2,24.5,False,6,1.66,28,증가,,,,risk-off,34,,,,,,,,,,,,,,,,842,1706,2.03,outflow,-121722.1,-398181.9,13,60,-9.27,-139,497,10,132,2,1.66,61.4,-9.68,일차전지 및 이차전지 제조업,-0.36,0.34,385.0,24.5,0,-23.23,-53.29,-16.37,0.0,-4.91,-5.34,-16.0,32.51,46584,대형(1조+),KOSPI,True,,2026-07-03,5,True,matured,42,-4.42,,,,-8.04,1.81,-4.42,,,1.81,3,-10.37,-8.74,4,4.74,-8.74,,,-4.86,0.44,-8.04,-8.04,-8.04,,,,False,True,95100.0,338093,384575,386900,1.07,1.33,-3,-227,227,-2.91,-8.84,,-0.22,0.44,1,['대주주/대량보유'],['주식등의대량보유상황보고서(일반)'],False
068270_2026-07-10_pick_h5,068270_2026-07-10_pick,16,2026-07-10,pick,068270,셀트리온,장투가능,단기,5,0.5,173100.0,False,부분,ok,기관 5일 +1.02조 순매수(유니버스 최강)·미국 짐펜트라 PBM 처방 확대·옵션 콜우위(pcr 0.48). OPM 28%·GPM 59%·FCF 흑자 3년·매출 +17% A등급. 반대논거=바이오 섹터 되돌림 → 기관 매집·성장·마진으로 반박.,,,,,,,,,,,,8.0,-6.0,-6.0,7.0,7.0,47.7,강한 매집 — 세력 유입,100,51.89,99.69,0.951,-19015732800.0,75604689400.0,krx,0,99.7,95.6,0,-27.6,4.2,51.9,False,19,0.15,0,증가,,,,risk-off,36,,,,,,,,,,,,,,,,1012,1539,1.52,outflow,-52663.8,-344966.8,0,30,-8.39,-190,756,1019,-1087,1,0.15,28.8,-4.66,기초 의약물질 제조업,-0.17,-0.98,1114.0,51.9,0,4.15,-26.92,-0.31,1.6,0.62,-4.76,-20.0,25.54,433366,메가(10조+),KOSPI,True,,2026-07-07,3,True,matured,40,-0.29,,,,1.16,1.5,-0.29,,,1.56,4,-1.82,-0.29,5,0.0,1.56,,,-10.64,10.35,-0.29,-0.29,-0.29,-0.29,-0.29,,False,False,172600.0,435099,633626,643552,0.79,0.75,503,356,-851,0.64,-0.23,,-5.59,10.35,3,['대주주/대량보유'],"['임원ㆍ주요주주특정증권등소유상황보고서', '주식등의대량보유상황보고서(일반)', '임원ㆍ주요주주특정증권등소유상황보고서']",False
207940_2026-07-10_pick_h5,207940_2026-07-10_pick,14,2026-07-10,pick,207940,삼성바이오로직스,장투가능,단기,5,0.48,1325000.0,False,미반영,ok,"제약·바이오 상대강도 1위 방어주, 기관 순매수, OPM 45%·FCF 흑자 3년 A등급. force +54.3 강한매집. 반대논거=대형주 풋 헤지(pcr 2.30) → 방어 리더·마진 최상위로 반박.",,,,,,,,,,,,7.0,-5.0,-6.0,6.0,7.0,54.3,강한 매집 — 세력 유입,100,45.77,96.74,0.807,-11124207000.0,154783040500.0,krx,0,96.7,93.4,0,-33.3,3.0,45.8,False,29,0.39,0,증가,,,,risk-off,36,,,,,,,,,,,,,,,,1012,1539,1.52,outflow,-52663.8,-344966.8,0,30,-8.39,-111,1548,372,-253,4,0.39,41.8,-4.66,기초 의약물질 제조업,-0.13,-0.3,832.7,45.8,0,3.03,-32.57,-3.26,1.1,0.62,-4.76,-20.0,25.54,678625,메가(10조+),KOSPI,True,,2026-07-07,3,True,matured,40,1.51,,,,5.66,4.38,1.51,,,5.66,1,-3.93,1.51,5,0.0,5.36,,,-10.64,12.15,1.51,1.51,1.51,1.51,1.51,,False,True,1345000.0,43685,61931,62843,0.74,0.65,254,143,-422,1.89,0.6,,-5.59,12.15,0,[],[],False
017670_2026-07-10_pick_h5,017670_2026-07-10_pick,8,2026-07-10,pick,017670,SK텔레콤,단기스윙,단기,5,0.45,86700.0,False,미반영,ok,"통신 RS 2위(당일 +3.6%)·외국인 20일 +2,365억 순매수·AI 데이터센터 로드맵·고배당 방어. RSI 26 극단 과매도. 반대논거=매출 -4.7% 정체·07-09 +3.2% 후 되돌림 → 과매도+외인매수+배당으로 반박.",,,,,,,,,,,,6.0,-5.0,-5.0,5.0,6.0,41.2,강한 매집 — 세력 유입,100,25.88,94.32,1.038,86876998200.0,236537446400.0,krx,0,94.3,88.7,1,-37.8,-13.3,25.9,False,26,0.06,0,혼조,,,,risk-off,36,,,,,,,,,,,,,,,,1012,1539,1.52,outflow,-52663.8,-344966.8,0,30,-8.39,869,2365,-293,-565,0,0.06,-2.4,-4.66,전기 통신업,0.88,-0.57,993.1,25.9,1,-13.3,-30.75,-5.68,2.5,0.62,-4.76,-20.0,25.54,201473,메가(10조+),KOSPI,True,,2026-07-07,3,True,matured,40,-2.31,,,,-1.15,-1.96,-2.31,,,3.46,4,-5.57,-3.23,2,6.91,3.46,,,-10.64,8.33,-2.31,-2.31,-2.31,-2.31,-2.31,,False,False,84700.0,660833,1122390,1145468,1.22,0.66,-106,597,-489,3.34,1.73,,-5.59,8.33,0,[],[],False
009150_2026-07-10_pick_h5,009150_2026-07-10_pick,12,2026-07-10,pick,009150,삼성전기,단기스윙,단기,5,0.38,1493000.0,False,미반영,ok,"외국인 20일 +3.2조 대량 순매수(역발상 최강)·MLCC/AI기판·RSI 23 극단 과매도. 반대논거=기관 -7,386억 분산(force -27.4 상충)·scorecard 최근 -32% 오답 → 반박 약해 저확신·소액.",,,,,,,,,,,,8.0,-6.0,-6.0,7.0,3.0,-27.4,분산 우위 — 경계,-100,22.66,76.12,0.84,408614721000.0,3226255637500.0,krx,0,76.1,105.0,1,-38.2,-17.3,22.7,False,6,0.16,0,감소,,,,risk-off,36,,,,,,,,,,,,,,,,1012,1539,1.52,outflow,-52663.8,-344966.8,0,30,-8.39,4086,32263,-7386,3257,0,0.16,-43.7,-4.66,전자부품 제조업,0.24,0.19,17242.9,22.7,1,-17.29,-34.23,-23.88,2.5,0.62,-4.76,-20.0,25.54,1086046,메가(10조+),KOSPI,True,,2026-07-07,3,True,matured,40,-14.6,,,,-13.66,-5.36,-14.6,,,-5.36,3,-9.77,-15.61,2,12.14,-14.47,1,-13.66,-10.64,-3.96,-13.66,-13.66,-13.66,-13.66,-13.66,1,False,False,1275000.0,875317,1141599,1154913,0.83,1.29,14,-3139,3022,7.1,2.55,,-5.59,-3.96,0,[],[],False
058470_2026-07-10_pick_h5,058470_2026-07-10_pick,10,2026-07-10,pick,058470,리노공업,단기스윙,단기,5,0.4,70000.0,False,미반영,ok,"외국인 20일 +7,298억 순매수·반도체 테스트핀·공매도 커버링(-58.8%)·RSI 22 과매도. 반대논거=20일 -29.9% 낙폭·업황 민감 → 외국인 매집+커버링으로 반박, 단 고변동 소액.",,,,,,,,,,,,8.0,-6.0,-6.0,7.0,4.0,43.5,강한 매집 — 세력 유입,100,22.3,82.27,0.613,58321257950.0,729769309650.0,krx,0,82.3,69.8,1,-45.7,-29.9,22.3,False,6,0.75,0,감소,,,,risk-off,36,,,,,,,,,,,,,,,,1012,1539,1.52,outflow,-52663.8,-344966.8,0,30,-8.39,583,7298,-323,-270,0,0.75,-58.8,-4.66,우량기업부,0.45,-0.21,1283.5,22.3,1,-29.86,-44.88,-17.73,2.5,0.62,-4.76,-20.0,25.54,52129,대형(1조+),KOSDAQ,True,,2026-07-07,3,True,matured,40,-1.29,,,,3.29,11.29,-1.29,,,11.29,3,-11.3,-1.29,5,0.0,3.29,,,-10.64,9.35,-1.29,-1.29,-1.29,-1.29,8.0,,True,False,69100.0,1133171,1800230,1833583,0.4,0.29,220,-183,-48,2.86,2.14,,-5.59,4.3,2,['대주주/대량보유'],"['주식등의대량보유상황보고서(약식)', '주식등의대량보유상황보고서(약식)']",False
095340_2026-07-10_pick_h5,095340_2026-07-10_pick,9,2026-07-10,pick,095340,ISC,단기스윙,단기,5,0.35,141800.0,False,미반영,ok,"외국인 20일 +2,505억 순매수·반도체 테스트소켓·공매도 -77% 커버링. 반대논거=scorecard 최근 -21% 오답·고변동 → 저확신·소액.",,,,,,,,,,,,8.0,-6.0,-6.0,7.0,3.0,38.6,매집 우위,100,29.65,78.6,0.83,73554115900.0,250498990750.0,krx,0,78.6,67.8,1,-51.5,-25.6,29.7,False,26,0.19,0,감소,,,,risk-off,36,,,,,,,,,,,,,,,,1012,1539,1.52,outflow,-52663.8,-344966.8,0,30,-8.39,736,2505,-436,-301,0,0.19,-77.1,-4.66,우량기업부,1.25,-0.51,586.9,29.7,1,-25.56,-47.68,-21.4,2.5,0.62,-4.76,-20.0,25.54,39427,대형(1조+),KOSDAQ,True,,2026-07-07,3,True,matured,40,-4.37,,,,8.25,11.78,-4.37,,,11.78,3,-14.45,-4.37,5,0.0,2.26,,,-10.64,6.27,-4.37,-4.37,-4.37,-4.37,8.0,,True,False,135600.0,438261,415058,413898,0.39,0.6,222,-180,-43,3.03,1.41,,-5.59,1.22,1,['대주주/대량보유'],['주식등의대량보유상황보고서(약식)'],False
042660_2026-07-10_short_h5,042660_2026-07-10_short,7,2026-07-10,short,042660,한화오션,숏,단기,5,0.38,78600.0,False,,ok,외국인 6일 연속 순매도·공매도잔고 1.45%로 10일 +47.8% 급증·증자 오버행·조선 약세. force -32.1. 스퀴즈(RSI 25 과매도) 주의 → 반등 시 분할·손절 넓게(+9%). 상승시나리오(조선수주)는 약세추세로 반박.,,,,,,,,,,,,,,,,,-32.1,분산 우위 — 경계,-100,24.95,72.46,1.837,-184993968850.0,-188663922850.0,krx,0,72.5,66.3,0,-49.2,-24.8,24.9,False,19,1.45,20,증가,,,,risk-off,36,,,,,,,,,,,,,,,,1012,1539,1.52,outflow,-52663.8,-344966.8,0,30,-8.39,-1850,-1887,-36,1860,6,1.45,47.8,-4.66,선박 및 보트 건조업,-0.89,0.9,2076.6,24.9,0,-24.78,-47.57,-27.54,0.0,0.62,-4.76,-20.0,25.54,267499,메가(10조+),KOSPI,True,,2026-07-07,3,True,matured,40,5.85,,,,0.25,4.33,5.85,,,10.31,4,-4.04,-2.29,2,12.89,10.31,,,-10.64,16.49,5.85,5.85,5.85,,,,False,False,83200.0,1861096,2604823,2642010,1.06,0.66,-839,220,615,1.27,1.27,,-5.59,16.49,1,['대주주/대량보유'],['임원ㆍ주요주주특정증권등소유상황보고서'],False
267260_2026-07-10_short_h5,267260_2026-07-10_short,7,2026-07-10,short,267260,HD현대일렉트릭,숏,단기,5,0.35,815000.0,False,,ok,"외국인 20일 -3,678억 대량 분산·OBV -83.7·전력기기 모멘텀 소진. force -41.6 강한분산. 스퀴즈 주의 → 반등 시 분할·손절 넓게(+9%). AI 전력수요 재부각이 반대시나리오이나 외인 이탈이 우위.",,,,,,,,,,,,,,,,,-41.6,강한 분산 — 떠넘기기 의심,-100,26.05,82.46,1.214,-47318933000.0,-367823447000.0,krx,0,82.5,74.7,1,-43.0,-21.1,26.0,False,4,0.64,0,혼조,,,,risk-off,36,,,,,,,,,,,,,,,,1012,1539,1.52,outflow,-52663.8,-344966.8,0,30,-8.39,-473,-3678,166,281,0,0.64,6.6,-4.66,"전동기, 발전기 및 전기 변환 · 공급 · 제어 장치 제조업",-0.28,0.17,1694.2,26.0,1,-21.1,-42.61,-17.54,2.5,0.62,-4.76,-20.0,25.54,275040,메가(10조+),KOSPI,True,,2026-07-07,3,True,matured,40,-7.73,,,,-3.31,0.98,-7.73,,,0.98,3,-8.63,-7.73,5,0.0,-2.21,,,-10.64,2.91,-7.73,-7.73,-7.73,,,,False,True,752000.0,100286,202749,207872,0.74,0.48,378,-13,-335,3.19,2.21,,-5.59,2.91,1,['대주주/대량보유'],['임원ㆍ주요주주특정증권등소유상황보고서'],False
207940_2026-07-11_pick_h5,207940_2026-07-11_pick,15,2026-07-11,pick,207940,삼성바이오로직스,단기스윙,단기,5,0.45,1395000.0,False,부분,ok,"제약·바이오 RS 1위 + 세력 매집 최상위(+54.7), 과열 아님",,,,,,,,,,,,7.0,-5.0,-5.0,7.0,8.0,54.7,강한 매집 — 세력 유입,100,58.77,101.48,0.681,3661882000.0,163654247000.0,krx,0,101.5,98.5,1,-29.8,7.7,58.8,False,29,0.4,0,증가,,,,neutral,46,,,,,,,,,,,,,,,,2290,296,0.13,outflow,-35778.5,-374740.0,1,30,-3.57,37,1637,294,-323,0,0.4,44.5,-7.57,기초 의약물질 제조업,0.04,-0.37,868.9,58.8,1,7.72,-29.01,1.48,9.2,2.52,3.16,-17.98,25.27,678625,메가(10조+),KOSPI,True,,2026-07-08,3,True,matured,39,0.0,,,,-1.94,0.07,0.0,,,0.07,3,-3.65,-3.58,4,3.72,-3.58,,,-9.74,9.74,0.0,0.0,0.0,0.0,0.0,,False,False,1395000.0,45614,61495,62290,0.49,0.66,44,283,-352,0.36,-0.86,,-10.04,9.74,0,[],[],False
000270_2026-07-11_pick_h5,000270_2026-07-11_pick,10,2026-07-11,pick,000270,기아,단기스윙,단기,5,0.4,147500.0,False,미반영,ok,"세력강도 유니버스 최상위(+60.5), 목요일 -7.65% 급락 후 눌림 반등 초입",,,,,,,,,,,,7.0,-5.0,-5.0,7.0,7.0,60.5,강한 매집 — 세력 유입,100,47.42,98.3,0.826,6809961850.0,157023498750.0,krx,0,98.3,93.6,1,-30.6,-11.6,47.4,False,6,0.0,0,감소,,,,neutral,46,,,,,,,,,,,,,,,,2290,296,0.13,outflow,-35778.5,-374740.0,1,30,-3.57,68,1570,1200,-1189,2,0.0,-78.3,-7.57,자동차용 엔진 및 자동차 제조업,0.04,-0.7,1691.2,47.4,1,-11.57,-28.4,-1.7,2.5,2.52,3.16,-17.98,25.27,501290,메가(10조+),KOSPI,True,,2026-07-08,3,True,matured,39,-1.97,,,,-5.36,1.49,-1.97,,,1.49,3,-6.48,-5.36,1,7.23,-5.08,,,-9.74,7.77,-1.97,-1.97,-1.97,-5.36,-5.36,1,False,False,144600.0,898409,1134755,1146573,0.85,1.0,444,194,-572,0.34,-3.53,,-10.04,7.77,0,[],[],False
011200_2026-07-11_pick_h5,011200_2026-07-11_pick,5,2026-07-11,pick,011200,HMM,단기스윙,단기,5,0.4,19740.0,False,부분,ok,해운·세력 매집(+47.6)·저평가 완충,,,,,,,,,,,,8.0,-5.0,-5.0,7.0,7.0,47.6,강한 매집 — 세력 유입,100,51.57,100.45,0.731,5457495960.0,-2831216900.0,krx,0,100.4,98.6,1,-24.8,-1.5,51.6,False,6,1.16,0,혼조,,,,neutral,46,,,,,,,,,,,,,,,,2290,296,0.13,outflow,-35778.5,-374740.0,1,30,-3.57,55,-28,194,-246,1,1.16,2.6,-7.57,해상 운송업,0.18,-0.81,301.9,51.6,1,-1.55,-23.93,0.45,2.5,2.52,3.16,-17.98,25.27,202325,메가(10조+),KOSPI,True,,2026-07-08,3,True,matured,39,1.82,,,,0.1,1.57,1.82,,,2.08,4,-0.25,0.1,1,1.97,2.08,,,-9.74,11.56,1.82,1.82,1.82,1.82,1.82,,False,True,20100.0,1869104,1545368,1529181,0.92,1.56,210,330,-540,-0.15,-1.72,,-10.04,11.56,0,[],[],False
006400_2026-07-11_pick_h5,006400_2026-07-11_pick,2,2026-07-11,pick,006400,삼성SDI,단기스윙,단기,5,0.4,434000.0,False,부분,ok,"2차전지 외국인·기관 순매수 전환(+1,105억)·세력강도 상위(+46.2)·ESS 성장",,,,,,,,,,,,7.0,-5.0,-5.0,7.0,6.0,46.2,강한 매집 — 세력 유입,100,34.82,89.23,0.905,110454008000.0,-6835045000.0,krx,0,89.2,76.3,1,-40.0,-19.5,34.8,False,6,0.02,0,감소,,,,neutral,46,,,,,,,,,,,,,,,,2290,296,0.13,outflow,-35778.5,-374740.0,1,30,-3.57,1105,-68,-158,-932,0,0.02,-25.2,-7.57,일차전지 및 이차전지 제조업,0.49,-0.41,2267.2,34.8,1,-19.48,-39.04,-10.77,2.5,2.52,3.16,-17.98,25.27,435968,메가(10조+),KOSPI,True,,2026-07-08,3,True,matured,39,-4.03,,,,-1.5,0.12,-4.03,,,4.61,2,-11.67,-7.6,4,3.87,-7.6,,,-9.74,5.71,-4.03,-4.03,-4.03,-7.6,-7.6,4,False,False,416500.0,849490,537971,522396,1.13,0.69,-611,360,241,2.07,-0.46,,-10.04,5.71,2,['대주주/대량보유'],"['임원ㆍ주요주주특정증권등소유상황보고서', '임원ㆍ주요주주특정증권등소유상황보고서']",False
009150_2026-07-11_pick_h5,009150_2026-07-11_pick,13,2026-07-11,pick,009150,삼성전기,단기스윙,단기,5,0.35,1584000.0,False,부분,ok,"외국인 순매수 1위(5일 +4,293억·20일 +2.97조)로 세력강도 음수(-27.8)를 수급 override",,,,,,,,,,,,7.0,-5.0,-5.0,7.0,5.0,-27.8,분산 우위 — 경계,-100,28.1,81.03,0.758,429273066500.0,2972556851000.0,krx,0,81.0,110.0,2,-34.5,-7.6,28.1,False,6,0.13,0,감소,,,,neutral,46,,,,,,,,,,,,,,,,2290,296,0.13,outflow,-35778.5,-374740.0,1,30,-3.57,4293,29726,-8134,3769,0,0.13,-51.4,-7.57,전자부품 제조업,0.25,0.22,17450.0,28.1,2,-7.58,-30.22,-18.97,5.0,2.52,3.16,-17.98,25.27,1086046,메가(10조+),KOSPI,True,,2026-07-08,3,True,matured,39,-17.3,,,,-20.45,-19.38,-17.3,,,-10.8,2,-9.77,-20.45,1,12.14,-19.51,1,-20.45,-9.74,-7.56,-20.45,-20.45,-20.45,-20.45,-20.45,1,False,False,1310000.0,1321694,1112123,1101644,0.85,1.32,-2008,-1037,2978,-1.26,-20.39,,-10.04,-7.56,0,[],[],False
058470_2026-07-11_pick_h5,058470_2026-07-11_pick,11,2026-07-11,pick,058470,리노공업,단기스윙,단기,5,0.38,73800.0,False,부분,ok,코스닥 반도체 소부장·외국인 KOSDAQ 순매수(AI 반도체 수급 재편)·세력강도 +45.4,,,,,,,,,,,,8.0,-5.0,-5.0,7.0,5.0,45.4,강한 매집 — 세력 유입,100,29.05,88.33,0.618,58116169550.0,182544693150.0,krx,0,88.3,74.1,2,-42.8,-29.4,29.1,False,6,0.69,0,감소,,,,neutral,46,,,,,,,,,,,,,,,,2290,296,0.13,outflow,-35778.5,-374740.0,1,30,-3.57,581,1825,-323,-270,0,0.69,-60.9,-7.57,우량기업부,0.6,-0.28,969.3,29.1,2,-29.38,-41.89,-11.67,5.0,2.52,3.16,-17.98,25.27,52129,대형(1조+),KOSDAQ,True,,2026-07-08,3,True,matured,39,-5.15,,,,-0.95,-2.03,-5.15,,,5.56,2,-11.3,-6.37,4,1.3,-6.37,,,-9.74,4.59,-5.15,-5.15,-5.15,-6.37,-6.37,4,False,False,70000.0,864203,1292069,1313462,0.55,0.41,64,-92,17,2.71,-2.03,,-10.04,4.89,1,['대주주/대량보유'],['주식등의대량보유상황보고서(약식)'],False
047810_2026-07-11_short_h5,047810_2026-07-11_short,11,2026-07-11,short,047810,한국항공우주,숏,단기,5,0.42,144300.0,False,,ok,외국인 15거래일 연속 순매도(유니버스 유일)+공매도 잔고 4.21%/10일 +35.5% 급증+부채 546%+금요일 급등장서 -3.8% 상대약세=분배 확인. 무효화: 외국인 순매수 전환 또는 대형 수주공시.,,,,,,,,,,,,-7.0,9.0,,,,-30.5,분산 우위 — 경계,-100,47.04,96.46,1.064,-49618257700.0,-213081170100.0,krx,0,96.5,90.0,0,-33.0,2.4,47.0,False,6,4.21,35,증가,,,,neutral,46,,,,,,,,,,,,,,,,2290,296,0.13,outflow,-35778.5,-374740.0,1,30,-3.57,-496,-2131,422,56,15,4.21,35.5,-7.57,"항공기,우주선 및 부품 제조업",-0.72,0.08,687.6,47.0,0,2.41,-28.56,-3.54,0.9,2.52,3.16,-17.98,25.27,126133,메가(10조+),KOSPI,True,,2026-07-08,3,True,matured,39,-1.25,,,,-2.22,3.4,-1.25,,,3.4,3,-4.49,-2.22,1,5.74,-0.28,,,-9.74,8.49,-1.25,-1.25,-1.25,,,,False,True,142500.0,426323,474132,476523,0.71,0.89,-705,837,-129,0.83,-1.52,,-10.04,8.49,4,['대주주/대량보유'],"['주식등의대량보유상황보고서(약식)', '주식등의대량보유상황보고서(일반)', '주식등의대량보유상황보고서(약식)']",False
000270_2026-07-12_pick_h20,000270_2026-07-12_pick,11,2026-07-12,pick,000270,기아,장투가능,중기,20,0.45,147500.0,False,미반영,ok,"force 매집 1위(+60.5), 외국인+기관+20일 순매수 클린, 저PBR 자동차 눌림목(07-09 -7.65%). 반대논거=관세·BYD 경쟁, 자동차 20일 모멘텀 -18.7%.",,,,,,,,,,,,7.0,-6.0,4.0,5.0,5.0,60.5,강한 매집 — 세력 유입,100,47.42,98.3,0.826,6809961850.0,157023498750.0,krx,0,98.3,93.6,1,-30.6,-11.6,47.4,False,6,0.0,0,감소,,,,neutral,46,,,,,,,,,,,,,,,,2290,296,0.13,outflow,-35778.5,-374740.0,1,30,-3.57,68,1570,1200,-1189,2,0.0,-78.3,-7.57,자동차용 엔진 및 자동차 제조업,0.04,-0.7,1691.2,47.4,1,-11.57,-28.4,-1.7,2.5,2.52,3.16,-17.98,25.27,501290,메가(10조+),KOSPI,True,,2026-07-08,4,True,matured,39,-8.95,,,,-5.36,1.49,-1.97,-17.42,-8.95,1.56,7,-19.63,-18.37,11,12.54,-5.08,8,-11.53,-15.12,6.17,-11.53,-11.53,-11.53,-11.53,-11.53,8,False,False,134300.0,898409,1134755,1146573,0.49,1.62,2004,-1269,-444,0.34,-3.53,,2.44,6.17,0,[],[],False
068270_2026-07-12_pick_h20,068270_2026-07-12_pick,17,2026-07-12,pick,068270,셀트리온,장투가능,중기,20,0.45,175200.0,False,부분,ok,"force +47.7 매집, 제약바이오 RS 1위(유일 플러스 20일 모멘텀), 수급 클린. 반대논거=HLB CRL발 K-bio 투심 냉각 전이(단 셀트리온 개별 무관).",,,,,,,,,,,,8.0,-6.0,4.0,5.0,5.0,47.7,강한 매집 — 세력 유입,100,54.5,100.83,0.676,6416493750.0,78283928300.0,krx,0,100.8,96.9,1,-26.8,1.3,54.5,False,19,0.13,0,증가,,,,neutral,46,,,,,,,,,,,,,,,,2290,296,0.13,outflow,-35778.5,-374740.0,1,30,-3.57,64,783,657,-847,0,0.13,20.5,-7.57,기초 의약물질 제조업,0.06,-0.78,1088.8,54.5,1,1.27,-26.03,0.83,3.0,2.52,3.16,-17.98,25.27,433366,메가(10조+),KOSPI,True,,2026-07-08,4,True,matured,39,20.15,,,,-1.37,0.34,-2.05,1.26,20.15,20.15,20,0.0,-2.91,6,23.75,-1.48,,,-15.12,35.27,20.15,13.76,12.0,20.15,8.0,,False,True,210500.0,646548,622638,621442,1.42,0.61,2072,2856,-5045,0.06,-0.74,,2.44,35.27,8,['대주주/대량보유'],"['주식등의대량보유상황보고서(약식)', '임원ㆍ주요주주특정증권등소유상황보고서', '임원ㆍ주요주주특정증권등소유상황보고서']",False
035420_2026-07-12_pick_h5,035420_2026-07-12_pick,10,2026-07-12,pick,035420,NAVER,단기스윙,단기,5,0.42,191300.0,False,부분,ok,"force +45.7 외인 매집, 스테이블코인(코빗 공정위 승인 선례), AI검색 점유율 반등. 반대논거=두나무 주식교환 연말 지연으로 촉매 후행, 성장주 금리부담.",,,,,,,,,,,,6.0,-5.0,3.0,4.0,4.0,45.7,강한 매집 — 세력 유입,100,27.46,91.61,0.483,78808602400.0,175027137750.0,krx,0,91.6,88.5,1,-37.1,-22.6,27.5,False,26,0.69,0,혼조,,,,neutral,46,,,,,,,,,,,,,,,,2290,296,0.13,outflow,-35778.5,-374740.0,1,30,-3.57,788,1750,-76,-741,0,0.69,9.6,-7.57,"자료처리, 호스팅, 포털 및 기타 인터넷 정보매개 서비스업",0.32,-0.3,2445.6,27.5,1,-22.55,-33.34,-8.39,2.5,2.52,3.16,-17.98,25.27,331527,메가(10조+),KOSPI,True,,2026-07-08,4,True,matured,39,0.89,,,,-4.23,-0.68,0.89,,,0.89,5,0.0,-4.23,1,5.35,-2.82,,,-9.74,10.63,0.89,0.89,0.89,0.89,0.89,,False,True,193000.0,757031,1253582,1278410,0.7,0.76,789,106,-874,-0.1,-2.56,,-10.04,10.63,12,"['대주주/대량보유', '증자(희석)']","['주요사항보고서(유상증자결정)', '임원ㆍ주요주주특정증권등소유상황보고서', '임원ㆍ주요주주특정증권등소유상황보고서']",False
000660_2026-07-12_pick_h1,000660_2026-07-12_pick,12,2026-07-12,pick,000660,SK하이닉스,단기스윙,임박,1,0.4,2180000.0,False,부분,ok,"나스닥 ADR 흥행(+12.8%), 07-29 본주 추가상장, D램 슈퍼사이클. 단 force -29.7 분산·공시 오버행 66(최고)·외국인 20일 -21조 분배·UBS 본주 숏 차익거래 → [단기스윙] 한정·광폭 손절.",,,,,,,,,,,,5.0,-6.0,4.0,4.0,4.0,-29.7,분산 우위 — 경계,-100,33.23,87.69,0.809,-3200862422000.0,-21104147258000.0,krx,0,87.7,109.9,0,-27.0,1.4,33.2,False,66,0.01,0,증가,,,,neutral,46,,,,,,,,,,,,,,,,2290,296,0.13,outflow,-35778.5,-374740.0,1,30,-3.57,-32009,-211041,-6387,37154,2,0.01,1429.7,-7.57,반도체 제조업,-0.25,0.29,129368.6,33.2,0,1.4,-25.32,-12.31,0.5,2.52,3.16,-17.98,25.27,13024679,메가(10조+),KOSPI,True,,2026-07-08,4,True,matured,39,-12.25,,,,-12.25,,,,,-12.25,1,0.0,-12.25,1,0.0,,1,-12.25,-8.28,-3.97,-12.25,-12.25,-12.25,-12.25,-12.25,1,False,False,1913000.0,8040043,6034610,5934338,1.73,1.73,-1364,-1984,2484,-3.07,-15.64,,-6.38,-3.97,2,"['대주주/대량보유', '증자(희석)']","['임원ㆍ주요주주특정증권등소유상황보고서', '유상증자또는주식관련사채등의발행결과(자율공시)']",False
034020_2026-07-12_pick_h20,034020_2026-07-12_pick,11,2026-07-12,pick,034020,두산에너빌리티,장투가능,중기,20,0.42,78100.0,False,부분,ok,"SMR 대미투자 1호 프로젝트 임박, 8월 TVA 이사회, 원전 기자재 대장. 반대논거=미국 원전주 변동성 연동, 수주 가시성 미확정, 07-10 +6.7% 부분선반영.",,,,,,,,,,,,9.0,-7.0,5.0,6.0,4.0,41.1,강한 매집 — 세력 유입,100,32.61,88.02,0.87,-6252216000.0,-84087469450.0,krx,0,88.0,75.0,1,-43.9,-16.1,32.6,False,0,0.27,0,감소,,,,neutral,46,,,,,,,,,,,,,,,,2290,296,0.13,outflow,-35778.5,-374740.0,1,30,-3.57,-63,-841,246,-183,0,0.27,-15.0,-7.57,일반 목적용 기계 제조업,-0.03,-0.07,2490.6,32.6,1,-16.11,-42.74,-11.98,2.5,2.52,3.16,-17.98,25.27,563053,메가(10조+),KOSPI,True,,2026-07-08,4,True,matured,39,-0.26,,,,-9.22,-10.76,-14.47,-17.16,-0.26,2.3,19,-2.5,-22.92,12,32.72,-17.03,1,-9.22,-15.12,14.86,-9.22,-9.22,-9.22,-9.22,-9.22,1,False,False,77900.0,2881964,3174354,3188974,0.6,1.01,-761,786,-6,0.64,-7.43,,2.44,14.86,1,['대주주/대량보유'],['주식등의대량보유상황보고서(약식)'],False
034230_2026-07-12_pick_h5,034230_2026-07-12_pick,1,2026-07-12,pick,034230,파라다이스,단기스윙,단기,5,0.42,12660.0,False,미반영,ok,"중국 무비자 인바운드, 2Q 실적 개선, 52주 저점권 밸류(주가 신저가·실적 최대). 반대논거=중국 경기·카지노 규제.",,,,,,,,,,,,8.0,-6.0,4.0,5.0,4.0,,,,,,,,,,,,,,,,,,,,,,,,,neutral,46,,,,,,,,,,,,,,,,2290,296,0.13,outflow,-35778.5,-374740.0,1,30,-3.57,35,41,-35,-1,0,1.99,29.4,-7.57,유원지 및 기타 오락관련 서비스업,0.41,-0.01,84.4,43.2,1,-15.6,-46.47,-7.54,2.5,2.52,3.16,-17.98,25.27,9291,중형(3천억+),KOSPI,True,,,,True,matured,39,-23.62,,,,-4.58,-19.51,-23.62,,,-4.58,1,-19.95,-23.62,5,0.0,-22.67,2,-17.46,-9.74,-13.88,-17.46,-17.46,-17.46,-17.46,-17.46,2,False,False,9670.0,453283,656186,666331,0.69,1.11,197,-433,236,0.95,-2.69,,-10.04,-13.88,2,['대주주/대량보유'],"['임원ㆍ주요주주특정증권등소유상황보고서', '임원ㆍ주요주주특정증권등소유상황보고서']",False
047810_2026-07-12_short_h5,047810_2026-07-12_short,12,2026-07-12,short,047810,한국항공우주,숏,단기,5,0.42,150000.0,False,,ok,외국인 15일 연속 순매도(최장 분배)·force -30.5·07-09 +5.6% 반등(워시아웃 아님)·방산 밸류 부담. 손절 +9%(광폭). 상승 반박=방산 수출 구조 성장·지정학 긴장 수급 → 보수적. entry_ref=기준일 07-09 종가.,,,,,,,,,,,,,,,,,-30.5,분산 우위 — 경계,-100,47.04,96.46,1.064,-49618257700.0,-213081170100.0,krx,0,96.5,90.0,0,-33.0,2.4,47.0,False,6,4.21,35,증가,,,,neutral,46,,,,,,,,,,,,,,,,2290,296,0.13,outflow,-35778.5,-374740.0,1,30,-3.57,-496,-2131,422,56,15,4.21,35.5,-7.57,"항공기,우주선 및 부품 제조업",-0.69,0.08,714.8,47.0,0,2.41,-28.56,-3.54,0.9,2.52,3.16,-17.98,25.27,126133,메가(10조+),KOSPI,True,,2026-07-08,4,True,matured,39,-5.0,,,,-5.93,-0.53,-5.0,,,-0.53,3,-4.49,-5.93,1,5.74,-4.07,,,-9.74,4.74,-5.0,-5.0,-5.0,,,,False,True,142500.0,426323,474132,476523,0.71,0.89,-705,837,-129,-3.0,-5.27,,-10.04,4.74,4,['대주주/대량보유'],"['주식등의대량보유상황보고서(약식)', '주식등의대량보유상황보고서(일반)', '주식등의대량보유상황보고서(약식)']",False
373220_2026-07-12_short_h5,373220_2026-07-12_short,2,2026-07-12,short,373220,LG에너지솔루션,숏,단기,5,0.42,313500.0,False,,ok,"force -43.2(유일 -40 이하, 최강 분산·떠넘기기 의심)·2차전지 부진(엘앤에프·에코프로 적자)·07-09 -0.6%로 미급락(스퀴즈 위험 낮음). 손절 +9%. 상승 반박=2차전지 고베타 반등 위험 → 외인 순매수 전환 시 즉시 청산. entry_ref=기준일 07-09 종가.",,,,,,,,,,,,,,,,,-43.2,강한 분산 — 떠넘기기 의심,-100,38.49,89.11,0.58,7008145750.0,246189116000.0,krx,0,89.1,79.4,1,-38.1,-18.5,38.5,False,4,1.47,0,혼조,,,,neutral,46,,,,,,,,,,,,,,,,2290,296,0.13,outflow,-35778.5,-374740.0,1,30,-3.57,70,2462,-617,608,0,1.47,5.8,-7.57,일차전지 및 이차전지 제조업,0.05,0.44,1392.5,38.5,1,-18.5,-36.58,-10.89,2.5,2.52,3.16,-17.98,25.27,848250,메가(10조+),KOSPI,True,,2026-07-08,4,True,matured,39,1.12,,,,2.71,6.54,1.12,,,6.86,2,-5.37,1.12,5,0.0,1.28,,,-9.74,10.86,1.12,1.12,1.12,,,,False,False,317000.0,313372,437946,444175,0.74,0.51,-111,165,-67,4.63,3.83,,-10.04,10.86,2,['대주주/대량보유'],"['임원ㆍ주요주주특정증권등소유상황보고서', '임원ㆍ주요주주특정증권등소유상황보고서']",False
096770_2026-07-14_pick_h5,096770_2026-07-14_pick,2,2026-07-14,pick,096770,SK이노베이션,단기스윙,단기,5,0.45,110200.0,False,부분,ok,"유가 급등·정제마진 강세(싱가포르 20.9달러)의 정유 최선호. 단 거래량 3.5배 극단 급증·당일 +7%로 추격 경계, 눌림 분할.",,,,,,,,,,,,8.0,-6.0,-6.0,7.0,3.0,33.1,매집 우위,100,64.05,110.41,3.498,-4964653600.0,5027562800.0,naver,15,110.4,94.8,2,-29.1,-2.2,64.1,False,,,,,,,,neutral,51,,,,,,,,,,,,,,,,,,,,,,,0,-5.63,-47,50,1092,-1035,0,0.12,-10.3,-15.46,석유 정제품 제조업,-0.09,-1.95,529.5,64.1,2,-2.22,-26.44,10.41,14.1,-8.95,-6.65,-25.32,11.75,233124,메가(10조+),KOSPI,True,,,,True,matured,38,7.44,,,,6.17,6.08,7.44,,,10.16,2,-4.2,5.54,4,1.81,5.54,,,-0.14,7.58,7.44,7.44,7.44,7.44,8.0,,False,True,118400.0,802235,495818,480498,3.74,0.96,-197,1861,-1136,0.18,-4.81,,-6.04,7.58,0,[],[],False
011200_2026-07-14_pick_h5,011200_2026-07-14_pick,6,2026-07-14,pick,011200,HMM,단기스윙,단기,5,0.5,19550.0,False,부분,ok,"호르무즈 봉쇄 우려로 유조선·운임 강세, force +43 매집·RSI 59로 과열 아님. 물동량 급감의 양면성은 리스크.",,,,,,,,,,,,8.0,-6.0,-6.0,7.0,4.0,43.4,강한 매집 — 세력 유입,100,59.09,99.92,1.222,8320354100.0,-6503036030.0,naver,0,99.9,97.8,0,-25.5,-8.2,59.1,False,,,,,,,,neutral,51,,,,,,,,,,,,,,,,,,,,,,,0,-5.63,84,-63,269,-351,0,1.16,2.6,-15.46,해상 운송업,0.29,-1.22,286.8,59.1,0,-8.22,-24.66,-0.08,4.1,-8.95,-6.65,-25.32,11.75,202325,메가(10조+),KOSPI,True,,,,True,matured,38,3.84,,,,2.81,3.07,3.84,,,3.84,5,0.0,2.56,2,1.25,2.81,,,-0.14,3.98,3.84,3.84,3.84,3.84,3.84,,False,True,20300.0,2415311,1512156,1466999,0.77,0.93,242,258,-501,0.26,-0.46,,-6.04,3.98,0,[],[],False
207940_2026-07-14_pick_h20,207940_2026-07-14_pick,16,2026-07-14,pick,207940,삼성바이오로직스,장투가능,중기,20,0.5,1395000.0,False,부분,ok,"반도체·유가와 무관한 방어 CDMO. force +54(최강 매집), 외국인·기관 순매수, 20일 +5%로 상대강세.",,,,,,,,,,,,7.0,-6.0,-6.0,7.0,5.0,54.3,강한 매집 — 세력 유입,100,61.48,101.59,0.73,7579759000.0,160875250000.0,naver,0,101.6,99.0,2,-29.5,5.1,61.5,False,,,,,,,,neutral,51,,,,,,,,,,,,,,,,,,,,,,,0,-5.63,76,1604,443,-506,0,0.4,44.5,-15.46,기초 의약물질 제조업,0.09,-0.58,870.2,61.5,2,5.11,-28.75,1.59,13.4,-8.95,-6.65,-25.32,11.75,678625,메가(10조+),KOSPI,True,,,,True,matured,38,11.04,,,,-0.86,-3.58,-1.65,6.02,11.04,15.34,19,-3.73,-3.58,3,19.63,0.0,,,-3.35,14.39,11.04,12.47,12.0,11.04,7.0,,False,True,1549000.0,65068,62505,62377,1.12,0.65,1350,2586,-3765,-0.57,-4.01,,7.45,14.39,2,['대주주/대량보유'],"['임원ㆍ주요주주특정증권등소유상황보고서', '주식등의대량보유상황보고서(약식)']",False
068270_2026-07-14_pick_h20,068270_2026-07-14_pick,18,2026-07-14,pick,068270,셀트리온,장투가능,중기,20,0.45,175100.0,False,부분,ok,"바이오시밀러 방어주, 기관 순매수(+975억). force +48 강한 매집. 약가·경쟁이 리스크.",,,,,,,,,,,,7.0,-6.0,-6.0,7.0,4.0,47.6,강한 매집 — 세력 유입,100,60.96,100.77,1.04,18152912300.0,80846671300.0,naver,0,100.8,96.9,0,-26.8,0.1,61.0,False,,,,,,,,neutral,51,,,,,,,,,,,,,,,,,,,,,,,0,-5.63,187,812,982,-1276,0,0.13,20.5,-15.46,기초 의약물질 제조업,0.17,-1.15,1109.7,61.0,0,0.06,-26.07,0.77,6.0,-8.95,-6.65,-25.32,11.75,433366,메가(10조+),KOSPI,True,,,,True,matured,38,15.36,,,,0.34,-1.43,-2.86,2.8,15.36,20.22,19,-4.04,-2.86,5,23.75,-2.0,,,-3.35,18.71,15.36,13.82,12.0,15.36,7.0,,False,True,202000.0,710511,637396,633740,1.39,0.6,2027,2307,-4426,0.0,-1.88,,7.45,18.71,8,['대주주/대량보유'],"['주식등의대량보유상황보고서(약식)', '임원ㆍ주요주주특정증권등소유상황보고서', '임원ㆍ주요주주특정증권등소유상황보고서']",False
035420_2026-07-14_pick_h5,035420_2026-07-14_pick,11,2026-07-14,pick,035420,NAVER,단기스윙,단기,5,0.5,191300.0,False,미반영,ok,"내수·저유가 무관 방어 + 외국인 순매수(+2,000억/20d), RSI 36 과매도. force +44 매집.",,,,,,,,,,,,8.0,-6.0,-6.0,7.0,5.0,44.2,강한 매집 — 세력 유입,100,36.03,91.34,0.592,93734401100.0,200015049300.0,naver,0,91.3,87.0,0,-38.2,-24.2,36.0,False,,,,,,,,neutral,51,,,,,,,,,,,,,,,,,,,,,,,0,-5.63,935,2010,-10,-918,0,0.69,9.6,-15.46,"자료처리, 호스팅, 포털 및 기타 인터넷 정보매개 서비스업",0.4,-0.39,2326.6,36.0,0,-24.19,-34.49,-8.66,0.0,-8.95,-6.65,-25.32,11.75,331527,메가(10조+),KOSPI,True,,,,True,matured,38,2.93,,,,-0.89,-2.82,2.93,,,2.93,5,0.0,-2.82,3,5.92,0.89,,,-0.14,3.07,2.93,2.93,2.93,2.93,2.93,,False,True,196900.0,946614,1203373,1216211,0.75,0.52,807,327,-1068,-2.09,-5.33,,-6.04,3.07,12,"['대주주/대량보유', '증자(희석)']","['주요사항보고서(유상증자결정)', '임원ㆍ주요주주특정증권등소유상황보고서', '임원ㆍ주요주주특정증권등소유상황보고서']",False
095340_2026-07-14_pick_h5,095340_2026-07-14_pick,10,2026-07-14,pick,095340,ISC,단기스윙,단기,5,0.4,153500.0,False,미반영,ok,"반도체 테스트소켓, 외국인 +3,627억(20d) 대량 순매수·RSI 31.6 과매도. 반도체 피크아웃 직결 고베타가 리스크.",,,,,,,,,,,,10.0,-7.0,-7.0,8.0,2.0,40.3,강한 매집 — 세력 유입,100,31.61,88.39,0.871,73321865100.0,362675173000.0,naver,0,88.4,74.2,3,-47.5,-26.7,31.6,False,,,,,,,,neutral,51,,,,,,,,,,,,,,,,,,,,,,,0,-5.63,730,3624,-538,-198,1,0.18,-79.4,-15.46,우량기업부,1.29,-0.35,564.6,31.6,3,-26.73,-43.36,-11.61,7.5,-8.95,-6.65,-25.32,11.75,39427,대형(1조+),KOSDAQ,True,,,,True,matured,38,-8.47,,,,3.26,-11.66,-8.47,,,3.26,1,-14.45,-11.66,3,3.61,-9.32,3,-11.66,-0.14,-8.33,-11.66,-11.66,-11.66,-11.66,-11.66,3,False,False,140500.0,322295,365622,367788,0.44,0.69,109,-50,-51,0.0,-6.84,,-6.04,-2.43,1,['대주주/대량보유'],['주식등의대량보유상황보고서(약식)'],False
373220_2026-07-14_short_h5,373220_2026-07-14_short,3,2026-07-14,short,373220,LG에너지솔루션,숏,단기,5,0.5,326000.0,False,,ok,"force -44 강한 분산·OBV -87.5(분배). 유가 급등은 2차전지에 즉효 아님. 과매도 스퀴즈 위험 → 손절 넓게(+8~10%), 저점 +8% 반등 시 커버.",,,,,,,,,,,,,,,,,-44.1,강한 분산 — 떠넘기기 의심,-100,42.95,90.94,0.706,5326746000.0,228080610000.0,naver,0,90.9,80.2,2,-37.7,-21.9,42.9,False,,,,,,,,neutral,51,,,,,,,,,,,,,,,,,,,,,,,0,-5.63,40,2235,-436,385,1,1.47,5.8,-15.46,일차전지 및 이차전지 제조업,0.03,0.27,1448.1,42.9,2,-21.88,-36.09,-9.06,5.0,-8.95,-6.65,-25.32,11.75,848250,메가(10조+),KOSPI,True,,,,True,matured,38,-1.53,,,,2.76,-2.61,-1.53,,,2.76,1,-5.37,-2.76,4,1.26,-2.76,,,-0.14,-1.39,-1.53,-1.53,-1.53,,,,False,True,321000.0,368900,440627,444213,0.73,0.5,-67,25,34,1.84,-2.91,,-6.04,-1.39,2,['대주주/대량보유'],"['임원ㆍ주요주주특정증권등소유상황보고서', '임원ㆍ주요주주특정증권등소유상황보고서']",False
066970_2026-07-14_short_h5,066970_2026-07-14_short,3,2026-07-14,short,066970,엘앤에프,숏,단기,5,0.45,101300.0,False,,ok,"force -37 분산, 양극재 공급과잉·외인 순매도. 낙폭과대 반등·스퀴즈 위험으로 손절 넓게·분할.",,,,,,,,,,,,,,,,,-37.3,분산 우위 — 경계,-100,41.74,90.58,1.068,-3783270100.0,52963335100.0,naver,0,90.6,67.3,2,-55.0,-28.5,41.7,False,,,,,,,,neutral,51,,,,,,,,,,,,,,,,,,,,,,,0,-5.63,-43,525,-72,114,1,1.6,23.0,-15.46,일차전지 및 이차전지 제조업,-0.11,0.29,397.8,41.7,2,-28.51,-52.44,-9.42,5.0,-8.95,-6.65,-25.32,11.75,46584,대형(1조+),KOSPI,True,,,,True,matured,38,-18.66,,,,-6.12,-17.47,-18.66,,,-6.12,1,-13.35,-18.66,5,0.0,-18.26,2,-9.18,-0.14,-18.52,-9.18,-9.18,-9.18,,,,False,True,82400.0,511327,398342,392693,0.7,0.79,36,-281,240,2.47,-12.44,,-6.04,-18.52,1,['대주주/대량보유'],['주식등의대량보유상황보고서(일반)'],False
005930_2026-07-15_pick_h5,005930_2026-07-15_pick,11,2026-07-15,pick,005930,삼성전자,단기스윙,단기,5,0.5,263000.0,False,부분,ok,"반도체 대장 과매도 반등, 기관 07-14 대량 순매수 매집, SK하이닉스 ADR +27% read-through, grade A. 외국인 매도는 기관 3.2조·CPI 둔화·SOX +2.54%로 상쇄(07-14 종가 기준)",,,,,,,,,,,,8.0,-5.0,-5.0,7.0,6.0,46.3,강한 매집 — 세력 유입,100,33.26,83.44,1.264,-930065547250.0,-15757273602250.0,krx,0,83.4,90.5,1,-29.8,-23.3,33.3,False,14,0.02,0,,,,,neutral,57,,,,,,,,,,,,,,,,664,1874,2.82,inflow,-9969.9,-403348.0,0,30,-5.68,-9301,-157573,17880,-6991,2,0.02,,-10.44,통신 및 방송 장비 제조업,-0.11,-0.08,86149.9,33.3,1,-23.32,-27.45,-16.56,2.5,0.73,-8.28,-24.77,10.74,15784952,메가(10조+),KOSPI,True,,2026-07-10,5,True,matured,37,2.66,,,,-3.04,-1.52,2.66,,,2.66,5,0.0,-7.22,2,10.66,-0.95,,,3.5,-0.84,2.66,2.66,2.66,-7.22,-7.22,2,False,True,270000.0,24873414,32381235,32756626,0.49,0.83,20208,-16689,-3676,7.79,3.8,,0.8,-0.84,90,['대주주/대량보유'],"['임원ㆍ주요주주특정증권등소유상황보고서', '임원ㆍ주요주주특정증권등소유상황보고서', '임원ㆍ주요주주특정증권등소유상황보고서']",True
000660_2026-07-15_pick_h1,000660_2026-07-15_pick,13,2026-07-15,pick,000660,SK하이닉스,단기스윙,임박,1,0.45,1913000.0,False,강함,ok,미 ADR +27.29%·바클레이스 목표 $330·HBM 공급부족 → 국내 갭업 임박. 선반영 강함이라 갭업 추격 금지·눌림목 대기. force -36.1은 07-14 기준(ADR 미반영). 외국인 07-14 순매수 전환,,,,,,,,,,,,7.0,-6.0,-6.0,6.0,4.0,-36.1,분산 우위 — 경계,-100,34.96,78.39,1.698,-2102944551500.0,-22491464183000.0,krx,0,78.4,95.2,1,-36.0,-19.7,35.0,False,66,0.01,0,증가,,,,neutral,57,,,,,,,,,,,,,,,,664,1874,2.82,inflow,-9969.9,-403348.0,0,30,-5.68,-21029,-224915,6090,13783,0,0.01,881.3,-10.44,반도체 제조업,-0.17,0.11,124016.4,35.0,1,-19.69,-34.46,-21.61,2.5,0.73,-8.28,-24.77,10.74,13024679,메가(10조+),KOSPI,True,,2026-07-10,5,True,matured,37,-3.71,,,,-3.71,,,,,-3.71,1,0.0,-3.71,1,0.0,,,,-0.53,-3.18,-3.71,-3.71,-3.71,-3.71,-3.71,,False,False,1842000.0,6046951,6462066,6482822,0.87,0.87,-1610,-5991,7320,10.82,8.21,,1.0,-3.18,2,"['대주주/대량보유', '증자(희석)']","['임원ㆍ주요주주특정증권등소유상황보고서', '유상증자또는주식관련사채등의발행결과(자율공시)']",False
207940_2026-07-15_pick_h20,207940_2026-07-15_pick,17,2026-07-15,pick,207940,삼성바이오로직스,장투가능,중기,20,0.45,1368000.0,False,부분,ok,"제약바이오 RS 1위 상대강도 방어주, 실적 가시성(2026 매출 +16~20%), grade A·OPM 강함·FCF 흑자. 급락장에서 -2.3%만 하락한 상대강도. 노사갈등·일부 목표가 하향은 리스크",,,,,,,,,,,,10.0,-6.0,-8.0,8.0,6.0,52.2,강한 매집 — 세력 유입,100,48.2,99.14,1.031,6369153000.0,155544769500.0,krx,0,99.1,97.0,0,-31.2,2.6,48.2,False,29,0.38,0,증가,,,,neutral,57,,,,,,,,,,,,,,,,664,1874,2.82,inflow,-9969.9,-403348.0,0,30,-5.68,64,1555,265,-320,1,0.38,12.6,-10.44,기초 의약물질 제조업,0.07,-0.37,870.2,48.2,0,2.63,-30.38,-0.86,1.0,0.73,-8.28,-24.77,10.74,678625,메가(10조+),KOSPI,True,,2026-07-10,5,True,matured,37,14.33,,,,2.05,1.97,0.8,11.62,14.33,17.62,18,-3.73,-1.68,2,19.63,0.29,,,-0.63,14.96,14.33,12.94,12.0,14.33,10.0,,False,True,1564000.0,40849,62528,63612,1.12,0.65,1778,2176,-3770,1.17,0.58,,9.87,14.96,2,['대주주/대량보유'],"['임원ㆍ주요주주특정증권등소유상황보고서', '주식등의대량보유상황보고서(약식)']",False
012450_2026-07-15_short_h5,012450_2026-07-15_short,16,2026-07-15,short,012450,한화에어로스페이스,숏,단기,5,0.5,871000.0,False,,ok,"force -46.0 최강 분산·기관 매도, KB 목표 175만→140만 하향, 2Q 지상방산 영업익 -20% 실적하회, 방산 RS 14 모멘텀 붕괴. 대신 최선호주·중동 방산수혜는 반대재료라 손절 +10% 넓게. entry_ref 07-14 추정(-6.84%)",,,,,,,,,,,,,,,,,-46.0,강한 분산 — 떠넘기기 의심,-100,32.32,81.67,0.941,46561615000.0,74582778500.0,krx,0,81.7,72.8,0,-47.3,-26.3,32.3,False,4,0.01,0,감소,,,,neutral,57,,,,,,,,,,,,,,,,664,1874,2.82,inflow,-9969.9,-403348.0,0,30,-5.68,466,746,-760,288,1,0.01,-15.7,-10.44,"항공기,우주선 및 부품 제조업",0.22,0.14,2108.1,32.3,0,-26.29,-43.27,-18.33,0.0,0.73,-8.28,-24.77,10.74,535744,메가(10조+),KOSPI,True,,2026-07-10,5,True,matured,37,9.99,,,,8.27,3.21,9.99,,,9.99,5,0.0,0.46,2,9.49,2.3,,,3.5,6.49,9.99,9.99,9.99,,,,False,False,958000.0,249391,242384,242033,0.87,1.71,116,80,-199,5.05,3.21,,0.8,6.49,1,['대주주/대량보유'],['임원ㆍ주요주주특정증권등소유상황보고서'],False
247540_2026-07-15_short_h5,247540_2026-07-15_short,4,2026-07-15,short,247540,에코프로비엠,숏,단기,5,0.45,112600.0,False,,ok,"1.2조 유상증자(희석 ~10.1%)+금감원 07-14 정정요구로 신고서 효력정지=오버행. 공매도잔고 3.29%·2차전지 약세. 취소 아닌 지연·지주사 참여·소액주주 반발 무산은 반등 여지라 확신 절제, 저점 +8% 반등 시 커버",,,,,,,,,,,,,,,,,34.0,매집 우위,100,30.38,81.33,0.723,-5155999950.0,39354672650.0,krx,0,81.3,62.4,0,-56.7,-37.3,30.4,False,31,3.29,15,감소,,,,neutral,57,,,,,,,,,,,,,,,,664,1874,2.82,inflow,-9969.9,-403348.0,0,30,-5.68,-52,394,194,-142,4,3.29,-18.5,-10.44,중견기업부,-0.07,-0.19,748.4,30.4,0,-37.27,-54.23,-18.67,0.0,0.73,-8.28,-24.77,10.74,104385,메가(10조+),KOSDAQ,True,,2026-07-10,5,True,matured,37,4.97,,,,-0.18,-5.95,4.97,,,4.97,5,0.0,-7.55,2,13.54,-4.53,,,3.5,1.47,4.97,4.97,4.97,,,,False,False,118200.0,426284,653318,664670,0.54,0.48,84,78,-160,1.48,1.48,,0.8,4.17,0,[],[],False
066970_2026-07-15_short_h5,066970_2026-07-15_short,4,2026-07-15,short,066970,엘앤에프,숏,단기,5,0.4,101300.0,False,,ok,"force -37.5 분산, 2차전지 유증 오버행 확산, grade 관찰·FCF 음, 20일 -35.9%·52주고가 -59.6% 하락추세. 과매도 반등 위험으로 저점 +8% 반등 시 즉시 커버, entry_ref FSC 07-13 종가(07-14 미확정)",,,,,,,,,,,,,,,,,-37.5,분산 우위 — 경계,-100,35.41,83.08,1.301,-2459179900.0,42591138550.0,krx,0,83.1,60.8,0,-59.6,-35.9,35.4,False,6,1.48,0,혼조,,,,neutral,57,,,,,,,,,,,,,,,,664,1874,2.82,inflow,-9969.9,-403348.0,0,30,-5.68,-25,426,-200,223,2,1.48,3.6,-10.44,일차전지 및 이차전지 제조업,-0.06,0.54,412.2,35.4,0,-35.92,-57.37,-16.92,0.0,0.73,-8.28,-24.77,10.74,46584,대형(1조+),KOSPI,True,,2026-07-10,5,True,matured,37,-12.04,,,,-9.18,-18.26,-12.04,,,-9.18,1,-10.43,-18.66,4,8.13,-18.66,1,-9.18,3.5,-15.54,-9.18,-9.18,-9.18,,,,False,True,89100.0,278556,400845,406959,0.61,0.78,126,-170,41,-7.6,-8.98,,0.8,-15.54,1,['대주주/대량보유'],['주식등의대량보유상황보고서(일반)'],False
005930_2026-07-16_pick_h5,005930_2026-07-16_pick,12,2026-07-16,pick,005930,삼성전자,단기스윙,단기,5,0.55,279500.0,False,미반영,ok,"외국인 5일 +4,504억 순매수 전환(코스피 flip의 실체) + 등급 A 펀더멘털(OPM 13.1%·FCF +33.2조), 52주고가 대비 -25.4%·RSI 32.8 과매도로 추격 아님",,,,,,,,,,,,8.0,-5.0,-5.0,7.0,8.0,46.4,강한 매집 — 세력 유입,100,32.83,89.63,0.74,450423014000.0,-14579789333500.0,krx,0,89.6,95.8,2,-25.4,-19.3,32.8,False,14,0.0,0,,,,,risk-on,80,,,,,,,,,,,,,,,,2176,386,0.18,inflow,6634.7,-370400.1,0,30,5.66,4504,-145798,13893,-16710,0,0.0,,0.52,통신 및 방송 장비 제조업,0.05,-0.18,92496.6,32.8,2,-19.34,-22.9,-10.37,5.0,6.24,7.01,-20.08,17.64,15784952,메가(10조+),KOSPI,True,,2026-07-13,3,True,matured,36,-10.73,,,,-12.7,-6.8,-10.73,,,-3.4,4,-7.59,-12.7,1,10.66,-3.4,1,-12.7,-8.15,-2.58,-12.7,-12.7,-12.7,-12.7,-12.7,1,False,False,249500.0,27001478,32803493,33093594,0.49,0.82,6373,-24128,17134,-5.37,-9.66,,-9.79,-2.58,90,['대주주/대량보유'],"['임원ㆍ주요주주특정증권등소유상황보고서', '임원ㆍ주요주주특정증권등소유상황보고서', '임원ㆍ주요주주특정증권등소유상황보고서']",True
207940_2026-07-16_pick_h20,207940_2026-07-16_pick,18,2026-07-16,pick,207940,삼성바이오로직스,장투가능,중기,20,0.55,1383000.0,False,부분,ok,"바이오 RS 1위(20일 -1.84%로 전 섹터 낙폭 최소) + 외국인 20일 +1,597억 일관 순매수 + OPM 45.4%(+16.4pp)·GPM 55.2%·FCF 흑자 등급 A",,,,,,,,,,,,10.0,-6.0,-6.0,7.0,7.0,51.0,강한 매집 — 세력 유입,100,49.69,100.18,0.642,34321601000.0,159710535500.0,krx,0,100.2,98.4,1,-30.4,0.9,49.7,False,29,0.38,0,증가,,,,risk-on,80,,,,,,,,,,,,,,,,2176,386,0.18,inflow,6634.7,-370400.1,0,30,5.66,343,1597,82,-421,0,0.38,12.8,0.52,기초 의약물질 제조업,0.4,-0.49,866.4,49.7,1,0.95,-29.62,0.18,2.9,6.24,7.01,-20.08,17.64,678625,메가(10조+),KOSPI,True,,2026-07-13,3,True,matured,36,11.93,,,,-2.75,-0.8,9.76,7.38,11.93,16.34,17,-3.79,-2.75,1,19.63,-0.29,,,-4.21,16.14,11.93,12.0,12.0,11.93,10.0,,False,True,1548000.0,29974,61088,62643,1.14,0.66,1538,2224,-3581,0.43,-2.02,,4.25,16.14,2,['대주주/대량보유'],"['임원ㆍ주요주주특정증권등소유상황보고서', '주식등의대량보유상황보고서(약식)']",False
068270_2026-07-16_pick_h5,068270_2026-07-16_pick,19,2026-07-16,pick,068270,셀트리온,단기스윙,단기,5,0.5,175700.0,False,부분,ok,"매출 +17.0%·OPM 28.1%(+14.3pp)·GPM 59.3% 등급 A + 외국인 5일 +378억·20일 +914억 순매수 + 자사주 취득(흡수) 3건, 52주고가 대비 -26.6%",,,,,,,,,,,,8.0,-5.0,-5.0,7.0,6.0,47.5,강한 매집 — 세력 유입,100,52.2,101.13,0.758,37764701600.0,91393456750.0,krx,0,101.1,97.7,1,-26.6,0.6,52.2,False,19,0.12,0,감소,,,,risk-on,80,,,,,,,,,,,,,,,,2176,386,0.18,inflow,6634.7,-370400.1,0,30,5.66,378,914,554,-909,0,0.12,-13.9,0.52,기초 의약물질 제조업,0.33,-0.8,1137.5,52.2,1,0.63,-25.82,1.13,2.7,6.24,7.01,-20.08,17.64,433366,메가(10조+),KOSPI,True,,2026-07-13,3,True,matured,36,1.08,,,,-1.76,-3.19,1.08,,,1.08,5,0.0,-3.19,3,4.41,-1.99,,,-8.15,9.23,1.08,1.08,1.08,1.08,1.08,,False,True,177600.0,498638,640314,647398,1.26,0.59,536,266,-773,0.0,-2.56,,-9.79,9.23,8,['대주주/대량보유'],"['주식등의대량보유상황보고서(약식)', '임원ㆍ주요주주특정증권등소유상황보고서', '임원ㆍ주요주주특정증권등소유상황보고서']",False
066570_2026-07-16_pick_h5,066570_2026-07-16_pick,3,2026-07-16,pick,066570,LG전자,단기스윙,단기,5,0.5,194000.0,False,미반영,ok,"52주고가 대비 -55.7%로 워치풀 최대 할인 + 외국인 20일 +1,092억·기관 5일 +741억 동반 순매수 + 공시 오버행 6(최저)·거래량비 0.63. 단 OPM 2.8% 등급 C로 장투 부적격이라 단기 반등 한정",,,,,,,,,,,,8.0,-5.0,-5.0,7.0,6.0,49.1,강한 매집 — 세력 유입,100,44.06,98.35,0.75,16314990600.0,109189497000.0,krx,0,98.3,95.3,1,-55.7,-17.3,44.1,False,6,1.1,0,혼조,,,,risk-on,80,,,,,,,,,,,,,,,,2176,386,0.18,inflow,6634.7,-370400.1,0,30,5.66,163,1092,741,-877,0,1.1,-2.9,0.52,통신 및 방송 장비 제조업,0.04,-0.24,3670.4,44.1,1,-17.27,-50.57,-1.65,2.5,6.24,7.01,-20.08,17.64,348573,메가(10조+),KOSPI,True,,2026-07-13,3,True,matured,36,-12.78,,,,-13.81,-5.82,-12.78,,,-3.35,4,-9.76,-13.81,1,12.14,-3.35,1,-13.81,-8.15,-4.63,-13.81,-13.81,-13.81,-13.81,-13.81,1,False,False,169200.0,1389002,1867983,1891933,0.59,0.65,-65,-209,258,-1.03,-8.51,,-9.79,-4.63,0,[],[],False
028260_2026-07-16_pick_h5,028260_2026-07-16_pick,7,2026-07-16,pick,028260,삼성물산,단기스윙,단기,5,0.5,367000.0,False,미반영,ok,"RSI 23.8로 워치풀 최과매도 + 외국인 5일 +504억 순매수 전환 + force +48.6 매집우위, 52주고가 대비 -35.0%",,,,,,,,,,,,8.0,-5.0,-5.0,7.0,5.0,48.6,강한 매집 — 세력 유입,100,23.79,83.58,0.92,50396295500.0,-259384136500.0,krx,0,83.6,89.2,1,-35.0,-25.1,23.8,False,18,0.07,0,감소,,,,risk-on,80,,,,,,,,,,,,,,,,2176,386,0.18,inflow,6634.7,-370400.1,0,30,5.66,504,-2594,26,-518,0,0.07,-79.3,0.52,기타 전문 도매업,0.18,-0.18,2849.4,23.8,1,-25.1,-31.4,-16.42,2.5,6.24,7.01,-20.08,17.64,622724,메가(10조+),KOSPI,True,,2026-07-13,3,True,matured,36,-6.81,,,,-13.49,-3.54,-6.81,,,-1.91,4,-5.0,-13.49,1,13.39,-1.91,1,-13.49,-8.15,1.34,-13.49,-13.49,-13.49,-13.49,-13.49,1,False,False,342000.0,652157,770492,776409,0.46,0.87,724,-318,-396,-3.95,-8.31,,-9.79,1.34,0,[],[],False
000270_2026-07-16_pick_h5,000270_2026-07-16_pick,12,2026-07-16,pick,000270,기아,단기스윙,단기,5,0.45,145000.0,False,부분,ok,6월 자동차 수출·내수·생산 트리플 증가(확정 통계) + 자동차 RS 14위 최대 소외 낙폭과대 + 기관 5일 +593억. 외국인 5일 -518억 순매도로 F3 적용해 단기스윙 한정,,,,,,,,,,,,7.0,-5.0,-5.0,7.0,5.0,48.8,강한 매집 — 세력 유입,74.6,53.77,99.14,0.927,-51848529550.0,25364541450.0,krx,0,99.1,92.3,1,-31.8,-12.8,53.8,False,6,0.01,0,감소,,,,risk-on,80,,,,,,,,,,,,,,,,2176,386,0.18,inflow,6634.7,-370400.1,0,30,5.66,-518,254,593,-46,0,0.01,-65.0,0.52,자동차용 엔진 및 자동차 제조업,-0.31,-0.03,1669.2,53.8,1,-12.81,-29.61,-0.86,2.5,6.24,7.01,-20.08,17.64,501290,메가(10조+),KOSPI,True,,2026-07-13,3,True,matured,36,-10.0,,,,-3.45,1.24,-10.0,,,3.31,4,-12.88,-10.0,5,0.0,3.31,5,-10.0,-8.15,-1.85,-10.0,-10.0,-10.0,-10.0,-10.0,5,False,False,130500.0,967288,1142418,1151175,0.49,1.32,606,-916,346,-1.1,-1.79,,-9.79,-1.85,0,[],[],False
011200_2026-07-16_pick_h5,011200_2026-07-16_pick,7,2026-07-16,pick,011200,HMM,단기스윙,단기,5,0.4,20100.0,False,부분,ok,중동 호르무즈 긴장으로 브렌트 +1.7% 운임 상방 + force +50.9 강한 매집. 단 OPM -16.6pp 급락·매출 -6.9% 등급 관찰이라 소액 옵션성 베팅,,,,,,,,,,,,7.0,-5.0,-5.0,7.0,4.0,50.9,강한 매집 — 세력 유입,100,63.85,103.9,1.022,9337989605.0,-19371323665.0,krx,0,103.9,100.8,2,-23.4,-9.0,63.8,False,6,1.1,0,혼조,,,,risk-on,80,,,,,,,,,,,,,,,,2176,386,0.18,inflow,6634.7,-370400.1,0,30,5.66,93,-194,235,-331,0,1.1,-5.4,0.52,해상 운송업,0.34,-1.2,276.0,63.8,2,-9.05,-22.54,3.9,13.8,6.24,7.01,-20.08,17.64,202325,메가(10조+),KOSPI,True,,2026-07-13,3,True,matured,36,7.71,,,,0.25,1.0,7.71,,,7.71,5,0.0,0.0,2,7.71,4.48,,,-8.15,15.86,7.71,7.71,7.71,7.71,7.0,,False,True,21650.0,1405959,1374595,1373027,2.09,0.65,446,329,-770,-0.8,-1.49,,-9.79,15.86,0,[],[],False
055550_2026-07-16_pick_h5,055550_2026-07-16_pick,14,2026-07-16,pick,055550,신한지주,단기스윙,단기,5,0.4,107300.0,False,강함,ok,"force +64.0 워치풀 최고 매집 + 공시 오버행 0·자사주 취득 + 기준금리 인상 예고 예대마진 개선. 단 52주고가 대비 -5.3% 유일 고점권이라 선반영 강함 — 눌림목 대기 권장, F5 제동으로 확신 상한 적용",,,,,,,,,,,,5.0,-4.0,-4.0,5.0,4.0,64.0,강한 매집 — 세력 유입,100,69.75,105.35,0.871,-2063316350.0,-93074141750.0,krx,0,105.4,107.9,1,-5.3,4.1,69.8,False,0,0.05,0,감소,,,,risk-on,80,,,,,,,,,,,,,,,,2176,386,0.18,inflow,6634.7,-370400.1,0,30,5.66,-21,-931,738,-194,0,0.05,-11.1,0.52,기타 금융업,-0.01,-0.12,1605.8,69.8,1,4.07,-1.74,5.35,39.5,6.24,7.01,-20.08,17.64,534704,메가(10조+),KOSPI,True,,2026-07-13,3,True,matured,36,-2.7,,,,-5.13,-2.61,-2.7,,,-2.42,2,-0.86,-5.13,1,2.85,-3.26,,,-8.15,5.45,-2.7,-2.7,-2.7,-5.13,-5.13,1,False,False,104400.0,1463864,1494975,1496530,0.73,0.92,573,-503,-41,1.21,-2.14,,-9.79,5.45,0,[],[],False
058470_2026-07-16_pick_h5,058470_2026-07-16_pick,12,2026-07-16,pick,058470,리노공업,단기스윙,단기,5,0.45,77900.0,False,미반영,ok,"외국인 20일 +3,027억 대량 순매수 + force +44.7 강한 매집, 52주고가 대비 -39.6%·RSI 36.6 과매도. 코스닥 neutral 콜에 맞춰 소액 제한",,,,,,,,,,,,9.0,-6.0,-6.0,8.0,3.0,44.7,강한 매집 — 세력 유입,100,36.57,96.88,0.584,26100502200.0,302697268600.0,krx,0,96.9,79.8,2,-39.6,-17.7,36.6,False,6,0.53,0,감소,,,,risk-on,80,,,,,,,,,,,,,,,,2176,386,0.18,inflow,6634.7,-370400.1,0,30,5.66,261,3027,-119,-156,1,0.53,-55.0,0.52,우량기업부,0.28,-0.17,937.6,36.6,2,-17.74,-38.66,-3.12,5.0,6.24,7.01,-20.08,17.64,52129,대형(1조+),KOSDAQ,True,,2026-07-13,3,True,matured,36,-11.94,,,,-11.3,-7.83,-11.94,,,-5.13,4,-7.17,-11.94,5,0.0,-5.13,1,-11.3,-8.15,-3.79,-11.3,-11.3,-11.3,-11.3,-11.3,1,False,False,68600.0,431494,1166843,1203610,0.56,0.39,228,-205,-22,-2.05,-7.57,,-9.79,-2.15,2,['대주주/대량보유'],"['주식등의대량보유상황보고서(약식)', '주식등의대량보유상황보고서(약식)']",False
272210_2026-07-16_pick_h5,272210_2026-07-16_pick,12,2026-07-16,pick,272210,한화시스템,단기스윙,단기,5,0.4,65800.0,False,미반영,ok,52주고가 대비 -64.2% 극단 할인 + 외국인 5일 +127억·20일 +533억 순매수 + force +45.1 강한 매집. 방산 섹터 RS 12위 동반 약세는 위험,,,,,,,,,,,,9.0,-6.0,-6.0,8.0,3.0,45.1,강한 매집 — 세력 유입,100,39.52,86.67,0.65,12651735400.0,53317258200.0,krx,0,86.7,66.6,1,-64.2,-37.5,39.5,False,6,0.91,0,혼조,,,,risk-on,80,,,,,,,,,,,,,,,,2176,386,0.18,inflow,6634.7,-370400.1,0,30,5.66,127,533,204,-331,0,0.91,4.4,0.52,전자부품 제조업,0.26,-0.67,497.3,39.5,1,-37.51,-59.56,-13.33,2.5,6.24,7.01,-20.08,17.64,133377,메가(10조+),KOSPI,True,,2026-07-13,3,True,matured,36,3.65,,,,-7.14,-5.93,3.65,,,5.93,4,-2.15,-7.9,2,15.02,5.93,,,-8.15,11.8,3.65,3.65,3.65,-7.14,-7.14,1,False,True,68200.0,451856,741251,755721,0.97,0.67,65,-171,78,2.58,-3.19,,-9.79,11.8,0,[],[],False
267260_2026-07-16_pick_h5,267260_2026-07-16_pick,8,2026-07-16,pick,267260,HD현대일렉트릭,단기스윙,단기,5,0.4,823000.0,False,미반영,ok,"외국인 5일 +285억 순매수 + AI 데이터센터 전력 수요 + force +40.0, 52주고가 대비 -42.4%·RSI 38.0. 외국인 20일 -1,016억 잔상은 위험",,,,,,,,,,,,8.0,-6.0,-6.0,7.0,3.0,40.0,강한 매집 — 세력 유입,100,38.0,89.13,0.821,28464176000.0,-101551577500.0,krx,0,89.1,76.5,2,-42.4,-26.5,38.0,False,4,0.39,0,감소,,,,risk-on,80,,,,,,,,,,,,,,,,2176,386,0.18,inflow,6634.7,-370400.1,0,30,5.66,285,-1016,72,-331,1,0.39,-38.2,0.52,"전동기, 발전기 및 전기 변환 · 공급 · 제어 장치 제조업",0.19,-0.22,1509.4,38.0,2,-26.52,-42.04,-10.87,5.0,6.24,7.01,-20.08,17.64,275040,메가(10조+),KOSPI,True,,2026-07-13,3,True,matured,36,-1.58,,,,-8.63,-3.4,-1.58,,,5.59,4,-6.79,-8.63,1,15.56,5.59,,,-8.15,6.57,-8.63,-8.63,-8.63,-8.63,-8.63,1,False,False,810000.0,155320,182062,183399,0.71,0.54,117,132,-256,-2.19,-5.71,,-9.79,6.57,1,['대주주/대량보유'],['임원ㆍ주요주주특정증권등소유상황보고서'],False
047810_2026-07-16_short_h5,047810_2026-07-16_short,13,2026-07-16,short,047810,한국항공우주,숏,단기,5,0.4,147500.0,False,,ok,"외국인 20일 -1,980억·5일 -482억 분배 지속 + 공매도 잔고 4.34%가 10일간 +23.0% 급증(워치풀 최대) + RSI 53.8로 과매도가 아니고 20일 -5.2%에 그쳐 하락 여지 존재. B12 flip 레짐 스퀴즈 위험 감안해 손절 +9% 넓게·분할 진입, 저점 대비 +8% 반등 시 즉시 커버",,,,,,,,,,,,,,,,,-12.5,중립/관망,-48.0,53.76,99.46,0.68,-48220147400.0,-197957357650.0,krx,0,99.5,93.4,1,-31.6,-5.2,53.8,False,6,4.34,25,증가,,,,risk-on,80,,,,,,,,,,,,,,,,2176,386,0.18,inflow,6634.7,-370400.1,0,30,5.66,-482,-1980,464,6,18,4.34,23.0,0.52,"항공기,우주선 및 부품 제조업",-0.72,0.01,670.1,53.8,1,-5.21,-26.98,-0.54,2.5,6.24,7.01,-20.08,17.64,126133,메가(10조+),KOSPI,True,,2026-07-13,3,True,matured,36,7.19,,,,-2.44,1.22,7.19,,,11.25,4,-3.66,-3.39,2,15.16,11.25,,,-8.15,15.34,7.19,7.19,7.19,,,,False,False,158100.0,335809,448693,454337,1.27,1.07,-577,995,-388,0.2,-0.95,,-9.79,15.34,4,['대주주/대량보유'],"['주식등의대량보유상황보고서(약식)', '주식등의대량보유상황보고서(일반)', '주식등의대량보유상황보고서(약식)']",False
000270_2026-07-17_pick_h5,000270_2026-07-17_pick,13,2026-07-17,pick,000270,기아,단기스윙,단기,5,0.55,149700.0,False,미반영,ok,"force +64.0으로 58종목 중 최고. 코스피 -6.37% 급락일에 +3.2% 상승한 상대강도. 2분기 영업이익 2조7,920억 전망으로 현대차(-14.33% YoY) 대비 우위, 하이브리드 판매 +33.1%, 환율 1,478원이 수출 채산성 방어. 반도체·레버리지ETF 노출 없음. 리스크는 지수 베타와 관세.",,,,,,,,,,,,8.0,-6.0,-5.0,7.0,6.0,64.0,강한 매집 — 세력 유입,100,59.81,102.67,0.84,19811209400.0,51720530900.0,naver,0,102.7,95.4,2,-29.6,-5.7,59.8,False,6,,,,,,,neutral,51,,,,,,,,,,,,,,,,,,,,,,,0,-0.27,188,478,372,-489,0,0.01,-65.0,-6.46,자동차용 엔진 및 자동차 제조업,0.11,-0.28,1716.5,59.8,2,-5.73,-27.33,2.67,9.8,-6.37,-0.53,-25.17,9.67,501290,메가(10조+),KOSPI,True,,,,True,matured,35,-12.89,,,,-3.41,0.07,-12.89,,,0.07,3,-12.95,-12.89,5,0.0,-12.83,4,-12.83,-0.95,-11.94,-12.83,-12.83,-12.83,-12.83,-12.83,4,False,False,130400.0,876708,1133748,1146600,0.49,0.93,444,-1231,786,-4.48,-7.75,,-3.41,-11.94,0,[],[],False
068270_2026-07-17_pick_h5,068270_2026-07-17_pick,20,2026-07-17,pick,068270,셀트리온,단기스윙,단기,5,0.5,175800.0,False,미반영,ok,"force +50.0 강한 매집. 외국인 5일 +570억·20일 +832억 순매수 지속, 기관 +296억. 급락장에서 20일 수익률 +1.3%로 플러스 유지. 유럽 직판 네트워크 기반 성장, 2분기 두 자릿수 성장 전망. 52주고가 대비 -26.5%로 위치 낮음. 금리인상 민감도 낮은 방어주.",,,,,,,,,,,,7.0,-6.0,-5.0,6.0,4.0,50.0,강한 매집 — 세력 유입,100,59.5,101.13,0.77,56951328000.0,83153238900.0,naver,0,101.1,97.9,2,-26.5,1.3,59.5,False,19,,,,,,,neutral,51,,,,,,,,,,,,,,,,,,,,,,,0,-0.27,575,835,304,-884,0,0.12,-13.9,-6.46,기초 의약물질 제조업,0.5,-0.77,1143.0,59.5,2,1.27,-25.78,1.13,10.0,-6.37,-0.53,-25.17,9.67,433366,메가(10조+),KOSPI,True,,,,True,matured,35,1.65,,,,-2.39,-2.05,1.65,,,1.65,5,0.0,-3.24,2,5.06,1.02,,,-0.95,2.6,1.65,1.65,1.65,1.65,1.65,,False,True,178700.0,473598,641762,650170,0.77,0.59,282,523,-779,-1.14,-2.79,,-3.41,2.6,7,['대주주/대량보유'],"['주식등의대량보유상황보고서(약식)', '임원ㆍ주요주주특정증권등소유상황보고서', '임원ㆍ주요주주특정증권등소유상황보고서']",False
055550_2026-07-17_pick_h5,055550_2026-07-17_pick,15,2026-07-17,pick,055550,신한지주,단기스윙,단기,5,0.5,107900.0,False,부분,ok,"7/16 기준금리 2.75% 인상 확정으로 NIM 개선 경로. 코픽스 6월 3.05%로 1년5개월 최고. 7월 KRX 은행지수 +11.81% vs 코스피 -12.25%로 25%p 아웃퍼폼. 하반기 자사주 8,000~8,500억이 수급 지지. 2Q 순이익 1조6,162억(+2.47%). 단 RSI 77.1로 F2·F5 게이트 저촉 — 분할 진입, 확신 상한 ",,,,,,,,,,,,6.0,-5.0,-4.0,5.0,4.0,41.8,강한 매집 — 세력 유입,100,77.08,105.57,0.978,16883439600.0,-109428157200.0,naver,15,105.6,108.4,2,-4.8,7.0,77.1,False,0,,,,,,,neutral,51,,,,,,,,,,,,,,,,,,,,,,,0,-0.27,166,-1098,578,-221,1,0.05,-11.1,-6.46,기타 금융업,0.1,-0.14,1617.8,77.1,2,7.04,-1.19,5.57,51.8,-6.37,-0.53,-25.17,9.67,534704,메가(10조+),KOSPI,True,,,,True,matured,35,-2.69,,,,-2.97,-3.8,-2.69,,,-2.69,5,0.0,-3.8,3,1.16,-3.24,,,-0.95,-1.74,-2.69,-2.69,-2.69,-2.69,-2.69,,False,False,105000.0,1377804,1493595,1499385,0.47,0.73,567,-528,-21,-3.15,-7.32,,-3.41,-1.74,0,[],[],False
207940_2026-07-17_pick_h5,207940_2026-07-17_pick,19,2026-07-17,pick,207940,삼성바이오로직스,단기스윙,단기,5,0.45,1396000.0,False,미반영,ok,"force +53.7 강한 매집, 외국인 5일 +397억·20일 +1,338억 순매수. CDMO 수주 확대·증설 효과, 2032년까지 7.5조 투자. 52주고가 대비 -29.7%, 20일 -2.4%로 급락장 방어. 다만 7/23 2분기 실적발표가 T+5 채점 시점과 겹쳐 양방향 이벤트 리스크 — 확신도·비중 제한. 5월 노조파업 인건비, 오버행 29.",,,,,,,,,,,,7.0,-6.0,-5.0,6.0,4.0,53.7,강한 매집 — 세력 유입,100,55.8,101.25,0.478,39664449000.0,133831784000.0,naver,0,101.3,99.5,2,-29.7,-2.4,55.8,False,29,,,,,,,neutral,51,,,,,,,,,,,,,,,,,,,,,,,0,-0.27,401,1339,81,-471,0,0.38,12.8,-6.46,기초 의약물질 제조업,0.49,-0.58,816.1,55.8,2,-2.38,-28.96,1.25,5.8,-6.37,-0.53,-25.17,9.67,678625,메가(10조+),KOSPI,True,,,,True,matured,35,10.67,,,,-0.07,-1.22,10.67,,,10.67,5,0.0,-1.72,2,12.61,8.74,,,-0.95,11.62,10.67,10.67,10.67,10.67,7.0,,False,True,1545000.0,40527,57604,58457,1.73,0.65,311,1762,-2063,2.29,-3.94,,-3.41,11.62,1,['대주주/대량보유'],['주식등의대량보유상황보고서(약식)'],False
011200_2026-07-17_pick_h5,011200_2026-07-17_pick,8,2026-07-17,pick,011200,HMM,단기스윙,단기,5,0.45,20050.0,False,부분,ok,"force +53.3 강한 매집. SCFI 3,327로 2개월 +74%, 2분기 평균 SCFI 2,336(+42% YoY)로 2분기 호실적 예고. 홍해 우회 장기화·선복 부족. 다만 반대논거(홍해 정상화 시 운임 프리미엄 즉시 소멸, 업계는 3분기 중후반 안정 전망)를 설득력 있게 반박하지 못해 확신도 한 단계 하향·비중 최소화. RSI 67.8 과열 임박",,,,,,,,,,,,7.0,-6.0,-5.0,6.0,3.0,53.3,강한 매집 — 세력 유입,100,67.76,103.75,1.024,15238010230.0,-3996397430.0,naver,0,103.7,100.6,0,-23.6,-2.0,67.8,False,6,,,,,,,neutral,51,,,,,,,,,,,,,,,,,,,,,,,0,-0.27,155,-36,257,-414,0,1.1,-5.4,-6.46,해상 운송업,0.57,-1.51,273.3,67.8,0,-1.96,-22.74,3.75,12.8,-6.37,-0.53,-25.17,9.67,202325,메가(10조+),KOSPI,True,,,,True,matured,35,2.99,,,,0.25,4.74,2.99,,,7.98,4,-4.62,0.25,1,7.71,7.98,,,-0.95,3.94,2.99,2.99,2.99,2.99,7.0,,False,True,20650.0,1415098,1365476,1362995,2.1,0.66,372,339,-707,-0.75,-4.19,,-3.41,3.94,0,[],[],False
068270_2026-07-18_pick_h20,068270_2026-07-18_pick,21,2026-07-18,pick,068270,셀트리온,장투가능,중기,20,0.5,175800.0,False,부분,ok,"외국인이 코스피에서 20일 -40.56조를 순매도하는 와중에 셀트리온은 5일 +575억·20일 +835억 순매수 중. 기관 +304억, 개인만 -884억 순매도로 수급 구조가 건전. OPM 28.1%(+14.3pp 개선)·GPM 59.3%·FCF +4,225억 3년 흑자지속·매출 +17.0%로 DART 기준 펀더멘털 A등급. 제약바이오 RS 1위. 리스크는",,,,,,,,,,,,10.0,-6.0,-5.0,7.0,6.0,50.0,강한 매집 — 세력 유입,100,59.5,101.13,0.77,57487512350.0,83477836900.0,krx,0,101.1,97.9,2,-26.5,1.3,59.5,False,19,,,,,,,risk-off,28,25.0,공포(롱 회피·falling knife),True,1.848,,,,,2.75,-1.4,,,,,,885,1670,1.89,outflow,-11775.3,-398709.5,1,30,-0.27,575,835,304,-884,0,0.12,-13.9,-6.46,기초 의약물질 제조업,0.5,-0.77,1143.0,59.5,2,1.27,-25.78,1.13,10.0,-6.37,-0.53,-25.17,9.67,433366,메가(10조+),KOSPI,False,market_context.json,,,True,matured,35,11.21,,,,-2.39,-2.05,1.65,3.64,11.21,19.74,16,-7.13,-3.24,2,23.75,1.02,,,0.72,10.49,11.21,13.37,12.0,11.21,10.0,,True,True,195500.0,473598,641762,650170,1.38,0.59,2413,1585,-4074,-1.14,-2.79,,5.35,10.49,8,['대주주/대량보유'],"['임원ㆍ주요주주특정증권등소유상황보고서', '주식등의대량보유상황보고서(약식)', '임원ㆍ주요주주특정증권등소유상황보고서']",False
207940_2026-07-18_pick_h20,207940_2026-07-18_pick,20,2026-07-18,pick,207940,삼성바이오로직스,장투가능,중기,20,0.5,1396000.0,False,부분,ok,"7월 16일 반도체가 -6.53% 붕괴한 날 +0.94% 상승. 제약바이오 20일 모멘텀 -2.44%로 14개 섹터 중 최고 방어력. OPM 45.4%(+16.4pp)·GPM 55.2%(+4.8pp) 동반 개선으로 일회성이 아닌 구조적 마진 개선. FCF +7,727억 3년 흑자지속. 리스크는 매출 +0.2% 정체(CDMO 수주 피크아웃 우려)와 공시 오버",,,,,,,,,,,,9.0,-6.0,-5.0,7.0,6.0,53.7,강한 매집 — 세력 유입,100,55.8,101.25,0.478,40101692500.0,133912065500.0,krx,0,101.3,99.5,2,-29.7,-2.4,55.8,False,29,,,,,,,risk-off,28,25.0,공포(롱 회피·falling knife),True,1.848,,,,,2.75,-1.4,,,,,,885,1670,1.89,outflow,-11775.3,-398709.5,1,30,-0.27,401,1339,81,-471,0,0.38,12.8,-6.46,기초 의약물질 제조업,0.49,-0.58,816.1,55.8,2,-2.38,-28.96,1.25,5.8,-6.37,-0.53,-25.17,9.67,678625,메가(10조+),KOSPI,False,market_context.json,,,True,matured,35,9.67,,,,-0.07,-1.22,10.67,1.93,9.67,15.26,16,-4.85,-1.72,2,17.27,8.74,,,0.72,8.95,9.67,12.39,12.0,9.67,9.0,,False,True,1531000.0,40527,57604,58457,1.21,0.65,1531,2185,-3538,2.29,-3.94,,5.35,8.95,2,['대주주/대량보유'],"['임원ㆍ주요주주특정증권등소유상황보고서', '주식등의대량보유상황보고서(약식)']",False
000270_2026-07-18_pick_h5,000270_2026-07-18_pick,14,2026-07-18,pick,000270,기아,단기스윙,단기,5,0.45,149700.0,False,부분,ok,"force_score +64.0으로 58개 유니버스 중 1위. 7월 15일 +3.87%, 16일 +3.24%로 반도체 붕괴 이틀간 연속 상승(덜 빠진 것이 아니라 절대 상승). 원/달러 1,488.8원의 높은 레벨이 수출 마진에 우호. 애널리스트 컨센서스 매수. 리스크는 OPM 8.0%(-3.8pp)·GPM(-3.4pp) 동반 하락으로 마진 훼손 진행 중 ",,,,,,,,,,,,8.0,-5.0,-5.0,7.0,5.0,64.0,강한 매집 — 세력 유입,100,59.81,102.67,0.84,18797091950.0,47842359950.0,krx,0,102.7,95.4,2,-29.6,-5.7,59.8,False,6,,,,,,,risk-off,28,25.0,공포(롱 회피·falling knife),True,1.848,,,,,2.75,-1.4,,,,,,885,1670,1.89,outflow,-11775.3,-398709.5,1,30,-0.27,188,478,372,-489,0,0.01,-65.0,-6.46,자동차용 엔진 및 자동차 제조업,0.11,-0.28,1716.5,59.8,2,-5.73,-27.33,2.67,9.8,-6.37,-0.53,-25.17,9.67,501290,메가(10조+),KOSPI,False,market_context.json,,,True,matured,35,-12.89,,,,-3.41,0.07,-12.89,,,0.07,3,-12.95,-12.89,5,0.0,-12.83,4,-12.83,-0.95,-11.94,-12.83,-12.83,-12.83,-12.83,-12.83,4,False,False,130400.0,876708,1133748,1146600,0.49,0.93,444,-1231,786,-4.48,-7.75,,-3.41,-11.94,0,[],[],False
017670_2026-07-18_pick_h5,017670_2026-07-18_pick,9,2026-07-18,pick,017670,SK텔레콤,단기스윙,단기,5,0.45,89700.0,False,부분,ok,7월 16일 +5.53%로 통신 섹터(+3.39%) 주도. VIX +12.19% 위험회피 국면의 전형적 방어주 수혜이며 통신 20일 -4.39%로 방어력 3위. force +42.5. 리스크는 공시 오버행 26점의 자사주 처분(확정 매물 출회) + 매출 -4.7% 역성장 + 부채비율 132.4% — 이 반박이 약해 확신도를 0.45로 낮추고 눌림목 분할 진,,,,,,,,,,,,7.0,-5.0,-4.0,6.0,5.0,42.5,강한 매집 — 세력 유입,100,47.98,101.46,1.352,8215199300.0,212601163650.0,krx,0,101.5,92.5,2,-35.7,-6.5,48.0,False,26,,,,,,,risk-off,28,25.0,공포(롱 회피·falling knife),True,1.848,,,,,2.75,-1.4,,,,,,885,1670,1.89,outflow,-11775.3,-398709.5,1,30,-0.27,82,2126,370,-453,2,0.09,35.0,-6.46,전기 통신업,0.09,-0.5,911.4,48.0,2,-6.47,-28.35,1.46,5.0,-6.37,-0.53,-25.17,9.67,201473,메가(10조+),KOSPI,False,market_context.json,,,True,matured,35,9.14,,,,-5.13,10.93,9.14,,,11.48,4,-2.1,-5.13,1,17.51,11.48,,,-0.95,10.09,9.14,9.14,9.14,-5.13,-5.13,1,False,True,97900.0,1094065,1019765,1016050,3.91,0.84,-3704,3298,333,-4.68,-9.81,,-3.41,10.09,2,['대주주/대량보유'],"['주식등의대량보유상황보고서(약식)', '임원ㆍ주요주주특정증권등소유상황보고서']",False
011200_2026-07-18_pick_h5,011200_2026-07-18_pick,9,2026-07-18,pick,011200,HMM,단기스윙,단기,5,0.4,20050.0,False,부분,ok,"호르무즈 통과 선박이 7월 16일 8척으로 3주래 최저(마린트래픽) — 심리가 아닌 실제 물동량 데이터로 확인된 운임 상승 촉매. 외국인 +155억·기관 +257억 순매수, 개인 -414억. force +53.3. 리스크는 OPM 13.4%(-16.6pp 급락)·매출 -6.9%·FCF 음수의 하강 사이클 + 애널리스트 컨센서스 중립(상승여력 +13.2%)으",,,,,,,,,,,,8.0,-6.0,-5.0,7.0,3.0,53.3,강한 매집 — 세력 유입,100,67.76,103.75,1.024,15459379380.0,-3566065415.0,krx,0,103.7,100.6,0,-23.6,-2.0,67.8,False,6,,,,,,,risk-off,28,25.0,공포(롱 회피·falling knife),True,1.848,,,,,2.75,-1.4,,,,,,885,1670,1.89,outflow,-11775.3,-398709.5,1,30,-0.27,155,-36,257,-414,0,1.1,-5.4,-6.46,해상 운송업,0.57,-1.51,273.3,67.8,0,-1.96,-22.74,3.75,12.8,-6.37,-0.53,-25.17,9.67,202325,메가(10조+),KOSPI,False,market_context.json,,,True,matured,35,2.99,,,,0.25,4.74,2.99,,,7.98,4,-4.62,0.25,1,7.71,7.98,,,-0.95,3.94,2.99,2.99,2.99,2.99,2.99,,False,True,20650.0,1415098,1365476,1362995,2.1,0.66,372,339,-707,-0.75,-4.19,,-3.41,3.94,0,[],[],False
145020_2026-07-18_pick_h5,145020_2026-07-18_pick,12,2026-07-18,pick,145020,휴젤,단기스윙,단기,5,0.4,239500.0,False,미반영,ok,"공매도 잔고가 10일간 -79.7% 급감(대규모 커버링 = 하방 압력 소멸). 7월 15일 +2.86%·16일 +2.57% 연속 상승으로 반도체 붕괴장에서 상대강세. GPM 78.4%·OPM 47.2%·FCF +1,205억 3년 흑자·매출 +14.0%로 DART 등급 A. 리스크는 force -17.8(분산 우위)로 세력이 이탈 중이라는 신호가 펀더멘털 A",,,,,,,,,,,,8.0,-6.0,-5.0,7.0,2.5,-17.8,분산 우위 — 경계,-57.4,44.84,95.89,0.576,-259772750.0,-5736709500.0,krx,0,95.9,93.5,2,-35.1,-4.6,44.8,False,33,0.01,0,감소,,,,risk-off,28,25.0,공포(롱 회피·falling knife),True,1.848,,,,,2.75,-1.4,,,,,,885,1670,1.89,outflow,-11775.3,-398709.5,1,30,-0.27,-3,-57,-25,22,0,0.01,-79.7,-6.46,우량기업부,-0.02,0.15,142.0,44.8,2,-4.58,-33.66,-4.11,5.0,-6.37,-0.53,-25.17,9.67,30412,대형(1조+),KOSDAQ,False,market_context.json,2026-07-14,4,True,matured,35,1.46,,,,-4.59,0.84,1.46,,,1.46,5,0.0,-7.52,2,9.71,-2.09,,,-0.95,2.41,1.46,1.46,1.46,-7.52,-7.52,2,False,True,243000.0,37811,58285,59309,0.76,0.92,-14,21,-6,-0.21,-4.59,,-3.41,4.87,1,['대주주/대량보유'],['주식등의대량보유상황보고서(일반)'],False
214150_2026-07-18_pick_h5,214150_2026-07-18_pick,3,2026-07-18,pick,214150,클래시스,단기스윙,단기,5,0.35,44100.0,False,미반영,ok,"7월 15일 보합(0.00%)으로 급락장 방어, 외국인 5일 +35억·20일 +23억 순매수(소액이나 부호 플러스). GPM 77.5%·OPM 50.7% 고마진, FCF +1,447억 3년 흑자, 52주고가 -43.2%의 깊은 낙폭. 리스크는 7월 16일 -3.18%로 방어 흐름이 하루 만에 붕괴 + force -11.0으로 매집 근거 없음 + 매출 추세 ",,,,,,,,,,,,8.0,-6.0,-5.0,7.0,2.0,-11.0,중립/관망,-45.7,47.49,94.4,0.841,3511827575.0,2269199675.0,krx,0,94.4,89.7,0,-43.2,-4.0,47.5,False,18,,,,,,,risk-off,28,25.0,공포(롱 회피·falling knife),True,1.848,,,,,2.75,-1.4,,,,,,885,1670,1.89,outflow,-11775.3,-398709.5,1,30,-0.27,35,23,-51,16,0,2.13,57.2,-6.46,우량기업부,0.32,0.15,109.6,47.5,0,-4.03,-41.67,-5.6,0.0,-6.37,-0.53,-25.17,9.67,20875,대형(1조+),KOSDAQ,False,market_context.json,,,True,matured,35,2.95,,,,-0.79,0.34,2.95,,,2.95,5,0.0,-1.59,2,4.61,0.79,,,-0.95,3.9,2.95,2.95,2.95,2.95,2.95,,False,True,45400.0,146978,243642,248475,0.83,0.94,48,-7,-40,-0.91,-3.85,,-3.41,6.36,0,[],[],False
047810_2026-07-18_short_h5,047810_2026-07-18_short,14,2026-07-18,short,047810,한국항공우주,숏,단기,5,0.45,149200.0,False,,ok,"외국인 19일 연속 순매도(5일 -350억·20일 -2,006억 동시 음수)가 미-이란 지정학 격화 국면을 그대로 관통. 시장이 방산 수혜 서사를 사고 있다면 나올 수 없는 이탈이다. FCF -1.09조·부채비율 546.6%로 금리 4%대 환경에서 치명적. 기계장비 섹터 RS 13위(20일 -25.0%). 가격이 +4.54%/+1.15%로 오르는 것은 수혜",,,,,,,,,,,,,,,,,-7.4,중립/관망,-39.7,55.31,100.71,0.739,-35004184950.0,-200551647750.0,krx,0,100.7,94.9,2,-30.8,-1.8,55.3,False,6,,,,,,,risk-off,28,25.0,공포(롱 회피·falling knife),True,1.848,,,,,2.75,-1.4,,,,,,885,1670,1.89,outflow,-11775.3,-398709.5,1,30,-0.27,-350,-2006,340,4,19,4.34,23.0,-6.46,"항공기,우주선 및 부품 제조업",-0.52,0.01,679.0,55.3,2,-1.84,-26.14,0.71,5.3,-6.37,-0.53,-25.17,9.67,126133,메가(10조+),KOSPI,False,market_context.json,,,True,matured,35,-2.01,,,,-4.49,9.99,-2.01,,,9.99,3,-10.91,-4.49,1,15.16,5.97,,,-0.95,-1.06,-2.01,-2.01,-2.01,,,,True,True,146200.0,444004,454547,455074,1.26,1.06,-807,954,-128,0.2,-4.83,,-3.41,-1.06,4,['대주주/대량보유'],"['주식등의대량보유상황보고서(약식)', '주식등의대량보유상황보고서(일반)', '주식등의대량보유상황보고서(약식)']",False
086520_2026-07-18_short_h5,086520_2026-07-18_short,2,2026-07-18,short,086520,에코프로,숏,단기,5,0.45,80000.0,False,,ok,"외국인 5일 -344억·20일 -986억 동시 음수. 7월 15일 +9.23% 급등을 16일 -7.41%로 되돌려 고점 회복 실패(반등이 매물에 막히는 전형적 분배 패턴). OPM +15.7pp 개선에도 FCF -4,730억 음수 지속·부채비율 217.9%·DART 등급 C. 공시 오버행 31점의 증자 플래그는 예정된 희석. 손절 +10% 넓게.",,,,,,,,,,,,,,,,,-46.0,강한 분산 — 떠넘기기 의심,-100,41.59,85.44,0.543,-34388974050.0,-98552977750.0,krx,0,85.4,65.1,0,-57.9,-31.9,41.6,False,31,,,,,,,risk-off,28,25.0,공포(롱 회피·falling knife),True,1.848,,,,,2.75,-1.4,,,,,,885,1670,1.89,outflow,-11775.3,-398709.5,1,30,-0.27,-344,-986,260,84,1,6.43,6.7,-6.46,중견기업부,-0.3,0.07,1134.6,41.6,0,-31.91,-56.76,-14.56,0.0,-6.37,-0.53,-25.17,9.67,112015,메가(10조+),KOSDAQ,False,market_context.json,,,True,matured,35,0.75,,,,-6.0,5.37,0.75,,,5.37,3,-7.35,-6.0,1,12.1,-2.38,,,-0.95,1.7,0.75,0.75,0.75,,,,False,False,80600.0,747228,1386268,1418220,0.67,0.57,-85,125,-35,-3.12,-9.25,,-3.41,4.16,2,['대주주/대량보유'],"['주식등의대량보유상황보고서(일반)', '주식등의대량보유상황보고서(약식)']",False
112040_2026-07-18_short_h5,112040_2026-07-18_short,5,2026-07-18,short,112040,위메이드,숏,단기,5,0.4,16640.0,False,,ok,"영업적자 -435억(OPM -15.1%) + 매출 -59.5% 급감으로 반등의 펀더멘털 근거 부재. 공매도 잔고 3.88%(3% 기준 초과)가 10일간 +22.6% 추가 증가 중 — 스퀴즈는 잔고가 줄 때(커버링) 오지 늘 때 오지 않는다. 외국인 5일·20일 동시 음수, 공시 오버행 18점. 저유동성(vol_ratio 0.35) 스퀴즈 변동성 대비 손절 ",,,,,,,,,,,,,,,,,-18.4,분산 우위 — 경계,-31.0,54.3,92.89,0.35,-218054905.0,-4131959565.0,krx,0,92.9,84.0,0,-52.3,-4.5,54.3,False,18,3.88,25,증가,,,,risk-off,28,25.0,공포(롱 회피·falling knife),True,1.848,,,,,2.75,-1.4,,,,,,885,1670,1.89,outflow,-11775.3,-398709.5,1,30,-0.27,-2,-41,1,1,0,3.88,22.6,-6.46,중견기업부,-0.04,0.02,54.2,54.3,0,-4.53,-51.27,-7.11,0.0,-6.37,-0.53,-25.17,9.67,5160,중형(3천억+),KOSDAQ,False,market_context.json,2026-07-14,4,True,matured,35,-6.19,,,,-7.51,-2.46,-6.19,,,-2.46,3,-3.82,-8.89,2,7.06,-5.59,,,-0.95,-5.24,-8.89,-8.89,-8.89,,,,False,True,15610.0,127940,316557,325988,0.44,0.45,8,2,-9,-3.25,-6.97,,-3.41,-2.78,1,['대주주/대량보유'],['주식등의대량보유상황보고서(일반)'],False
041510_2026-07-18_short_h5,041510_2026-07-18_short,1,2026-07-18,short,041510,에스엠,숏,단기,5,0.4,69100.0,False,,ok,공매도 잔고 1.98%가 10일간 +42.0% 급증. 외국인 5일 -3억·20일 -203억 동시 음수인데 개인만 +49억 순매수로 받는 전형적 분배 구도. force -38.0 분산 우위. 7월 14~16일 3거래일 연속 하락(-3.47%/-1.80%/-2.68%)으로 가격 확인. 반대논거(OPM +6.8pp 개선·매출 +18.7% 성장)를 완전히 반박하지,,,,,,,,,,,,,,,,,-38.0,분산 우위 — 경계,-79.9,52.75,93.54,0.868,-287675250.0,-20348472850.0,krx,0,93.5,84.0,0,-55.4,-12.9,52.8,False,6,1.98,28,증가,,,,risk-off,28,25.0,공포(롱 회피·falling knife),True,1.848,,,,,2.75,-1.4,,,,,,885,1670,1.89,outflow,-11775.3,-398709.5,1,30,-0.27,-3,-203,-47,49,0,1.98,42.0,-6.46,우량기업부,-0.04,0.64,76.2,52.8,0,-12.86,-54.84,-6.46,0.0,-6.37,-0.53,-25.17,9.67,18293,대형(1조+),KOSDAQ,False,market_context.json,2026-07-14,4,True,matured,35,7.67,,,,-2.89,3.47,7.67,,,7.67,5,0.0,-3.04,2,11.04,1.01,,,-0.95,8.62,7.67,7.67,7.67,,,,False,False,74400.0,90936,109358,110279,1.15,0.84,46,-5,-39,-0.87,-2.89,,-3.41,11.08,0,[],[],False
207940_2026-07-19_pick_h5,207940_2026-07-19_pick,21,2026-07-19,pick,207940,삼성바이오로직스,장투가능,단기,5,0.6,1396000.0,False,부분,ok,"방어주 순환매 리더(force 53.7 강매집, 외인 5d +401억). 7/23 2분기 실적 촉매. 52주고 대비 -30%로 선반영 여지. 반대논거: 실적일 재료소멸 매도 위험 → 실적 전 분할.",,,,,,,,,,,,,,,,,53.7,강한 매집 — 세력 유입,100,55.8,101.25,0.478,40101692500.0,133912065500.0,krx,0,101.3,99.5,2,-29.7,-2.4,55.8,False,4,,,,,,,risk-off,28,,,,,,,,,,,,,,,,885,1670,1.89,outflow,-11775.3,-398709.5,1,30,-0.27,401,1339,81,-471,0,0.38,12.8,-6.46,기초 의약물질 제조업,0.49,-0.58,816.1,55.8,2,-2.38,-28.96,1.25,5.8,-6.37,-0.53,-25.17,9.67,678625,메가(10조+),KOSPI,True,,,,True,matured,35,10.67,,,,-0.07,-1.22,10.67,,,10.67,5,0.0,-1.72,2,12.61,8.74,,,-0.95,11.62,10.67,10.67,10.67,,,,False,True,1545000.0,40527,57604,58457,1.73,0.65,311,1762,-2063,2.29,-3.94,,-3.41,11.62,2,['대주주/대량보유'],"['임원ㆍ주요주주특정증권등소유상황보고서', '주식등의대량보유상황보고서(약식)']",False
068270_2026-07-19_pick_h5,068270_2026-07-19_pick,22,2026-07-19,pick,068270,셀트리온,장투가능,단기,5,0.5,175800.0,False,미반영,ok,"2분기 잠정 역대최대(매출1.3조·영익4,300억), 52주저점권(158,500). force 50, 외인+기관 매집. 반대논거: 잠정 공개분 선반영 해소 위험.",,,,,,,,,,,,,,,,,50.0,강한 매집 — 세력 유입,100,59.5,101.13,0.77,57487512350.0,83477836900.0,krx,0,101.1,97.9,2,-26.5,1.3,59.5,False,19,,,,,,,risk-off,28,,,,,,,,,,,,,,,,885,1670,1.89,outflow,-11775.3,-398709.5,1,30,-0.27,575,835,304,-884,0,0.12,-13.9,-6.46,기초 의약물질 제조업,0.5,-0.77,1143.0,59.5,2,1.27,-25.78,1.13,10.0,-6.37,-0.53,-25.17,9.67,433366,메가(10조+),KOSPI,True,,,,True,matured,35,1.65,,,,-2.39,-2.05,1.65,,,1.65,5,0.0,-3.24,2,5.06,1.02,,,-0.95,2.6,1.65,1.65,1.65,,,,False,True,178700.0,473598,641762,650170,0.77,0.59,282,523,-779,-1.14,-2.79,,-3.41,2.6,7,['대주주/대량보유'],"['주식등의대량보유상황보고서(약식)', '임원ㆍ주요주주특정증권등소유상황보고서', '임원ㆍ주요주주특정증권등소유상황보고서']",False
000270_2026-07-19_pick_h5,000270_2026-07-19_pick,15,2026-07-19,pick,000270,기아,단기스윙,단기,5,0.5,149700.0,False,부분,ok,"force 64(최상위)·OBV100, 외인+기관 순매수. 저PER·고배당 흑자. 반대논거: 7/16 이미 +3.24%(부분 선반영)·대미 관세 헤드라인 → 눌림 대기.",,,,,,,,,,,,,,,,,64.0,강한 매집 — 세력 유입,100,59.81,102.67,0.84,18797091950.0,47842359950.0,krx,0,102.7,95.4,2,-29.6,-5.7,59.8,False,6,,,,,,,risk-off,28,,,,,,,,,,,,,,,,885,1670,1.89,outflow,-11775.3,-398709.5,1,30,-0.27,188,478,372,-489,0,0.01,-65.0,-6.46,자동차용 엔진 및 자동차 제조업,0.11,-0.28,1716.5,59.8,2,-5.73,-27.33,2.67,9.8,-6.37,-0.53,-25.17,9.67,501290,메가(10조+),KOSPI,True,,,,True,matured,35,-12.89,,,,-3.41,0.07,-12.89,,,0.07,3,-12.95,-12.89,5,0.0,-12.83,4,-12.83,-0.95,-11.94,-12.83,-12.83,-12.83,,,,False,False,130400.0,876708,1133748,1146600,0.49,0.93,444,-1231,786,-4.48,-7.75,,-3.41,-11.94,0,[],[],False
005380_2026-07-19_pick_h20,005380_2026-07-19_pick,6,2026-07-19,pick,005380,현대차,장투가능,단기,20,0.5,425000.0,False,미반영,ok,"급락장에도 외국인 5d +1,801억(최대 유입), RSI 33.8 과매도. 저PER 흑자·글로벌 판매. 반대논거: 관세 리스크, 지수 급락 시 동반.",,,,,,,,,,,,,,,,,40.4,강한 매집 — 세력 유입,100,33.82,87.4,0.647,180149172250.0,-162856154750.0,krx,0,87.4,73.6,0,-45.7,-29.3,33.8,False,0,,,,,,,risk-off,28,,,,,,,,,,,,,,,,885,1670,1.89,outflow,-11775.3,-398709.5,1,30,-0.27,1801,-1629,-211,-1456,0,2.24,-14.4,-6.46,자동차용 엔진 및 자동차 제조업,0.39,-0.31,4665.3,33.8,0,-29.28,-43.33,-12.6,0.0,-6.37,-0.53,-25.17,9.67,804698,메가(10조+),KOSPI,True,,,,True,matured,35,2.35,,,,-6.12,1.65,-5.18,-7.53,2.35,6.59,19,-3.97,-17.41,8,29.06,-5.65,6,-14.35,0.72,1.63,-14.35,-14.35,-14.35,,,,False,True,435000.0,904770,1088519,1097706,1.11,0.88,950,-1078,147,-4.0,-7.18,,5.35,1.63,7,['대주주/대량보유'],"['임원ㆍ주요주주특정증권등소유상황보고서', '임원ㆍ주요주주특정증권등소유상황보고서', '임원ㆍ주요주주특정증권등소유상황보고서']",False
017670_2026-07-19_pick_h20,017670_2026-07-19_pick,10,2026-07-19,pick,017670,SK텔레콤,장투가능,중기,20,0.5,89700.0,False,부분,ok,"통신 방어주 RS3, 7/16 +5.5%. 안정 현금흐름·고배당으로 공포장 하방 방어. 반대논거: 반도체 반등 시 순환매 이탈(부분 선반영).",,,,,,,,,,,,,,,,,42.5,강한 매집 — 세력 유입,100,47.98,101.46,1.352,8215199300.0,212601163650.0,krx,0,101.5,92.5,2,-35.7,-6.5,48.0,False,26,,,,,,,risk-off,28,,,,,,,,,,,,,,,,885,1670,1.89,outflow,-11775.3,-398709.5,1,30,-0.27,82,2126,370,-453,2,0.09,35.0,-6.46,전기 통신업,0.09,-0.5,911.4,48.0,2,-6.47,-28.35,1.46,5.0,-6.37,-0.53,-25.17,9.67,201473,메가(10조+),KOSPI,True,,,,True,matured,35,11.26,,,,-5.13,10.93,9.14,-8.58,11.26,12.04,19,-0.7,-12.82,8,28.52,11.48,7,-12.37,0.72,10.54,-8.36,-8.36,-8.36,,,,False,True,99800.0,1094065,1019765,1016050,3.04,1.15,-5349,4586,645,-4.68,-9.81,,5.35,10.54,2,['대주주/대량보유'],"['주식등의대량보유상황보고서(약식)', '임원ㆍ주요주주특정증권등소유상황보고서']",False
035420_2026-07-19_pick_h20,035420_2026-07-19_pick,12,2026-07-19,pick,035420,NAVER,장투가능,중기,20,0.45,190000.0,False,부분,ok,"인터넷 방어, 외국인 5d +1,173억, force 45.8 강매집. 흑자 플랫폼. 반대논거: 청소년 SNS 규제 헤드라인.",,,,,,,,,,,,,,,,,45.8,강한 매집 — 세력 유입,100,44.37,95.99,0.661,117343190600.0,184190969700.0,krx,0,96.0,88.5,2,-37.5,-19.1,44.4,False,26,,,,,,,risk-off,28,,,,,,,,,,,,,,,,885,1670,1.89,outflow,-11775.3,-398709.5,1,30,-0.27,1173,1842,-209,-1031,0,0.68,-6.4,-6.46,"자료처리, 호스팅, 포털 및 기타 인터넷 정보매개 서비스업",0.57,-0.5,2063.7,44.4,2,-19.15,-33.8,-4.01,5.0,-6.37,-0.53,-25.17,9.67,331527,메가(10조+),KOSPI,True,,,,True,matured,35,14.21,,,,1.58,15.79,18.42,9.21,14.21,20.53,12,-8.3,1.58,1,18.65,9.21,,,0.72,13.49,14.21,15.79,12.0,,,,True,True,217000.0,630080,1064418,1086135,1.02,0.82,-778,4207,-3237,-1.74,-3.53,,5.35,13.49,9,"['대주주/대량보유', '증자(희석)']","['임원ㆍ주요주주특정증권등소유상황보고서', '임원ㆍ주요주주특정증권등소유상황보고서', '임원ㆍ주요주주특정증권등소유상황보고서']",False
035720_2026-07-19_pick_h5,035720_2026-07-19_pick,6,2026-07-19,pick,035720,카카오,단기스윙,단기,5,0.4,35900.0,False,부분,ok,"force 48.3, 외인+기관 매집, RSI 61 반등. 반대논거: 고베타 인터넷으로 지수 급락 시 동반 낙폭 큼 → 비중 축소·빠른 손절.",,,,,,,,,,,,,,,,,48.3,강한 매집 — 세력 유입,100,61.22,102.54,1.495,41385560600.0,44575618500.0,krx,0,102.5,88.3,2,-48.5,-8.7,61.2,False,34,,,,,,,risk-off,28,,,,,,,,,,,,,,,,885,1670,1.89,outflow,-11775.3,-398709.5,1,30,-0.27,414,446,180,-588,0,0.68,-24.0,-6.46,"자료처리, 호스팅, 포털 및 기타 인터넷 정보매개 서비스업",0.62,-0.88,666.8,61.2,2,-8.65,-46.97,2.54,11.2,-6.37,-0.53,-25.17,9.67,161916,메가(10조+),KOSPI,True,,,,True,matured,35,3.2,,,,-1.67,3.48,3.2,,,3.48,3,-2.56,-1.67,1,5.24,0.84,,,-0.95,4.15,3.2,3.2,3.2,,,,False,True,37050.0,1867585,1857757,1857266,1.21,0.71,85,149,-238,-0.84,-4.32,,-3.41,4.15,1,['대주주/대량보유'],['주식등의대량보유상황보고서(약식)'],False
064350_2026-07-19_short_h5,064350_2026-07-19_short,10,2026-07-19,short,064350,현대로템,숏,단기,5,0.55,159000.0,False,,ok,"force -46 강한분산(떠넘기기), 방산 '조기 종전' 후 조정 지속. 7/16 데드캣 반등. 무효화: +7% 반등 또는 신규 대형 수주 공시.",,,,,,,,,,,,,,,,,-46.0,강한 분산 — 떠넘기기 의심,-100,46.06,87.1,0.954,70852532250.0,215909582150.0,krx,0,87.1,77.7,0,-43.6,-24.8,46.1,False,6,,,,,,,risk-off,28,,,,,,,,,,,,,,,,885,1670,1.89,outflow,-11775.3,-398709.5,1,30,-0.27,709,2159,-795,84,1,0.1,141.5,-6.46,그외 기타 운송장비 제조업,0.79,0.09,900.3,46.1,0,-24.82,-40.89,-12.9,0.0,-6.37,-0.53,-25.17,9.67,138829,메가(10조+),KOSPI,True,,,,True,matured,35,-16.67,,,,-3.71,4.72,-16.67,,,4.72,3,-20.42,-16.67,5,0.0,-0.38,5,-16.67,-0.95,-15.72,-16.67,-16.67,-16.67,,,,False,True,132500.0,707753,572943,566202,0.71,1.88,108,-622,507,0.63,-8.49,,-3.41,-15.72,1,['대주주/대량보유'],['주식등의대량보유상황보고서(약식)'],False
329180_2026-07-19_short_h5,329180_2026-07-19_short,4,2026-07-19,short,329180,HD현대중공업,숏,단기,5,0.55,484000.0,False,,ok,"force -46 강한분산, 조선 세력 이탈, 고점 대비 -20%. 무효화: +7% 반등 또는 대형 수주.",,,,,,,,,,,,,,,,,-46.0,강한 분산 — 떠넘기기 의심,-100,32.61,86.73,0.821,-5656094500.0,156772863000.0,krx,0,86.7,76.9,2,-36.7,-29.2,32.6,False,6,,,,,,,risk-off,28,,,,,,,,,,,,,,,,885,1670,1.89,outflow,-11775.3,-398709.5,1,30,-0.27,-57,1568,-156,250,1,2.24,-10.8,-6.46,선박 및 보트 건조업,-0.04,0.15,1623.6,32.6,2,-29.24,-35.03,-13.27,5.0,-6.37,-0.53,-25.17,9.67,471276,메가(10조+),KOSPI,True,,,,True,matured,35,0.52,,,,-6.71,2.89,0.52,,,2.89,3,-2.51,-6.71,1,10.3,0.31,,,-0.95,1.47,0.52,0.52,0.52,,,,False,False,486500.0,288950,333242,335456,0.79,0.79,-243,168,73,-1.34,-8.06,,-3.41,1.47,0,[],[],False
034020_2026-07-19_short_h5,034020_2026-07-19_short,12,2026-07-19,short,034020,두산에너빌리티,숏,단기,5,0.55,69700.0,False,,ok,"force -45.1 강한분산, 외인 5d -965억 대량 매도, 원전 모멘텀 소멸. 무효화: +7% 반등 또는 원전 정책 촉매.",,,,,,,,,,,,,,,,,-45.1,강한 분산 — 떠넘기기 의심,-100,36.74,84.2,0.781,-96498471900.0,5049434050.0,krx,0,84.2,68.4,0,-49.9,-30.0,36.7,False,0,,,,,,,risk-off,28,,,,,,,,,,,,,,,,885,1670,1.89,outflow,-11775.3,-398709.5,1,30,-0.27,-965,50,457,521,4,0.25,-8.5,-6.46,일반 목적용 기계 제조업,-0.44,0.24,2206.8,36.7,0,-30.02,-48.9,-15.8,0.0,-6.37,-0.53,-25.17,9.67,563053,메가(10조+),KOSPI,True,,,,True,matured,35,1.72,,,,-4.16,5.02,1.72,,,5.02,3,-3.14,-4.16,1,9.58,3.44,,,-0.95,2.67,1.72,1.72,1.72,,,,False,False,70900.0,2835943,3150460,3166186,0.56,0.83,641,-226,-425,-5.45,-8.46,,-3.41,2.67,1,['대주주/대량보유'],['주식등의대량보유상황보고서(약식)'],False
207940_2026-07-20_pick_h20,207940_2026-07-20_pick,22,2026-07-20,pick,207940,삼성바이오로직스,장투가능,중기,20,0.5,1396000.0,False,부분,ok,"CDMO 수주와 원달러 1,485원 환산이익. 반도체·금리 사이클과 저상관인 방어 자산으로 20일 -2.4% 상대방어. (수급 결측 — force는 모멘텀 단독 산출)",,,,,,,,,,,,12.0,-7.0,-6.0,8.0,7.0,53.4,강한 매집 — 세력 유입,100,55.8,101.25,0.478,39664449000.0,133831784000.0,naver,0,101.3,99.5,2,-29.7,-2.4,55.8,False,4,,,,,,,risk-off,31,25.0,공포(롱 회피·falling knife),True,1.848,,,,,,,,,,,,,,,,,,,0,-0.27,401,1339,81,-471,0,0.38,12.8,-6.46,기초 의약물질 제조업,0.49,-0.58,816.1,55.8,2,-2.38,-28.96,1.25,5.8,-6.37,-0.53,-25.17,9.67,678625,메가(10조+),KOSPI,False,market_context.json,,,True,matured,35,9.67,,,,-0.07,-1.22,10.67,1.93,9.67,15.26,16,-4.85,-1.72,2,17.27,8.74,,,0.72,8.95,9.67,12.39,12.0,9.67,12.0,,False,True,1531000.0,40527,57604,58457,1.21,0.65,1531,2185,-3538,2.29,-3.94,,5.35,8.95,2,['대주주/대량보유'],"['임원ㆍ주요주주특정증권등소유상황보고서', '주식등의대량보유상황보고서(약식)']",False
011200_2026-07-20_pick_h5,011200_2026-07-20_pick,10,2026-07-20,pick,011200,HMM,단기스윙,단기,5,0.46,20050.0,False,부분,ok,호르무즈 봉쇄로 탱커 운임 급등. 탱커가 영업이익의 54.2%로 벌크(39.4%)를 앞서 중동 리스크의 직접 수혜 구조. 반대 신호로 컨테이너 지수 SCFI는 11주 만에 -4.3% 하락.,,,,,,,,,,,,8.0,-6.0,-5.0,7.0,6.0,56.7,강한 매집 — 세력 유입,100,67.76,103.75,1.024,15238010230.0,-3996397430.0,naver,0,103.7,100.6,0,-23.6,-2.0,67.8,False,6,,,,,,,risk-off,31,25.0,공포(롱 회피·falling knife),True,1.848,,,,,,,,,,,,,,,,,,,0,-0.27,155,-36,257,-414,0,1.1,-5.4,-6.46,해상 운송업,0.57,-1.51,273.3,67.8,0,-1.96,-22.74,3.75,12.8,-6.37,-0.53,-25.17,9.67,202325,메가(10조+),KOSPI,False,market_context.json,,,True,matured,35,2.99,,,,0.25,4.74,2.99,,,7.98,4,-4.62,0.25,1,7.71,7.98,,,-0.95,3.94,2.99,2.99,2.99,2.99,2.99,,False,True,20650.0,1415098,1365476,1362995,2.1,0.66,372,339,-707,-0.75,-4.19,,-3.41,3.94,0,[],[],False
000270_2026-07-20_pick_h20,000270_2026-07-20_pick,16,2026-07-20,pick,000270,기아,장투가능,중기,20,0.47,149700.0,False,부분,ok,"원달러 1,485원 고착에 따른 수출 환산이익과 PER 한 자릿수 저평가. 유니버스 내 force 1위(+64.0)이며 거래량 0.71배로 과열 없는 조용한 상대강세.",,,,,,,,,,,,11.0,-7.0,-6.0,8.0,6.0,64.0,강한 매집 — 세력 유입,100,59.81,102.67,0.84,19811209400.0,51720530900.0,naver,0,102.7,95.4,2,-29.6,-5.7,59.8,False,6,,,,,,,risk-off,31,25.0,공포(롱 회피·falling knife),True,1.848,,,,,,,,,,,,,,,,,,,0,-0.27,188,478,372,-489,0,0.01,-65.0,-6.46,자동차용 엔진 및 자동차 제조업,0.11,-0.28,1716.5,59.8,2,-5.73,-27.33,2.67,9.8,-6.37,-0.53,-25.17,9.67,501290,메가(10조+),KOSPI,False,market_context.json,,,True,matured,35,-8.35,,,,-3.41,0.07,-12.89,-13.43,-8.35,0.07,3,-19.63,-19.57,7,17.69,-12.83,4,-12.83,0.72,-9.07,-12.83,-12.83,-12.83,-12.83,-12.83,4,False,False,137200.0,876708,1133748,1146600,0.49,1.62,2340,-2048,-156,-4.48,-7.75,,5.35,-9.07,0,[],[],False
005930_2026-07-20_pick_h5,005930_2026-07-20_pick,13,2026-07-20,pick,005930,삼성전자,단기스윙,단기,5,0.42,255000.0,False,미반영,ok,07-22 갤럭시 언팩(폴드8 울트라·AI 글래스) 촉매와 D램 가격 전분기 대비 +80~85%. 20일 -29.7%로 미반영. [경고] 진입 전 외국인 순매도·개인 순매수 진행 중 — 분배 국면 합류 위험. force<20 게이트 위반이라 비중 최소화.,,,,,,,,,,,,9.0,-6.0,-5.0,7.0,5.0,-33.1,분산 우위 — 경계,-100,32.06,83.2,0.804,-8530334500.0,-15598168912500.0,naver,0,83.2,87.2,0,-31.9,-29.7,32.1,False,14,,,,,,,risk-off,31,25.0,공포(롱 회피·falling knife),True,1.848,,,,,,,,,,,,,,,,,,,0,-0.27,-13,-156664,-905,1542,1,0.0,,-6.46,통신 및 방송 장비 제조업,-0.0,0.02,83653.9,32.1,0,-29.66,-29.66,-16.8,0.0,-6.37,-0.53,-25.17,9.67,15784952,메가(10조+),KOSPI,False,market_context.json,,,True,matured,35,-0.39,,,,1.57,5.88,-0.39,,,5.88,3,-7.59,-2.16,4,1.8,-2.16,,,-0.95,0.56,-0.39,-0.39,-0.39,-0.39,-0.39,,False,False,254000.0,26804038,32519664,32805445,0.49,0.8,187,-11193,10801,-5.49,-5.88,,-3.41,0.56,90,['대주주/대량보유'],"['임원ㆍ주요주주특정증권등소유상황보고서', '임원ㆍ주요주주특정증권등소유상황보고서', '임원ㆍ주요주주특정증권등소유상황보고서']",True
096770_2026-07-20_short_h5,096770_2026-07-20_short,3,2026-07-20,short,096770,SK이노베이션,숏,단기,5,0.43,121400.0,False,,ok,"20일 +17.3%, 20일 이격도 120.5로 유니버스 최고, RSI 73.8, overheat 40. 지정학 프리미엄 과다 반영. 원유가 급등은 재고이익인 동시에 정제마진 압박인데 주가는 전자만 반영. 스퀴즈 대비 손절 +10% 넓게. 브렌트 95달러 돌파 또는 호르무즈 전면 폐쇄 공식화 시 즉시 커버.",,,,,,,,,,,,,,,,,39.0,매집 우위,100,73.84,120.53,3.463,-18042868100.0,-18695230600.0,naver,40,120.5,104.9,2,-21.9,17.3,73.8,False,18,,,,,,,risk-off,31,25.0,공포(롱 회피·falling knife),True,1.848,,,,,,,,,,,,,,,,,,,0,-0.27,-192,-200,1939,-1567,1,0.15,-6.6,-6.46,석유 정제품 제조업,-0.26,-2.12,738.4,73.8,2,17.29,-18.96,20.53,30.3,-6.37,-0.53,-25.17,9.67,233124,메가(10조+),KOSPI,False,market_context.json,,,True,matured,35,-3.87,,,,-4.2,8.9,-3.87,,,8.9,3,-11.72,-4.2,1,13.67,7.17,,,-0.95,-2.92,-3.87,-3.87,-3.87,,,,True,True,116700.0,808325,617757,608229,2.73,0.77,517,1876,-1213,-0.99,-3.95,,-3.41,-2.92,0,[],[],False
068270_2026-07-21_pick_h20,068270_2026-07-21_pick,23,2026-07-21,pick,068270,셀트리온,장투가능,중기,20,0.5,172600.0,False,미반영,ok,"외국인 5일 +380억·기관 +321억 동시 순매수에 20일 수익률 +1.4%로 지수 -12.84% 대비 절대 방어, 매출 +17.0%·OPM +14.3pp·FCF 3년 흑자",,,,,,,,,,,,8.0,-5.0,-5.0,7.0,7.0,49.9,강한 매집 — 세력 유입,100,42.14,99.22,0.728,38033303400.0,70401250600.0,naver,0,99.2,96.3,0,-27.9,1.4,42.1,False,19,,,,,,,neutral,43,25.0,공포(롱 회피·falling knife),True,1.848,,,,,2.75,-1.32,333620.0,-8.93,1.7,,2026-07-16,,,,,,,,,-10.48,385,708,328,-712,1,0.13,-14.8,-12.84,기초 의약물질 제조업,0.36,-0.67,1062.9,42.1,0,1.35,-27.13,-0.78,0.5,-4.46,-10.54,-28.51,2.0,433366,메가(10조+),KOSPI,True,,,,True,matured,34,12.46,,,,-1.45,2.9,2.78,7.65,12.46,21.96,15,-7.79,-1.45,1,23.75,3.53,,,-0.69,13.15,12.46,12.98,12.0,12.46,8.0,,True,True,194100.0,456723,608237,615813,1.46,0.62,2505,1512,-4106,-0.7,-2.55,,9.98,13.15,8,['대주주/대량보유'],"['임원ㆍ주요주주특정증권등소유상황보고서', '주식등의대량보유상황보고서(약식)', '임원ㆍ주요주주특정증권등소유상황보고서']",False
207940_2026-07-21_pick_h20,207940_2026-07-21_pick,23,2026-07-21,pick,207940,삼성바이오로직스,장투가능,중기,20,0.46,1345000.0,False,부분,ok,"스위스 폴리펩타이드그룹 2.7조원 인수 확정으로 펩타이드 CDMO 진입(시장 CAGR 20.3%), OPM +16.4pp 개선·FCF 3년 연속 흑자",,,,,,,,,,,,8.0,-5.0,-5.0,7.0,6.0,53.1,강한 매집 — 세력 유입,100,37.22,97.65,0.692,7677549000.0,116568638000.0,naver,0,97.7,96.2,0,-32.3,-2.1,37.2,False,4,,,,,,,neutral,43,25.0,공포(롱 회피·falling knife),True,1.848,,,,,2.75,-1.32,333620.0,-8.93,1.7,,2026-07-16,,,,,,,,,-10.48,79,1165,126,-233,1,0.39,9.9,-12.84,기초 의약물질 제조업,0.11,-0.31,746.8,37.2,0,-2.11,-31.55,-2.35,0.0,-4.46,-10.54,-28.51,2.0,678625,메가(10조+),KOSPI,True,,,,True,matured,34,14.8,,,,2.01,12.86,15.17,9.74,14.8,19.63,15,-4.85,2.01,1,17.27,14.87,,,-0.69,15.49,14.8,12.86,12.0,14.8,8.0,,False,True,1544000.0,51667,55340,55523,1.26,0.68,1727,2141,-3653,1.64,0.07,,9.98,15.49,2,['대주주/대량보유'],"['임원ㆍ주요주주특정증권등소유상황보고서', '주식등의대량보유상황보고서(약식)']",False
035420_2026-07-21_pick_h5,035420_2026-07-21_pick,13,2026-07-21,pick,035420,NAVER,단기스윙,단기,5,0.42,185900.0,False,미반영,ok,"외국인 5일 +875억 순매수에 RSI 33.0·vol_ratio 0.38로 추격 흔적 없는 과매도, 브룩필드 AI팩토리 조 단위 투자유치 협의(미확인)",,,,,,,,,,,,8.0,-5.0,-5.0,7.0,5.0,45.4,강한 매집 — 세력 유입,100,33.02,94.97,0.58,87512590600.0,133105797900.0,naver,0,95.0,86.8,0,-38.8,-19.0,33.0,False,26,,,,,,,neutral,43,25.0,공포(롱 회피·falling knife),True,1.848,,,,,2.75,-1.32,333620.0,-8.93,1.7,,2026-07-16,,,,,,,,,-10.48,874,1321,-170,-695,0,0.71,-6.0,-12.84,"자료처리, 호스팅, 포털 및 기타 인터넷 정보매개 서비스업",0.46,-0.37,1881.6,33.0,0,-19.0,-35.23,-5.03,0.0,-4.46,-10.54,-28.51,2.0,331527,메가(10조+),KOSPI,True,,,,True,matured,34,12.96,,,,5.92,11.62,12.96,,,21.03,4,-6.67,5.92,1,14.27,21.03,,,-7.56,20.52,12.96,18.34,12.0,12.96,8.0,,True,True,210000.0,876385,1005703,1012169,2.69,0.89,-2296,2792,-537,1.67,-0.11,,-5.84,20.52,2,"['대주주/대량보유', '증자(희석)']","['임원ㆍ주요주주특정증권등소유상황보고서', '주요사항보고서(유상증자결정)']",False
047810_2026-07-21_pick_h5,047810_2026-07-21_pick,15,2026-07-21,pick,047810,한국항공우주,단기스윙,단기,5,0.4,143900.0,False,미반영,ok,"한화시스템이 07-09~16 1,666억원으로 KAI 주식 113만5,470주를 장내매수해 한화 측 지분 13.61% 확보, 지배구조 재편 옵션",,,,,,,,,,,,8.0,-5.0,-5.0,7.0,4.0,46.6,강한 매집 — 세력 유입,100,45.23,97.21,0.976,-52121222600.0,-225874878200.0,naver,0,97.2,91.9,0,-33.2,-1.8,45.2,False,6,,,,,,,neutral,43,25.0,공포(롱 회피·falling knife),True,1.848,,,,,2.75,-1.32,333620.0,-8.93,1.7,,2026-07-16,,,,,,,,,-10.48,-526,-2274,664,-136,20,4.5,22.8,-12.84,"항공기,우주선 및 부품 제조업",-0.82,-0.21,642.9,45.2,0,-1.77,-28.76,-2.79,0.0,-4.46,-10.54,-28.51,2.0,126133,메가(10조+),KOSPI,True,,,,True,matured,34,-0.63,,,,3.75,9.87,-0.63,,,14.04,2,-12.86,-0.63,5,0.0,1.6,,,-7.56,6.93,-0.63,14.04,12.0,-0.63,8.0,,True,False,143000.0,480033,448328,446742,1.28,0.8,-517,645,-314,-2.02,-5.35,,-5.84,6.93,3,['대주주/대량보유'],"['주식등의대량보유상황보고서(약식)', '주식등의대량보유상황보고서(일반)', '주식등의대량보유상황보고서(약식)']",False
009830_2026-07-21_short_h5,009830_2026-07-21_short,1,2026-07-21,short,009830,한화솔루션,숏,단기,5,0.4,26750.0,False,,ok,"유상증자 확정 발행가 22,100원이 현재가 대비 -17.4%, 구주주 청약 07-22~23 기간 중 차익·헤지 물량의 기계적 하향 압력. 지수 방향과 무관한 이벤트형 숏이며 손절은 +9%로 넓게",,,,,,,,,,,,,,,,,,,,,,,,,,,,,,,,,,,,,,,,,neutral,43,25.0,공포(롱 회피·falling knife),True,1.848,,,,,2.75,-1.32,333620.0,-8.93,1.7,,2026-07-16,,,,,,,,,-10.48,-71,-844,-378,447,0,1.36,108.3,-12.84,기초 화학물질 제조업,-0.12,0.76,590.0,27.6,0,-29.7,-51.52,-17.0,0.0,-4.46,-10.54,-28.51,2.0,66681,대형(1조+),KOSPI,True,,,,True,matured,34,-10.47,,,,1.5,12.15,-10.47,,,12.15,2,-20.17,-10.47,5,0.0,-2.06,5,-10.47,-7.56,-2.91,-10.47,12.15,12.0,,,,True,True,23950.0,2398426,2214671,2205483,2.0,1.24,-581,-23,588,-2.43,-4.67,,-5.84,-2.91,71,"['대주주/대량보유', '증자(희석)']","['임원ㆍ주요주주특정증권등소유상황보고서', '임원ㆍ주요주주특정증권등소유상황보고서', '임원ㆍ주요주주특정증권등소유상황보고서']",False
035420_2026-07-22_pick_h5,035420_2026-07-22_pick,14,2026-07-22,pick,035420,NAVER,단기스윙,단기,5,0.58,193000.0,False,부분,ok,"외국인 5일·20일 동반 순매수(+700/+1,164억), RSI 44 과열 아님, 회복 국면 IT 주도. 임박 실적 없어 이벤트 부담 낮음.",,,,,,,,,,,,7.0,-5.0,-6.0,7.0,8.0,47.2,강한 매집 — 세력 유입,100,44.58,99.33,0.866,69965041450.0,116374933900.0,krx,0,99.3,90.3,1,-36.5,-13.1,44.6,False,6,0.68,0,혼조,,,,neutral,57,32.5,공포(롱 회피·falling knife),True,1.777,,,,,2.75,-1.32,333330.0,-6.3,1.7,,2026-07-20,1468,1039,0.71,inflow,20283.9,-371278.8,0,30,-5.76,700,1164,60,-765,1,0.68,0.4,-0.87,"자료처리, 호스팅, 포털 및 기타 인터넷 정보매개 서비스업",0.36,-0.39,1954.4,44.6,1,-13.06,-32.75,-0.67,2.5,3.56,-1.07,-25.97,5.14,331527,메가(10조+),KOSPI,True,,2026-07-16,6,True,matured,33,4.4,,,,13.99,16.58,4.4,,,16.58,3,-10.44,4.4,5,0.0,8.81,,,-16.07,20.47,4.4,13.99,12.0,4.4,7.0,,True,True,201500.0,896565,1007128,1012657,2.69,1.96,-1931,2854,-923,2.49,1.66,,-12.03,20.47,3,"['대주주/대량보유', '증자(희석)']","['주식등의대량보유상황보고서(약식)', '임원ㆍ주요주주특정증권등소유상황보고서', '주요사항보고서(유상증자결정)']",False
005930_2026-07-22_pick_h5,005930_2026-07-22_pick,14,2026-07-22,pick,005930,삼성전자,장투가능,단기,5,0.55,259000.0,False,부분,ok,"외국인 5일 매수전환 +7,801억, RSI 34 과매도, 갤럭시 언팩 당일 촉매. 실적 7/30(콜 기간 밖). 옵션 풋우위(PCR 2.10)로 반등폭 절제.",,,,,,,,,,,,6.0,-5.0,-6.0,7.0,8.0,50.0,강한 매집 — 세력 유입,100,33.97,87.43,0.637,780056250500.0,-13545688394750.0,krx,0,87.4,88.3,1,-30.8,-26.7,34.0,False,4,0.01,0,,,,,neutral,57,32.5,공포(롱 회피·falling knife),True,1.777,,,,,2.75,-1.32,333330.0,-6.3,1.7,,2026-07-20,1468,1039,0.71,inflow,20283.9,-371278.8,0,30,-5.76,7801,-135457,2048,-10000,0,0.01,3874.9,-0.87,통신 및 방송 장비 제조업,0.09,-0.12,82321.1,34.0,1,-26.73,-28.55,-12.57,2.5,3.56,-1.07,-25.97,5.14,15784952,메가(10조+),KOSPI,True,,2026-07-16,6,True,matured,33,-19.5,,,,4.25,-1.93,-19.5,,,4.25,1,-22.78,-19.5,5,0.0,-15.06,4,-15.06,-16.07,-3.43,-15.06,-15.06,-15.06,-15.06,-15.06,4,False,False,208500.0,22292003,31332214,31784224,0.51,2.09,-29963,-872,30749,6.56,0.39,,-12.03,-3.43,38,['대주주/대량보유'],"['임원ㆍ주요주주특정증권등소유상황보고서', '임원ㆍ주요주주특정증권등소유상황보고서', '임원ㆍ주요주주특정증권등소유상황보고서']",False
000660_2026-07-22_pick_h5,000660_2026-07-22_pick,14,2026-07-22,pick,000660,SK하이닉스,단기스윙,단기,5,0.53,1836000.0,False,부분,ok,"반도체 반등 대장, 외국인 +12,824억, 간밤 ADR +14%·SOX +5.2%, RSI 31 과매도. 실적 7/29(국내매체, 인베스팅 7/22와 상충 — 보수 관리), 오버행 66 유의.",,,,,,,,,,,,7.0,-6.0,-7.0,8.0,6.0,46.8,강한 매집 — 세력 유입,100,30.87,80.8,0.707,1282446899000.0,-20440389060000.0,krx,0,80.8,89.3,1,-38.5,-37.1,30.9,False,66,0.01,0,감소,,,,neutral,57,32.5,공포(롱 회피·falling knife),True,1.777,,,,,2.75,-1.32,333330.0,-6.3,1.7,,2026-07-20,1468,1039,0.71,inflow,20283.9,-371278.8,0,30,-5.76,12824,-204404,4344,-17356,1,0.01,-88.4,-0.87,반도체 제조업,0.11,-0.15,118771.8,30.9,1,-37.1,-37.1,-19.2,2.5,3.56,-1.07,-25.97,5.14,13024679,메가(10조+),KOSPI,True,,2026-07-16,6,True,matured,33,-23.69,,,,4.52,-1.09,-23.69,,,4.52,1,-26.99,-23.69,5,0.0,-15.58,4,-15.58,-16.07,-7.62,-15.58,-15.58,-15.58,-15.58,-15.58,4,False,False,1401000.0,4802637,6389701,6469054,0.64,1.95,-44532,-586,43544,7.68,-0.33,,-12.03,-7.62,2,['대주주/대량보유'],"['주식등의대량보유상황보고서(일반)', '임원ㆍ주요주주특정증권등소유상황보고서']",False
068270_2026-07-22_pick_h20,068270_2026-07-22_pick,24,2026-07-22,pick,068270,셀트리온,장투가능,중기,20,0.52,171600.0,False,미반영,ok,"바이오 섹터 RS 1위, 외국인 순매수, 재무 A(OPM 28%·FCF 흑자), 컨센서스 +51%. 임박 실적 없음.",,,,,,,,,,,,8.0,-6.0,-8.0,8.0,7.0,50.1,강한 매집 — 세력 유입,100,47.71,98.56,0.741,32305799000.0,45237723600.0,krx,0,98.6,96.0,0,-28.3,1.8,47.7,False,19,0.14,0,감소,,,,neutral,57,32.5,공포(롱 회피·falling knife),True,1.777,,,,,2.75,-1.32,333330.0,-6.3,1.7,,2026-07-20,1468,1039,0.71,inflow,20283.9,-371278.8,0,30,-5.76,323,452,117,-443,0,0.14,-16.2,-0.87,기초 의약물질 제조업,0.31,-0.42,1052.7,47.7,0,1.84,-27.55,-1.44,0.7,3.56,-1.07,-25.97,5.14,433366,메가(10조+),KOSPI,True,,2026-07-16,6,True,matured,33,13.11,,,,0.35,4.14,4.9,10.9,13.11,22.67,14,-7.79,0.35,1,22.24,3.38,,,1.55,11.56,13.11,13.64,12.0,13.11,8.0,,True,True,194100.0,379360,602317,613465,1.47,0.66,2593,1272,-3952,0.7,-0.93,,11.62,11.56,8,['대주주/대량보유'],"['임원ㆍ주요주주특정증권등소유상황보고서', '주식등의대량보유상황보고서(약식)', '임원ㆍ주요주주특정증권등소유상황보고서']",False
207940_2026-07-22_pick_h5,207940_2026-07-22_pick,24,2026-07-22,pick,207940,삼성바이오로직스,장투가능,단기,5,0.48,1395000.0,False,부분,ok,"재무 최상위(OPM 45%·FCF +7,727억), 컨센 +47%. 단 7/23 실적이 콜 기간 안 — 이벤트 리스크로 소액·확인 후 증액.",,,,,,,,,,,,6.0,-5.0,-7.0,7.0,5.0,54.7,강한 매집 — 세력 유입,100,50.51,100.92,0.931,3539985500.0,122252694000.0,krx,0,100.9,100.0,1,-29.8,7.7,50.5,False,4,0.4,0,혼조,,,,neutral,57,32.5,공포(롱 회피·falling knife),True,1.777,,,,,2.75,-1.32,333330.0,-6.3,1.7,,2026-07-20,1468,1039,0.71,inflow,20283.9,-371278.8,0,30,-5.76,35,1223,120,-185,2,0.4,6.8,-0.87,기초 의약물질 제조업,0.05,-0.24,774.6,50.5,1,7.72,-29.01,0.92,5.4,3.56,-1.07,-25.97,5.14,678625,메가(10조+),KOSPI,True,,2026-07-16,6,True,matured,33,6.02,,,,-1.15,10.75,6.02,,,11.04,4,-4.52,-1.15,1,12.33,11.04,,,-16.07,22.09,6.02,6.02,6.02,6.02,6.0,,False,True,1479000.0,37607,54676,55530,2.85,0.78,61,2669,-2613,1.43,-1.65,,-12.03,22.09,2,['대주주/대량보유'],"['임원ㆍ주요주주특정증권등소유상황보고서', '주식등의대량보유상황보고서(약식)']",False
000270_2026-07-22_pick_h5,000270_2026-07-22_pick,17,2026-07-22,pick,000270,기아,단기스윙,단기,5,0.45,144600.0,False,미반영,ok,"세력강도 +60·외국인 매수·컨센 +55% 긍정이나, 심층조사상 2Q 영업익 전망치 대비 -60% 우려 + 노조 파업(7/23 투표) = 이벤트 악재. 소액·실적 확인 후 판단.",,,,,,,,,,,,6.0,-5.0,-6.0,7.0,4.0,60.6,강한 매집 — 세력 유입,100,54.14,99.92,0.784,61146673650.0,82346233100.0,krx,0,99.9,92.5,1,-32.0,-4.5,54.1,False,6,0.01,0,감소,,,,neutral,57,32.5,공포(롱 회피·falling knife),True,1.777,,,,,2.75,-1.32,333330.0,-6.3,1.7,,2026-07-20,1468,1039,0.71,inflow,20283.9,-371278.8,0,30,-5.76,611,823,-5,-548,0,0.01,-15.5,-0.87,자동차용 엔진 및 자동차 제조업,0.38,-0.34,1615.1,54.1,1,-4.49,-29.81,-0.08,2.5,3.56,-1.07,-25.97,5.14,501290,메가(10조+),KOSPI,True,,2026-07-16,6,True,matured,33,-16.74,,,,3.6,-9.82,-16.74,,,3.6,1,-19.63,-16.74,5,0.0,-15.77,2,-9.75,-16.07,-0.67,-9.75,-9.75,-9.75,-9.75,-9.75,2,False,False,120400.0,790259,1101383,1116939,0.5,1.67,235,-880,758,1.24,0.62,,-12.03,-0.67,0,[],[],False
042660_2026-07-22_short_h5,042660_2026-07-22_short,8,2026-07-22,short,042660,한화오션,숏,단기,5,0.4,81900.0,False,,ok,"세력강도 -37, 외국인 5일 -777·20일 -3,932억 대량매도, 공매도 잔고 증가, 조선 20일 -29.7%. 단 회복 레짐에서 분배숏은 스퀴즈 위험(B12) → 소액·손절 넓게(+9%). 실적 7/27 양방향.",,,,,,,,,,,,,,,,,-37.2,분산 우위 — 경계,-100,37.77,87.51,0.575,-77667580800.0,-393170805850.0,krx,0,87.5,72.4,0,-47.1,-29.7,37.8,False,0,1.44,10,증가,,,,neutral,57,32.5,공포(롱 회피·falling knife),True,1.777,,,,,2.75,-1.32,333330.0,-6.3,1.7,,2026-07-20,1468,1039,0.71,inflow,20283.9,-371278.8,0,30,-5.76,-777,-3932,227,551,0,1.44,10.2,-0.87,선박 및 보트 건조업,-0.41,0.29,1904.3,37.8,0,-29.7,-45.36,-12.49,0.0,3.56,-1.07,-25.97,5.14,267499,메가(10조+),KOSPI,True,,2026-07-16,6,True,matured,33,-8.91,,,,9.77,8.42,-8.91,,,9.77,1,-17.02,-8.91,5,0.0,-1.1,,,-16.07,7.16,-8.91,-8.91,-8.91,,,,True,True,74600.0,1624214,2291784,2325163,0.83,1.01,799,-55,-744,1.59,1.22,,-12.03,7.16,0,[],[],False
005930_2026-07-23_pick_h5,005930_2026-07-23_pick,15,2026-07-23,pick,005930,삼성전자,장투가능,단기,5,0.58,260500.0,False,부분,ok,"2분기 잠정 실적(매출 171조·영업익 89.4조)이 이미 확정 공표됐는데 주가는 그 뒤로 52주 고점 대비 -30.4% 되돌렸고, 어제 외국인 순매수 2위로 반도체 업종이 12주 만에 주간 순매수 전환했다. HBM4 수요처에 AMD가 추가되고 이번 주 총수-젠슨황 회동이 예정돼 있다.",,,,,,,,,,,,8.0,-6.0,-5.0,7.0,8.0,48.0,강한 매집 — 세력 유입,100,37.5,88.67,0.669,1627851834000.0,-12242974249500.0,naver,0,88.7,88.6,2,-30.4,-16.0,37.5,False,4,,,,,,,risk-off,24,25.0,공포(롱 회피·falling knife),True,1.777,,,,,2.75,-1.32,335580.0,-3.54,5.0,,2026-07-21,,,,,,,,,-4.2,16636,-122012,-16374,-479,0,0.01,414.1,-0.86,통신 및 방송 장비 제조업,0.21,-0.01,80326.5,37.5,2,-15.97,-28.14,-11.33,5.0,0.74,4.32,-25.42,4.97,15784952,메가(10조+),KOSPI,True,,,,True,matured,32,-20.54,,,,-4.22,-15.55,-20.54,,,-2.5,2,-18.5,-20.54,5,0.0,-19.96,3,-15.55,-17.71,-2.83,-15.55,-15.55,-15.55,-15.55,-15.55,3,False,False,207000.0,16011816,30129604,30835493,0.77,1.55,-34349,3396,30763,3.26,0.96,,-14.15,-2.83,38,['대주주/대량보유'],"['임원ㆍ주요주주특정증권등소유상황보고서', '임원ㆍ주요주주특정증권등소유상황보고서', '임원ㆍ주요주주특정증권등소유상황보고서']",False
267260_2026-07-23_pick_h5,267260_2026-07-23_pick,9,2026-07-23,pick,267260,HD현대일렉트릭,단기스윙,단기,5,0.5,795000.0,False,미반영,ok,"RSI 25.7·고점 대비 -44.4%로 가장 깊게 눌렸는데 수요 뉴스는 어제가 최고였다. 알파벳 연간 capex 1,950~2,050억달러 상향, 오픈AI 조지아 3.2GW, BNEF 미국 데이터센터 전력수요 194GW 전망으로 변압기 품귀가 심화되는 국면이며 회사 수주목표도 51.85억달러로 +22.8% 상향됐다.",,,,,,,,,,,,9.0,-7.0,-6.0,8.0,6.0,66.0,강한 매집 — 세력 유입,100,25.73,91.15,0.53,8374445000.0,-150164454000.0,naver,0,91.2,75.3,2,-44.4,-16.2,25.7,False,4,,,,,,,risk-off,24,25.0,공포(롱 회피·falling knife),True,1.777,,,,,2.75,-1.32,335580.0,-3.54,5.0,,2026-07-21,,,,,,,,,-4.2,87,-1506,42,-129,0,0.32,-55.9,-0.86,"전동기, 발전기 및 전기 변환 · 공급 · 제어 장치 제조업",0.06,-0.09,1360.7,25.7,2,-16.23,-44.01,-8.85,5.0,0.74,4.32,-25.42,4.97,275040,메가(10조+),KOSPI,True,,,,True,matured,32,-26.67,,,,1.89,-11.32,-26.67,,,1.89,1,-28.02,-26.67,5,0.0,-26.29,3,-11.32,-17.71,-8.96,-11.32,-11.32,-11.32,-11.32,-11.32,3,False,False,583000.0,128462,169123,171156,0.67,2.32,100,-347,250,2.64,1.38,,-14.15,-8.96,2,['대주주/대량보유'],"['주식등의대량보유상황보고서(약식)', '임원ㆍ주요주주특정증권등소유상황보고서']",False
000270_2026-07-23_pick_h5,000270_2026-07-23_pick,18,2026-07-23,pick,000270,기아,단기스윙,단기,5,0.42,146800.0,False,부분,ok,"외국인과 기관이 동시에 순매수 상위에 올린 몇 안 되는 종목이고 5일 +895억·20일 +1,337억으로 수급이 양방향 모두 플러스다. 7/24 2분기 실적에서 하이브리드·전기차 판매 호조가 확인되면 촉매가 된다.",,,,,,,,,,,,7.6,-5.0,-5.0,6.0,4.0,64.0,강한 매집 — 세력 유입,100,53.38,101.11,0.708,89450076800.0,133735148000.0,naver,0,101.1,94.1,2,-30.9,6.8,53.4,False,6,,,,,,,risk-off,24,25.0,공포(롱 회피·falling knife),True,1.777,,,,,2.75,-1.32,335580.0,-3.54,5.0,,2026-07-21,,,,,,,,,-4.2,883,1310,-206,-626,0,0.01,-15.5,-0.86,자동차용 엔진 및 자동차 제조업,0.55,-0.39,1601.0,53.4,2,6.84,-28.74,1.11,7.6,0.74,4.32,-25.42,4.97,501290,메가(10조+),KOSPI,True,,,,True,matured,32,-17.71,,,,-11.1,-17.03,-17.71,,,-11.1,1,-7.74,-17.98,4,0.33,-17.98,1,-11.1,-17.71,-0.0,-11.1,-11.1,-11.1,-11.1,-11.1,1,False,False,120800.0,555094,1065067,1090566,1.42,1.72,172,-824,798,-0.2,-1.23,,-14.15,0.0,0,[],[],False
058470_2026-07-23_pick_h5,058470_2026-07-23_pick,13,2026-07-23,pick,058470,리노공업,단기스윙,단기,5,0.38,71800.0,False,미반영,ok,"코스닥이 -0.30% 빠진 날 +2.57% 오른 상대강도 종목이며, 영업이익률 47.5%·부채비율 8.3%·매출 +33.9%로 체력은 코스닥 최상위권인데 주가는 고점 대비 -44.3%다.",,,,,,,,,,,,10.0,-6.0,-5.0,7.0,3.0,14.3,중립/관망,23.9,38.41,93.91,0.559,15416784600.0,329890799000.0,naver,0,93.9,75.9,2,-44.3,-15.4,38.4,False,6,,,,,,,risk-off,24,25.0,공포(롱 회피·falling knife),True,1.777,,,,,2.75,-1.32,335580.0,-3.54,5.0,,2026-07-21,,,,,,,,,-4.2,158,3301,-131,-31,0,0.54,-33.5,-0.86,우량기업부,0.21,-0.04,759.3,38.4,2,-15.43,-43.46,-6.09,5.0,0.74,4.32,-25.42,4.97,52129,대형(1조+),KOSDAQ,True,,,,True,matured,32,-23.12,,,,-4.46,-14.21,-23.12,,,-2.79,2,-20.92,-23.12,5,0.0,-18.94,3,-14.21,-17.71,-5.41,-14.21,-14.21,-14.21,-14.21,-14.21,3,False,False,55200.0,654502,1038304,1057495,0.34,0.69,262,-114,-133,0.56,-1.39,,-14.15,-8.97,2,['대주주/대량보유'],"['주식등의대량보유상황보고서(약식)', '주식등의대량보유상황보고서(약식)']",False
095340_2026-07-23_pick_h5,095340_2026-07-23_pick,11,2026-07-23,pick,095340,ISC,단기스윙,단기,5,0.33,140500.0,False,미반영,ok,영업이익률 27.3%·매출 +26.2%·부채비율 15.9%로 재무는 견조한데 20일 수익률 -26.2%로 낙폭이 과대하다. 7/27 2분기 실적이 단기 촉매다.,,,,,,,,,,,,9.6,-6.0,-5.0,7.0,2.5,9.2,중립/관망,38.0,36.87,88.35,0.49,20904537100.0,298288451800.0,naver,0,88.4,70.8,2,-52.0,-26.2,36.9,False,26,,,,,,,risk-off,24,25.0,공포(롱 회피·falling knife),True,1.777,,,,,2.75,-1.32,335580.0,-3.54,5.0,,2026-07-21,,,,,,,,,-4.2,210,2982,-170,-33,0,0.21,-68.4,-0.86,우량기업부,0.45,-0.07,467.1,36.9,2,-26.21,-48.15,-11.65,5.0,0.74,4.32,-25.42,4.97,39427,대형(1조+),KOSDAQ,True,,,,True,matured,32,-24.2,,,,-4.2,-13.88,-24.2,,,-2.49,2,-22.26,-24.2,5,0.0,-21.07,3,-13.88,-17.71,-6.49,-13.88,-13.88,-13.88,-13.88,-13.88,3,False,False,106500.0,98089,321316,332477,0.59,0.9,-10,17,-8,2.35,-1.85,,-14.15,-10.05,2,['대주주/대량보유'],"['주식등의대량보유상황보고서(약식)', '주식등의대량보유상황보고서(약식)']",False
042660_2026-07-23_short_h5,042660_2026-07-23_short,9,2026-07-23,short,042660,한화오션,숏,단기,5,0.42,83900.0,False,,ok,"외국인이 5일 -580억·20일 -3,583억으로 두 창 모두 지속 순매도이고 세력강도 -38로 종목군 내 분산 신호가 가장 뚜렷하다. 한 달 -34.7% 하락에도 반등이 붙지 않는다. 7/27 실적 반등 위험이 있어 손절은 +9%로 넓게 둔다.",,,,,,,,,,,,,,,,,-38.2,분산 우위 — 경계,-100,36.93,90.64,0.699,-57987074400.0,-358276477900.0,naver,0,90.6,74.7,1,-45.8,-19.7,36.9,False,0,,,,,,,risk-off,24,25.0,공포(롱 회피·falling knife),True,1.777,,,,,2.75,-1.32,335580.0,-3.54,5.0,,2026-07-21,,,,,,,,,-4.2,-573,-3637,272,289,0,1.44,10.2,-0.86,선박 및 보트 건조업,-0.3,0.15,1934.4,36.9,1,-19.71,-44.03,-9.36,2.5,0.74,4.32,-25.42,4.97,267499,메가(10조+),KOSPI,True,,,,True,matured,32,-5.48,,,,4.77,-3.46,-5.48,,,5.84,2,-15.99,-11.08,4,6.3,-11.08,4,-11.08,-17.71,12.23,-11.08,-11.08,-11.08,,,,False,True,79300.0,1912188,2286871,2305605,0.89,1.01,958,-46,-908,-0.24,-2.15,,-14.15,12.23,0,[],[],False
096770_2026-07-23_short_h5,096770_2026-07-23_short,4,2026-07-23,short,096770,SK이노베이션,숏,단기,5,0.36,118400.0,False,,ok,20일 +26.4%·RSI 67.4로 종목군 내 유일한 과열권인데 상승 근거인 유가는 브렌트 94달러로 지정학 프리미엄을 이미 반영했다. 외국인은 5일·20일 모두 순매도이며 감자·기타 공시 플래그가 있다. 유가 100달러 돌파 시 논지 폐기.,,,,,,,,,,,,,,,,,64.0,강한 매집 — 세력 유입,100,67.41,114.41,1.261,-999324100.0,-14152209300.0,naver,15,114.4,103.0,1,-23.8,26.4,67.4,False,18,,,,,,,risk-off,24,25.0,공포(롱 회피·falling knife),True,1.777,,,,,2.75,-1.32,335580.0,-3.54,5.0,,2026-07-21,,,,,,,,,-4.2,-15,-151,1638,-1101,0,0.13,-9.5,-0.86,석유 정제품 제조업,-0.02,-1.45,757.4,67.4,1,26.36,-20.96,14.41,24.8,0.74,4.32,-25.42,4.97,233124,메가(10조+),KOSPI,True,,,,True,matured,32,-1.52,,,,9.88,-4.81,-1.52,,,9.88,1,-15.83,-7.52,4,6.48,-7.52,,,-17.71,16.19,-1.52,-1.52,-1.52,,,,True,True,116600.0,1686912,689550,639681,2.05,1.08,213,1970,-1313,1.01,1.01,,-14.15,16.19,0,[],[],False
000660_2026-07-24_pick_h5,000660_2026-07-24_pick,15,2026-07-24,pick,000660,SK하이닉스,단기스윙,단기,5,0.52,1919000.0,False,부분,ok,"외국인 5일 +1.87조 순매수 복귀, HBM 수요 확대. 20일선 13% 밑 회복초입(추격 아님). 반도체 대장 국면게이트 예외.",,,,,,,,,,,,8.0,-6.0,-5.0,7.0,8.0,-35.2,분산 우위 — 경계,-100,42.39,87.11,0.647,1870986884500.0,-11608993930500.0,krx,0,87.1,92.4,1,-35.8,-25.6,42.4,False,66,0.02,0,감소,,,,risk-on,70,32.5,공포(롱 회피·falling knife),True,1.782,,,,,2.75,-1.32,330420.0,-4.8,1.7,,2026-07-22,2273,326,0.14,inflow,38293.4,-236044.7,0,30,-4.72,18710,-116090,-27512,8242,0,0.02,-77.1,-2.57,반도체 제조업,0.16,0.07,117793.0,42.4,1,-25.62,-34.26,-12.89,2.5,4.4,5.17,-22.14,9.59,13024679,메가(10조+),KOSPI,True,,2026-07-21,3,True,matured,31,-10.47,,,,-5.37,-26.99,-10.47,,,-5.37,1,-27.2,-31.11,4,29.95,-31.11,2,-19.23,-7.07,-3.4,-19.23,-19.23,-19.23,-19.23,-19.23,2,False,False,1718000.0,4935624,6080980,6138248,0.66,1.57,-27816,16990,9521,-1.3,-8.7,,-8.92,-3.4,2,['대주주/대량보유'],"['주식등의대량보유상황보고서(일반)', '임원ㆍ주요주주특정증권등소유상황보고서']",False
005930_2026-07-24_pick_h20,005930_2026-07-24_pick,16,2026-07-24,pick,005930,삼성전자,장투가능,중기,20,0.48,270000.0,False,미반영,ok,"외국인 5일 +1.5조 순매수 전환, RSI 46 과열 아님, 20일선 아래. 우량·FCF 흑자.",,,,,,,,,,,,9.0,-6.0,-6.0,8.0,8.0,-33.3,분산 우위 — 경계,-100,45.94,93.02,0.519,1504468859000.0,-11668961416000.0,krx,0,93.0,91.5,3,-27.9,-20.7,45.9,False,4,0.01,0,증가,,,,risk-on,70,32.5,공포(롱 회피·falling knife),True,1.782,,,,,2.75,-1.32,330420.0,-4.8,1.7,,2026-07-22,2273,326,0.14,inflow,38293.4,-236044.7,0,30,-4.72,15045,-116690,-15539,206,0,0.01,3874.9,-2.57,통신 및 방송 장비 제조업,0.19,0.0,78963.1,45.9,3,-20.7,-25.52,-6.98,7.5,4.4,5.17,-22.14,9.59,15784952,메가(10조+),KOSPI,True,,2026-07-21,3,True,matured,31,-4.81,,,,-5.93,-22.78,-2.78,-14.44,-4.81,4.26,19,-8.7,-23.33,4,35.99,-23.33,2,-18.52,-5.64,0.83,-18.52,-18.52,-18.52,-18.52,-18.52,2,False,False,257000.0,26175580,29099395,29245586,0.95,1.6,-17808,-23155,34285,-1.48,-8.52,,2.92,0.83,49,['대주주/대량보유'],"['임원ㆍ주요주주특정증권등소유상황보고서', '[기재정정]임원ㆍ주요주주특정증권등소유상황보고서', '임원ㆍ주요주주특정증권등소유상황보고서']",False
051910_2026-07-24_pick_h5,051910_2026-07-24_pick,1,2026-07-24,pick,051910,LG화학,단기스윙,단기,5,0.46,271500.0,False,부분,ok,화학·2차전지소재 상대강도 1위·20일 플러스 모멘텀 로테이션 주도. 세력강도 +33 매집.,,,,,,,,,,,,8.0,-6.0,-5.0,7.0,6.0,33.3,매집 우위,88.2,44.79,101.16,0.769,16540360750.0,64990778250.0,krx,0,101.2,81.9,2,-37.9,-8.7,44.8,False,4,0.01,0,,,,,risk-on,70,32.5,공포(롱 회피·falling knife),True,1.782,,,,,2.75,-1.32,330420.0,-4.8,1.7,,2026-07-22,2273,326,0.14,inflow,38293.4,-236044.7,0,30,-4.72,165,650,-77,-91,0,0.01,,-2.57,기초 화학물질 제조업,0.26,-0.14,633.0,44.8,2,-8.74,-36.79,1.16,5.0,4.4,5.17,-22.14,9.59,197306,메가(10조+),KOSPI,True,,2026-07-21,3,True,matured,31,-4.97,,,,-4.24,-14.36,-4.97,,,-4.24,1,-10.58,-14.36,3,10.97,-9.58,2,-11.42,-7.07,2.1,-11.42,-11.42,-11.42,-11.42,-11.42,2,False,False,258000.0,148757,229133,233152,0.6,1.27,145,-130,-14,-2.76,-5.52,,-8.92,2.1,3,['대주주/대량보유'],"['주식등의대량보유상황보고서(일반)', '임원ㆍ주요주주특정증권등소유상황보고서', '주식등의대량보유상황보고서(약식)']",False
068270_2026-07-24_pick_h20,068270_2026-07-24_pick,25,2026-07-24,pick,068270,셀트리온,장투가능,중기,20,0.45,172200.0,False,미반영,ok,"세력강도 +48 강한 매집, 외국인 순매수. K-바이오 신약·기술수출 테마. 20일선 부근 진입 여지.",,,,,,,,,,,,10.0,-7.0,-7.0,8.0,6.0,48.3,강한 매집 — 세력 유입,100,44.12,98.65,0.664,32831274950.0,29774015950.0,krx,0,98.6,96.7,1,-28.0,-0.3,44.1,False,19,0.14,0,혼조,,,,risk-on,70,32.5,공포(롱 회피·falling knife),True,1.782,,,,,2.75,-1.32,330420.0,-4.8,1.7,,2026-07-22,2273,326,0.14,inflow,38293.4,-236044.7,0,30,-4.72,328,298,-28,-280,0,0.14,-6.7,-2.57,기초 의약물질 제조업,0.33,-0.28,1002.6,44.1,1,-0.29,-27.3,-1.35,2.5,4.4,5.17,-22.14,9.59,433366,메가(10조+),KOSPI,True,,2026-07-21,3,True,matured,31,12.66,,,,3.77,4.53,8.42,15.74,12.66,22.24,12,-8.65,3.02,2,18.66,10.34,,,-5.64,18.3,12.66,13.24,12.0,12.66,10.0,,True,True,194000.0,804969,592815,582208,1.5,2.2,2220,1581,-3899,-0.81,-0.81,,2.92,18.3,8,['대주주/대량보유'],"['임원ㆍ주요주주특정증권등소유상황보고서', '주식등의대량보유상황보고서(약식)', '임원ㆍ주요주주특정증권등소유상황보고서']",False
196170_2026-07-24_pick_h5,196170_2026-07-24_pick,16,2026-07-24,pick,196170,알테오젠,단기스윙,단기,5,0.44,306500.0,False,부분,ok,"코스닥 바이오 대장, 기술수출 기대. 외국인 5일 +630억·세력강도 +34. 어제 +14%로 일부 선반영 — 눌림 분할.",,,,,,,,,,,,9.0,-7.0,-6.0,8.0,5.0,34.0,매집 우위,100,39.18,95.97,1.062,63001755000.0,-55233913250.0,krx,0,96.0,89.1,1,-46.1,-17.5,39.2,False,14,2.34,8,혼조,,,,risk-on,70,32.5,공포(롱 회피·falling knife),True,1.782,,,,,2.75,-1.32,330420.0,-4.8,1.7,,2026-07-22,2273,326,0.14,inflow,38293.4,-236044.7,0,30,-4.72,630,-552,-108,-501,0,2.34,4.8,-2.57,우량기업부,0.4,-0.32,1566.4,39.2,1,-17.5,-45.17,-4.03,2.5,4.4,5.17,-22.14,9.59,199214,메가(10조+),KOSDAQ,True,,2026-07-21,3,True,matured,31,0.65,,,,1.79,-7.83,0.65,,,1.79,1,-10.42,-8.81,4,10.38,-8.81,,,-7.07,7.72,-8.81,-8.81,-8.81,-7.83,-7.83,3,False,True,308500.0,378171,504721,511048,0.65,0.65,-126,490,-348,-25.31,-25.69,,-8.92,9.57,2,"['대주주/대량보유', '증자(희석)']","['주식등의대량보유상황보고서(약식)', '권리락              (무상증자)']",False
096770_2026-07-24_pick_h5,096770_2026-07-24_pick,5,2026-07-24,pick,096770,SK이노베이션,단기스윙,단기,5,0.38,132200.0,False,강함,ok,"유가 급등 수혜지만 어제 +11.7% 급등, 20일선 +26% 초과·과열 주의(55). 선반영 강함 — 추격 금지, 눌림 대기 소액.",,,,,,,,,,,,7.0,-6.0,-6.0,6.0,3.0,33.0,매집 우위,100,77.81,125.69,2.637,35343366600.0,31537896550.0,krx,55,125.7,115.0,2,-14.9,34.3,77.8,False,18,0.13,0,혼조,,,,risk-on,70,32.5,공포(롱 회피·falling knife),True,1.782,,,,,2.75,-1.32,330420.0,-4.8,1.7,,2026-07-22,2273,326,0.14,inflow,38293.4,-236044.7,0,30,-4.72,353,315,2067,-1450,0,0.13,-8.9,-2.57,석유 정제품 제조업,0.38,-1.56,927.7,77.8,2,34.35,-11.75,25.69,40.7,4.4,5.17,-22.14,9.59,233124,메가(10조+),KOSPI,True,,2026-07-21,3,True,matured,31,-16.41,,,,-11.72,-17.17,-16.41,,,-11.72,1,-6.17,-17.17,3,6.48,-11.8,1,-11.72,-7.07,-9.34,-11.72,-11.72,-11.72,-11.72,-11.72,1,False,False,110500.0,1413273,735601,701717,1.15,1.01,-587,981,-71,-1.89,-4.31,,-8.92,-9.34,0,[],[],False
247540_2026-07-24_pick_h5,247540_2026-07-24_pick,5,2026-07-24,pick,247540,에코프로비엠,단기스윙,단기,5,0.4,118200.0,False,부분,ok,"2차전지소재 로테이션 편승, 세력강도 +27, 20일선 부근. 고변동 소액·분할.",,,,,,,,,,,,8.0,-6.0,-6.0,7.0,4.0,27.0,매집 우위,82.4,44.95,96.64,0.591,5968460550.0,43206691050.0,krx,0,96.6,69.3,3,-54.5,-22.5,45.0,False,31,3.5,15,혼조,,,,risk-on,70,32.5,공포(롱 회피·falling knife),True,1.782,,,,,2.75,-1.32,330420.0,-4.8,1.7,,2026-07-22,2273,326,0.14,inflow,38293.4,-236044.7,0,30,-4.72,60,432,23,-81,1,3.5,1.3,-2.57,중견기업부,0.09,-0.12,697.3,45.0,3,-22.49,-51.95,-3.36,7.5,4.4,5.17,-22.14,9.59,104385,메가(10조+),KOSDAQ,True,,2026-07-21,3,True,matured,31,-12.44,,,,-6.51,-21.66,-12.44,,,-6.51,1,-16.2,-21.66,3,11.77,-18.36,2,-13.87,-7.07,-5.37,-13.87,-13.87,-13.87,-6.51,-6.51,1,False,False,103500.0,308723,576564,589956,0.49,1.01,-77,61,15,-4.49,-9.98,,-8.92,-3.52,1,['대주주/대량보유'],['주식등의대량보유상황보고서(일반)'],False
042660_2026-07-24_short_h5,042660_2026-07-24_short,10,2026-07-24,short,042660,한화오션,숏,단기,5,0.38,89900.0,False,,ok,"지수 회복 대비 언더퍼폼 숏. 종목 근거: 20·60일선 하회 하락추세 + 외국인 20일 -3,098억 분배 + 조선/방산 20일 모멘텀 -14%. 방향이 아닌 상대약세. 스퀴즈 대비 손절 +9% 넓게, 소액. 외인 순매수 국면이라 숏은 이 한 종목으로 제한.",,,,,,,,,,,,,,,,,13.4,중립/관망,15.0,40.76,97.98,0.829,-32145557800.0,-309762806550.0,krx,0,98.0,80.6,2,-41.9,-15.2,40.8,False,0,1.58,18,증가,,,,risk-on,70,32.5,공포(롱 회피·falling knife),True,1.782,,,,,2.75,-1.32,330420.0,-4.8,1.7,,2026-07-22,2273,326,0.14,inflow,38293.4,-236044.7,0,30,-4.72,-321,-3098,336,-27,0,1.58,14.3,-2.57,선박 및 보트 건조업,-0.15,-0.01,2099.6,40.8,2,-15.19,-40.03,-2.02,5.0,4.4,5.17,-22.14,9.59,267499,메가(10조+),KOSPI,True,,2026-07-21,3,True,matured,31,-5.23,,,,-1.22,-17.02,-5.23,,,-1.22,1,-15.99,-17.02,3,14.21,-11.79,2,-9.9,-7.07,1.84,-9.9,-9.9,-9.9,,,,False,True,85200.0,1554254,2298238,2335438,0.89,1.01,707,-10,-684,0.11,-3.67,,-8.92,1.84,0,[],[],False
068270_2026-07-25_pick_h5,068270_2026-07-25_pick,26,2026-07-25,pick,068270,셀트리온,단기스윙,단기,5,0.58,177600.0,False,부분,ok,"코스피 -5.72% 급락일에 +3.14% 상승한 방어 로테이션 주도주. 같은 날 CT-P55 유럽 허가 신청·짐펜트라 3상 신청 촉매, 외국인 +436억·기관 +257억 동반 순매수, OPM +28.1%로 체력 뒷받침.",,,,,,,,,,,,10.4,-6.5,-5.0,7.0,7.0,50.1,강한 매집 — 세력 유입,100,41.62,101.61,1.383,43641090700.0,42372478500.0,krx,0,101.6,100.0,2,-25.8,2.6,41.6,False,19,0.15,0,혼조,,,,risk-off,24,47.5,공포(롱 회피·falling knife),True,1.737,,,,,2.75,-1.3,327490.0,-4.72,1.7,,2026-07-23,672,1866,2.78,outflow,20881.9,-261756.7,1,30,-5.51,436,424,257,-666,0,0.15,-1.7,-1.91,기초 의약물질 제조업,0.42,-0.63,1049.4,41.6,2,2.6,-25.02,1.61,6.0,-5.72,-1.58,-26.59,2.68,433366,메가(10조+),KOSPI,True,,2026-07-22,3,True,matured,30,2.59,,,,-0.11,6.98,2.59,,,6.98,3,-4.11,-0.11,1,7.1,5.12,,,-6.47,9.06,2.59,2.59,2.59,2.59,2.59,,False,True,182200.0,494728,586295,590873,2.98,2.23,-683,1595,-1066,0.84,-1.01,,-1.45,9.06,6,['대주주/대량보유'],"['주식등의대량보유상황보고서(약식)', '임원ㆍ주요주주특정증권등소유상황보고서', '임원ㆍ주요주주특정증권등소유상황보고서']",False
012450_2026-07-25_pick_h5,012450_2026-07-25_pick,17,2026-07-25,pick,012450,한화에어로스페이스,단기스윙,단기,5,0.5,979000.0,False,미반영,ok,"중동 긴장 격화의 직접 수혜 업종이며 급락일에도 +2.19%로 시장을 앞섰다. 세력강도 +59(조사 58종목 중 3위), RSI 33.4로 과열 아님, 20일 -8.4%로 추격 부담 낮음. 리스크는 2028년까지 11조원 투자 부담과 07-31 실적 이벤트.",,,,,,,,,,,,10.1,-6.5,-5.0,7.0,5.0,59.0,강한 매집 — 세력 유입,100,33.39,98.23,1.033,-14494071000.0,-29294735500.0,krx,0,98.2,86.0,2,-40.8,-8.4,33.4,False,4,0.01,0,감소,,,,risk-off,24,47.5,공포(롱 회피·falling knife),True,1.737,,,,,2.75,-1.3,327490.0,-4.72,1.7,,2026-07-23,672,1866,2.78,outflow,20881.9,-261756.7,1,30,-5.51,-145,-293,293,-138,1,0.01,-44.7,-1.91,"항공기,우주선 및 부품 제조업",-0.06,-0.06,2291.8,33.4,2,-8.42,-36.3,-1.77,5.0,-5.72,-1.58,-26.59,2.68,535744,메가(10조+),KOSPI,True,,2026-07-22,3,True,matured,30,-6.13,,,,-10.62,-11.64,-6.13,,,-6.13,5,0.0,-17.26,2,13.46,-6.33,1,-10.62,-6.47,0.34,-10.62,-10.62,-10.62,-10.62,-10.62,1,False,False,919000.0,173455,231209,234096,0.77,1.26,-192,281,-97,0.61,-10.62,,-1.45,0.34,0,[],[],False
055550_2026-07-25_pick_h5,055550_2026-07-25_pick,16,2026-07-25,pick,055550,신한지주,단기스윙,단기,5,0.44,104400.0,False,부분,ok,5대 금융지주 상반기 순이익 13조원 확인. 금융업종이 -4.52% 빠진 날 +0.58%로 방어했고 외국인 5일 +583억 순매수. 20일 +10.5%로 절반은 선반영이라 비중은 소액.,,,,,,,,,,,,9.7,-5.6,-5.0,7.0,4.0,40.1,강한 매집 — 세력 유입,40.2,43.88,100.53,0.76,58338969200.0,-89858613100.0,krx,0,100.5,104.5,1,-7.9,10.5,43.9,False,0,0.09,0,혼조,,,,risk-off,24,47.5,공포(롱 회피·falling knife),True,1.737,,,,,2.75,-1.3,327490.0,-4.72,1.7,,2026-07-23,672,1866,2.78,outflow,20881.9,-261756.7,1,30,-5.51,583,-899,-543,-22,0,0.09,-0.8,-1.91,기타 금융업,0.39,-0.01,1498.6,43.9,1,10.48,-4.4,0.53,20.4,-5.72,-1.58,-26.59,2.68,534704,메가(10조+),KOSPI,True,,2026-07-22,3,True,matured,30,-1.63,,,,-3.35,-3.45,-1.63,,,-1.63,5,0.0,-5.84,2,4.48,-3.54,,,-6.47,4.84,-1.63,-1.63,-1.63,-5.84,-5.84,2,False,False,102700.0,694952,1400139,1435399,0.71,0.99,-7,24,-44,0.38,-1.92,,-1.45,4.84,1,['대주주/대량보유'],['주식등의대량보유상황보고서(약식)'],False
017670_2026-07-25_short_h5,017670_2026-07-25_short,11,2026-07-25,short,017670,SK텔레콤,숏,단기,5,0.42,100000.0,False,,ok,"AI 데이터센터 자회사 설립(7,500억원)·최태원 판결 등 호재에도 외국인이 7거래일 연속 순매도(5일 -2,757억). RSI 67.9·20일 +9.4%로 이번 시장에서 드문 과열권이고 세력강도 -31.0(분산 우위). 리스크는 지수 추가 하락 시 방어주 쏠림과 컨센서스 매수(목표 117,158원)와의 상반 — 손절을 +9%로 넓게.",,,,,,,,,,,,,,,,,-31.0,분산 우위 — 경계,-100,67.89,112.99,3.881,-275655140700.0,-154807095600.0,krx,15,113.0,103.7,4,-28.3,9.4,67.9,False,26,0.07,0,증가,,,,risk-off,24,47.5,공포(롱 회피·falling knife),True,1.737,,,,,2.75,-1.3,327490.0,-4.72,1.7,,2026-07-23,672,1866,2.78,outflow,20881.9,-261756.7,1,30,-5.51,-2757,-1548,2672,11,7,0.07,12.7,-1.91,전기 통신업,-2.32,0.01,1189.7,67.9,4,9.41,-20.13,12.99,26.4,-5.72,-1.58,-26.59,2.68,201473,메가(10조+),KOSPI,True,,2026-07-22,3,True,matured,30,-18.0,,,,-17.8,-21.8,-18.0,,,-17.8,1,-4.87,-21.8,3,4.86,-18.6,1,-17.8,-6.47,-11.53,-17.8,-17.8,-17.8,,,,False,True,82000.0,3699697,1309202,1189678,1.9,0.89,-1460,856,611,0.5,-4.6,,-1.45,-11.53,2,['대주주/대량보유'],"['주식등의대량보유상황보고서(약식)', '임원ㆍ주요주주특정증권등소유상황보고서']",False
035420_2026-07-27_pick_h1,035420_2026-07-27_pick,15,2026-07-27,pick,035420,NAVER,단기스윙,임박,1,0.55,207500.0,False,미반영,ok,"이해진 의장이 현지 7/24 엔비디아 10억달러 전략투자와 브룩필드 최대 90억달러, 합계 100억달러(약 14조6,300억원) 유치를 발표했고 세종 데이터센터를 55MW에서 200MW로 확대한다. 국내 보도가 7/27 새벽 04:00~07:02에 집중돼 금요일 종가에 미반영. force +50.0 강한 매집, 기관 5일 +2,189억 순매수. 반대논거는 ",즉시상승,1,7,-5,,,,,,,,7.0,-5.0,-4.0,5.0,5.0,50.0,강한 매집 — 세력 유입,100,56.75,106.17,1.053,-70351722700.0,116580513700.0,krx,15,106.2,97.2,0,-31.7,3.9,56.7,True,6,0.76,10,증가,,,,risk-off,24,47.5,공포(롱 회피·falling knife),True,1.737,80.46,-6.21,15.2,공포(고공/급등 — F1: 롱 회피 검토),2.75,-1.3,327490.0,-4.72,1.7,2026-07-23,2026-07-23,672,1866,2.78,outflow,20881.9,-261756.7,1,30,-5.51,-704,1166,2189,-1484,2,0.76,16.7,-1.91,"자료처리, 호스팅, 포털 및 기타 인터넷 정보매개 서비스업",-0.34,-0.72,2068.9,56.7,0,3.91,-27.7,6.17,3.2,-5.72,-1.58,-26.59,2.68,331527,메가(10조+),KOSPI,True,,2026-07-22,5,True,matured,30,1.2,,,,1.2,,,,,1.2,1,0.0,1.2,1,0.0,,,,-9.97,11.17,1.2,1.2,1.2,1.2,1.2,,False,True,210000.0,2705093,1078417,997083,2.12,2.12,-1526,672,809,10.12,5.54,,-5.66,11.17,3,"['대주주/대량보유', '증자(희석)']","['주식등의대량보유상황보고서(약식)', '임원ㆍ주요주주특정증권등소유상황보고서', '주요사항보고서(유상증자결정)']",False
267260_2026-07-27_pick_h5,267260_2026-07-27_pick,10,2026-07-27,pick,267260,HD현대일렉트릭,단기스윙,단기,5,0.5,810000.0,False,미반영,ok,"이달 초 연간 수주 가이던스를 42.22억달러에서 51.85억달러로 22.8% 상향했고 2분기 매출 1조1,000억원(+24.3%)·영업이익 2,895억원(+38.4%)이 추정된다(KB증권). 빅테크와 약 1조원 규모 데이터센터 전력 인프라 장기공급계약 체결. 그럼에도 주가는 5월 고점 대비 -44.0%, 20일 -14.7%로 밀려 펀더멘털과 괴리가 크다.",이벤트대기,3,9,-6,,,,,,,,9.0,-6.0,-5.0,6.0,5.0,56.0,강한 매집 — 세력 유입,100,36.84,93.99,0.674,8719606500.0,-150852651500.0,krx,0,94.0,77.6,0,-43.4,-14.7,36.8,False,4,0.24,0,감소,,,,risk-off,24,47.5,공포(롱 회피·falling knife),True,1.737,80.46,-6.21,15.2,공포(고공/급등 — F1: 롱 회피 검토),2.75,-1.3,327490.0,-4.72,1.7,2026-07-23,2026-07-23,672,1866,2.78,outflow,20881.9,-261756.7,1,30,-5.51,87,-1509,179,-271,1,0.24,-63.0,-1.91,"전동기, 발전기 및 전기 변환 · 공급 · 제어 장치 제조업",0.07,-0.2,1338.3,36.8,0,-14.74,-42.96,-6.01,0.0,-5.72,-1.58,-26.59,2.68,275040,메가(10조+),KOSPI,True,,2026-07-22,5,True,matured,30,-16.91,,,,-12.96,-28.02,-16.91,,,-12.96,1,-17.3,-28.02,3,17.32,-15.56,1,-12.96,-6.47,-10.44,-12.96,-12.96,-12.96,-12.96,-12.96,1,False,False,673000.0,82155,161269,165225,1.23,2.44,153,-409,260,2.1,-3.7,,-1.45,-10.44,2,['대주주/대량보유'],"['주식등의대량보유상황보고서(약식)', '임원ㆍ주요주주특정증권등소유상황보고서']",False
207940_2026-07-27_pick_h20,207940_2026-07-27_pick,25,2026-07-27,pick,207940,삼성바이오로직스,장투가능,중기,20,0.45,1518000.0,False,부분,ok,"2분기 매출 1조3,209억원(+30.2%)·영업이익 5,864억원(+22.9%)·영업이익률 44%로 파업 손실 1,500억원을 흡수하고 최대 실적. 누적 수주 217억달러, 폴리펩타이드 인수로 비만약 CDMO 진출. 금요일 시장 -5.72% 속에 +10.08% 상승했고 외국인 5일 +449억·기관 5일 +1,290억 동반 순매수. OPM 45.4%, GP",계단식,12,10,-7,,,,,,,,10.0,-7.0,-6.0,7.0,3.0,42.3,강한 매집 — 세력 유입,100,59.07,108.93,3.834,44865380000.0,125273121000.0,krx,0,108.9,109.3,2,-23.6,9.5,59.1,False,4,0.45,0,증가,,,,risk-off,24,47.5,공포(롱 회피·falling knife),True,1.737,80.46,-6.21,15.2,공포(고공/급등 — F1: 롱 회피 검토),2.75,-1.3,327490.0,-4.72,1.7,2026-07-23,2026-07-23,672,1866,2.78,outflow,20881.9,-261756.7,1,30,-5.51,449,1253,1290,-1735,0,0.45,14.3,-1.91,기초 의약물질 제조업,0.51,-1.98,876.7,59.1,2,9.52,-22.75,8.93,12.7,-5.72,-1.58,-26.59,2.68,678625,메가(10조+),KOSPI,True,,2026-07-22,5,True,matured,30,4.41,,,,2.04,0.59,-6.26,3.36,4.41,5.99,11,-4.85,-6.26,5,13.07,-2.17,,,0.78,3.63,4.41,4.41,4.41,4.41,4.41,,False,True,1585000.0,99652,59747,57752,1.17,0.79,1322,1117,-2252,-1.25,-2.11,,10.55,3.63,3,"['대주주/대량보유', '증자(희석)']","['주요사항보고서(유상증자결정)', '임원ㆍ주요주주특정증권등소유상황보고서', '주식등의대량보유상황보고서(약식)']",False
015760_2026-07-27_pick_h20,015760_2026-07-27_pick,10,2026-07-27,pick,015760,한국전력,장투가능,중기,20,0.42,35400.0,False,미반영,ok,"52주 고가 대비 -49.1% 위치에서 force +49.1 강한 매집, 외국인 5일 +657억 순매수, 급락일 -0.56%로 방어. AI 데이터센터발 전력 수요 확대가 구조적 배경이며 전력거래소 회원사가 370배 급증했다. OPM 13.8%(개선 +4.8%p), FCF +4조9,425억, 등급 A. 반대논거는 심층 수집에서 2분기 실적·전력판매량 등 회사",계단식,12,8,-6,,,,,,,,8.0,-6.0,-5.0,6.0,4.0,49.1,강한 매집 — 세력 유입,100,38.27,98.39,0.749,65662533575.0,7640993600.0,krx,0,98.4,91.8,0,-49.1,-8.8,38.3,False,6,0.23,0,감소,,,,risk-off,24,47.5,공포(롱 회피·falling knife),True,1.737,80.46,-6.21,15.2,공포(고공/급등 — F1: 롱 회피 검토),2.75,-1.3,327490.0,-4.72,1.7,2026-07-23,2026-07-23,672,1866,2.78,outflow,20881.9,-261756.7,1,30,-5.51,657,76,-265,-401,0,0.23,-12.1,-1.91,전기업,1.01,-0.62,649.4,38.3,0,-8.76,-47.86,-1.61,0.0,-5.72,-1.58,-26.59,2.68,210243,메가(10조+),KOSPI,True,,2026-07-22,5,True,matured,30,-7.63,,,,-4.94,-6.64,-2.54,0.85,-7.63,1.55,8,-14.19,-12.85,16,6.0,-1.69,16,-12.85,0.78,-8.41,-12.85,-12.85,-12.85,-6.5,-6.5,2,False,False,32700.0,981381,1793835,1834458,0.52,1.26,100,-1765,1562,1.84,-0.14,,10.55,-8.41,0,[],[],False
068270_2026-07-27_pick_h20,068270_2026-07-27_pick,27,2026-07-27,pick,068270,셀트리온,장투가능,중기,20,0.42,177600.0,False,미반영,ok,"국민연금 7월 순매수 5위(953억9,826만원, 뉴스웨이 7/26)에 오르고 금요일 급락장에서 +3.14% 상승했다. 제약·바이오는 그날 유일하게 오른 업종(+5.99%, RS 3위)이다. GPM 59.3%, OPM 28.1%(개선 +14.3%p), 매출 +17.0%, FCF +4,225억 3년 연속 흑자, 등급 A로 재무는 최상위권. force +50.",계단식,12,8,-6,,,,,,,,8.0,-6.0,-5.0,6.0,3.0,50.1,강한 매집 — 세력 유입,100,41.62,101.61,1.383,43641090700.0,42372478500.0,krx,0,101.6,100.0,2,-25.8,2.6,41.6,False,19,0.15,0,혼조,,,,risk-off,24,47.5,공포(롱 회피·falling knife),True,1.737,80.46,-6.21,15.2,공포(고공/급등 — F1: 롱 회피 검토),2.75,-1.3,327490.0,-4.72,1.7,2026-07-23,2026-07-23,672,1866,2.78,outflow,20881.9,-261756.7,1,30,-5.51,436,424,257,-666,0,0.15,-1.7,-1.91,기초 의약물질 제조업,0.42,-0.63,1049.4,41.6,2,2.6,-25.02,1.61,6.0,-5.72,-1.58,-26.59,2.68,433366,메가(10조+),KOSPI,True,,2026-07-22,5,True,matured,30,6.76,,,,-0.11,6.98,2.59,13.18,6.76,18.52,11,-9.93,-0.11,1,18.66,5.12,,,0.78,5.98,6.76,12.22,12.0,6.76,8.0,,True,True,189600.0,494728,586295,590873,1.51,2.23,1872,1299,-3277,0.84,-1.01,,10.55,5.98,8,['대주주/대량보유'],"['주식등의대량보유상황보고서(일반)', '임원ㆍ주요주주특정증권등소유상황보고서', '주식등의대량보유상황보고서(약식)']",False
034730_2026-07-27_short_h5,034730_2026-07-27_short,10,2026-07-27,short,034730,SK,숏,단기,5,0.42,630000.0,False,,ok,"서울고법이 7/24 최태원 회장에게 재산분할금 9,440억원을 현금 지급하라고 판결했고 조달 방식으로 지분 담보대출과 일부 지분 처분이 함께 거론된다(이데일리 7/26). 외국인은 5일 -779억·20일 -1,378억으로 동반 순매도이고 주간 외국인 순매도 5위(782억), force -34.2 분산 우위, 공시 오버행 38(대주주·대량보유 15건, 자사주",,,,,,,,,,,,,,,,,-34.2,분산 우위 — 경계,-100,42.99,95.86,0.703,-77856481500.0,-137819761500.0,krx,0,95.9,102.0,0,-28.7,-26.6,43.0,False,38,0.01,0,증가,,,,risk-off,24,47.5,공포(롱 회피·falling knife),True,1.737,80.46,-6.21,15.2,공포(고공/급등 — F1: 롱 회피 검토),2.75,-1.3,327490.0,-4.72,1.7,2026-07-23,2026-07-23,672,1866,2.78,outflow,20881.9,-261756.7,1,30,-5.51,-779,-1378,677,73,2,0.01,23.7,-1.91,기타 금융업,-0.41,0.04,1898.7,43.0,0,-26.57,-26.57,-4.14,0.0,-5.72,-1.58,-26.59,2.68,442992,메가(10조+),KOSPI,True,,2026-07-22,5,True,matured,30,-16.98,,,,-14.13,-25.63,-16.98,,,-11.59,4,-6.1,-25.63,3,18.89,-11.59,1,-14.13,-6.47,-10.51,-14.13,-14.13,-14.13,,,,False,True,523000.0,155413,294430,301381,1.41,0.81,451,-187,-280,1.9,-3.33,,-1.45,-10.51,1,['메자닌(전환물량)'],['주요사항보고서(전환사채권발행결정)'],False
055550_2026-07-28_pick_h5,055550_2026-07-28_pick,17,2026-07-28,pick,055550,신한지주,장투가능,단기,5,0.5,105000.0,False,부분,ok,한국은행 3년 6개월 만의 기준금리 인상으로 예대마진 개선. 세력강도 +64로 유니버스 최상위이고 외국인 5일 순매수. 코스피가 20% 빠지는 동안 은행 업종만 +13% 상승했고 52주 고가 대비 -7.3%로 상대강도 최상위. 리스크는 요주의여신 8조원 증가와 금리 재료 선반영 지적.,계단식,4,7.5,-3.5,,,,,,,,6.5,-4.5,-4.0,5.0,5.0,64.0,강한 매집 — 세력 유입,100,44.35,100.46,0.484,78703400500.0,-86980215000.0,naver,0,100.5,105.0,2,-7.3,14.6,44.4,False,0,,,,,,,risk-off,34,43.0,공포(롱 회피·falling knife),True,1.737,78.65,-9.74,6.1,공포(고공/급등 — F1: 롱 회피 검토),2.75,-1.21,326720.0,-2.07,1.7,2026-07-24,2026-07-24,,,,,,,,,2.03,787,-882,-665,-108,1,0.09,-0.8,3.68,기타 금융업,0.53,-0.07,1474.4,44.4,2,14.63,-3.85,0.46,25.9,0.97,-4.81,-25.88,3.68,534704,메가(10조+),KOSPI,True,,,,True,matured,29,-2.57,,,,-6.38,-4.1,-2.57,,,-2.19,4,-0.39,-6.38,1,4.48,-2.19,,,-5.87,3.3,-2.57,-2.57,-2.57,-6.38,-6.38,1,False,False,102300.0,1253310,1397046,1404233,0.71,0.99,15,3,-45,-2.38,-5.05,,2.07,3.3,1,['대주주/대량보유'],['주식등의대량보유상황보고서(약식)'],False
105560_2026-07-28_pick_h5,105560_2026-07-28_pick,7,2026-07-28,pick,105560,KB금융,장투가능,단기,5,0.47,172600.0,False,부분,ok,"신한지주와 같은 금리 수혜 논리에 자사주 취득·소각이 더해진다. 공시상 자사주 취득 4건 확인(매물이 아니라 물량 흡수). 세력강도 +62, 상대강도지수 52로 과열 아님. 교보증권이 KB·신한을 자본비율과 자회사 수익 다변화로 지목. 은행 2종 합산 비중 10%로 제한, 분할 진입 권고.",계단식,4,7.0,-3.5,,,,,,,,6.0,-4.5,-4.0,5.0,5.0,61.7,강한 매집 — 세력 유입,100,51.58,100.22,0.49,33107388200.0,-411996519900.0,naver,0,100.2,106.4,1,-11.3,15.6,51.6,False,19,,,,,,,risk-off,34,43.0,공포(롱 회피·falling knife),True,1.737,78.65,-9.74,6.1,공포(고공/급등 — F1: 롱 회피 검토),2.75,-1.21,326720.0,-2.07,1.7,2026-07-24,2026-07-24,,,,,,,,,2.03,339,-4161,-207,-94,2,0.01,-76.8,3.68,기타 금융업,0.12,-0.03,2732.7,51.6,1,15.61,-7.3,0.22,15.1,0.97,-4.81,-25.88,3.68,623896,메가(10조+),KOSPI,True,,,,True,matured,29,-2.2,,,,-7.24,-2.38,-2.2,,,-1.8,4,-0.41,-7.24,1,5.87,-1.8,,,-5.87,3.67,-2.2,-2.2,-2.2,-7.24,-7.24,1,False,False,168800.0,1297643,1569648,1583249,0.59,1.04,-427,143,181,-0.93,-5.16,,2.07,3.67,0,[],[],False
068270_2026-07-28_pick_h20,068270_2026-07-28_pick,28,2026-07-28,pick,068270,셀트리온,장투가능,중기,20,0.45,178700.0,False,부분,ok,"반도체가 흔들리는 국면에서 반도체와 무관한 이익 성장주. 2025년 영업이익률 28.1%로 전년 대비 +14.3%p, 매출 +17%, 잉여현금흐름 +4,225억 흑자, 자사주 취득 공시 3건. 6월 말 이후 19회 추천에서 절대수익은 소폭이나 지수 대비 초과수익은 +2~+27%로 일관되게 플러스. 리스크는 바이오시밀러 가격 경쟁과 미국 약가 정책.",계단식,14,9.5,-5.0,,,,,,,,8.0,-5.5,-5.0,6.0,4.0,49.9,강한 매집 — 세력 유입,100,54.79,101.86,0.837,35486526700.0,37321023200.0,naver,0,101.9,100.8,3,-25.3,7.7,54.8,False,19,,,,,,,risk-off,34,43.0,공포(롱 회피·falling knife),True,1.737,78.65,-9.74,6.1,공포(고공/급등 — F1: 롱 회피 검토),2.75,-1.21,326720.0,-2.07,1.7,2026-07-24,2026-07-24,,,,,,,,,2.03,355,381,471,-812,1,0.15,-1.7,3.68,기초 의약물질 제조업,0.34,-0.78,1046.8,54.8,3,7.72,-24.55,1.86,10.4,0.97,-4.81,-25.88,3.68,433366,메가(10조+),KOSPI,True,,,,True,matured,29,8.23,,,,0.73,4.48,3.97,17.8,8.23,17.8,10,-9.93,0.73,1,16.94,1.96,,,0.78,7.45,8.23,12.48,12.0,8.23,8.0,,True,True,193400.0,1306161,620107,585804,1.43,2.9,2068,1170,-3346,-0.39,-1.51,,8.11,7.45,8,['대주주/대량보유'],"['주식등의대량보유상황보고서(일반)', '임원ㆍ주요주주특정증권등소유상황보고서', '주식등의대량보유상황보고서(약식)']",False
015760_2026-07-28_pick_h20,015760_2026-07-28_pick,11,2026-07-28,pick,015760,한국전력,장투가능,중기,20,0.42,36200.0,False,부분,ok,"서부텍사스산원유 -8.29%(81.91달러) 급락과 중동 공습 중단으로 연료비 부담 정점 통과 가능성. 2025년 영업이익률 13.8%(+4.8%p), 잉여현금흐름 +4.94조, 장투등급 A. 반대 증거가 센 픽 — 2분기 영업이익 컨센서스 -30.7% 하향, 연료비조정단가 17개 분기 상한 고정, SMP 상한제 검토. 실적 반영에 1~2분기 시차가 있어 ",눌림후상승,15,8.5,-6.0,,,,,,,,7.0,-5.0,-5.0,5.0,5.0,48.7,강한 매집 — 세력 유입,100,37.76,100.74,0.535,60760980600.0,3761933050.0,naver,0,100.7,94.2,1,-47.9,-2.4,37.8,False,6,,,,,,,risk-off,34,43.0,공포(롱 회피·falling knife),True,1.737,78.65,-9.74,6.1,공포(고공/급등 — F1: 롱 회피 검토),2.75,-1.21,326720.0,-2.07,1.7,2026-07-24,2026-07-24,,,,,,,,,2.03,607,40,-283,-336,0,0.23,-12.1,3.68,전기업,0.97,-0.54,623.9,37.8,1,-2.43,-46.69,0.74,2.5,0.97,-4.81,-25.88,3.68,210243,메가(10조+),KOSPI,True,,,,True,matured,29,-3.87,,,,-8.56,-3.87,-2.9,-2.76,-3.87,-0.69,7,-14.19,-14.78,15,12.8,-4.7,14,-9.94,0.78,-4.65,-8.56,-8.56,-8.56,-8.56,-8.56,1,False,False,34800.0,1447961,1710332,1723451,0.55,1.32,212,-1396,1065,-1.52,-8.43,,8.11,-4.65,0,[],[],False
041510_2026-07-28_pick_h5,041510_2026-07-28_pick,2,2026-07-28,pick,041510,에스엠,단기스윙,단기,5,0.38,74400.0,False,부분,ok,"반도체 무관 내수·콘텐츠 로테이션 수혜. 2025년 영업이익률 15.6%(+6.8%p), 매출 +18.7%. 07-27 엔터 4종목 동반 강세(JYP +4.79%, YG +4.40%, 스튜디오드래곤 +5.35%). 약점 — 어제 하루 +6.59% 급등으로 진입가 부담, 세력강도 +22로 약한 축, 근거 기사가 7월 초로 신선도 낮음, 07-18 숏 추천 후",즉시상승,3,8.0,-4.5,,,,,,,,7.0,-5.0,-5.0,6.0,2.5,21.9,매집 우위,36.9,46.13,101.4,1.146,2832474700.0,-14610100900.0,naver,0,101.4,93.0,1,-52.0,11.9,46.1,False,6,,,,,,,risk-off,34,43.0,공포(롱 회피·falling knife),True,1.737,78.65,-9.74,6.1,공포(고공/급등 — F1: 롱 회피 검토),2.75,-1.21,326720.0,-2.07,1.7,2026-07-24,2026-07-24,,,,,,,,,2.03,28,-147,8,-35,0,1.88,5.9,3.68,우량기업부,0.34,-0.42,82.5,46.1,1,11.88,-51.37,1.4,7.0,0.97,-4.81,-25.88,3.68,18293,대형(1조+),KOSDAQ,True,,,,True,matured,29,3.09,,,,-10.35,-8.06,3.09,,,3.09,5,0.0,-10.48,2,15.17,-3.76,1,-10.35,-5.87,8.96,-10.35,-10.35,-10.35,-10.35,-10.35,1,False,True,76700.0,106499,110736,110948,1.41,0.89,-30,40,-10,-1.34,-7.26,,2.07,1.02,0,[],[],False
012330_2026-07-28_short_h5,012330_2026-07-28_short,2,2026-07-28,short,012330,현대모비스,숏,단기,5,0.45,463500.0,False,,ok,"세력강도 -46으로 유니버스 하위 2위(강한 분산), 개별주식 옵션 풋미결제/콜미결제 2.99로 극단적 헤지. 5일·20일 수익률 모두 마이너스로 추세 확인. 지수보다 더 빠질 고유 이유는 원화 5일 +1.21% 강세에 따른 자동차 부품 수출 환산 실적 부담이며, 시장에 우호적인 환율 하락이 이 업종에는 역풍이다. 반대 시나리오는 52주 고가 대비 -43.",,,,,,,,,,,,,,,,,-46.0,강한 분산 — 떠넘기기 의심,-100,39.6,94.66,0.778,-14871710500.0,125536221500.0,naver,0,94.7,83.4,0,-43.6,-4.7,39.6,False,0,,,,,,,risk-off,34,43.0,공포(롱 회피·falling knife),True,1.737,78.65,-9.74,6.1,공포(고공/급등 — F1: 롱 회피 검토),2.75,-1.21,326720.0,-2.07,1.7,2026-07-24,2026-07-24,,,,,,,,,2.03,-159,1260,-27,136,2,0.33,13.1,3.68,자동차 신품 부품 제조업,-0.09,0.08,1738.2,39.6,0,-4.73,-39.65,-5.34,0.0,0.97,-4.81,-25.88,3.68,388025,메가(10조+),KOSPI,True,,,,True,matured,29,3.88,,,,-3.99,2.7,3.88,,,6.47,4,-2.43,-3.99,1,10.9,6.47,,,-5.87,9.75,3.88,3.88,3.88,,,,False,False,481500.0,386385,375560,375019,0.87,1.4,679,149,-801,-4.31,-9.28,,2.07,9.75,0,[],[],False
066970_2026-07-28_short_h5,066970_2026-07-28_short,5,2026-07-28,short,066970,엘앤에프,숏,단기,5,0.44,81500.0,False,,ok,"금융감독원 특별사법경찰이 07-27 한국거래소를 압수수색했다(10개 매체 교차검증). 테슬라 공급계약을 3.8조원으로 공시했다가 973만원으로 정정한 건과 정정 전 자사주 처분 의혹이 대상이다. 2025년 영업이익률 -7.3% 적자, 잉여현금흐름 -1,686억. 세력강도 -16이고 5일·20일 수익률 모두 마이너스. 반대 시나리오는 52주 고가 대비 -63",,,,,,,,,,,,,,,,,-16.0,분산 우위 — 경계,-45.7,32.76,84.97,0.48,5637582600.0,-9672349600.0,naver,0,85.0,60.2,0,-63.8,-17.6,32.8,False,6,,,,,,,risk-off,34,43.0,공포(롱 회피·falling knife),True,1.737,78.65,-9.74,6.1,공포(고공/급등 — F1: 롱 회피 검토),2.75,-1.21,326720.0,-2.07,1.7,2026-07-24,2026-07-24,,,,,,,,,2.03,55,-107,-103,47,2,1.46,-8.3,3.68,일차전지 및 이차전지 제조업,0.2,0.18,268.5,32.8,0,-17.59,-61.74,-15.03,0.0,0.97,-4.81,-25.88,3.68,46584,대형(1조+),KOSPI,True,,,,True,matured,29,-4.91,,,,-19.51,-10.06,-4.91,,,-4.91,5,0.0,-19.51,1,18.14,-10.8,1,-19.51,-5.87,0.96,-19.51,-19.51,-19.51,,,,False,True,77500.0,334099,329678,329457,0.68,1.25,31,-56,25,-7.12,-14.11,,2.07,0.96,1,['대주주/대량보유'],['주식등의대량보유상황보고서(일반)'],False
207940_2026-07-29_pick_h5,207940_2026-07-29_pick,26,2026-07-29,pick,207940,삼성바이오로직스,장투가능,단기,5,0.62,1549000.0,False,부분,ok,"지수 -10.84% 폭락일에 시총 상위 중 유일하게 +0.26% 상승. 기관 5일 +2,362억 순매수를 개인 -2,430억이 받아준 구조로 분배가 아니라 흡수. 2분기 매출 +30.2%·영업이익 +22.9%로 컨센서스 부합했고 제약바이오 업종은 20일 모멘텀이 유일한 플러스. 중국 메모리 서사와 접점이 없는 로테이션 수혜.",계단식,4,8.0,-4.0,,,,,,,,7.0,-5.0,-5.0,5.0,7.0,47.7,강한 매집 — 세력 유입,100,61.91,109.96,2.592,16534824000.0,50188177000.0,krx,15,110.0,111.4,4,-22.0,7.0,61.9,False,4,0.43,0,증가,,,,risk-off,17,62.5,공포(롱 회피·falling knife),False,1.615,77.55,-10.73,3.0,공포(고공/급등 — F1: 롱 회피 검토),2.75,-1.12,327410.0,-1.78,3.3,2026-07-27,2026-07-27,176,2435,13.84,outflow,-60398.9,-219684.4,3,30,-6.3,165,502,2362,-2430,2,0.43,11.3,-10.73,기초 의약물질 제조업,0.17,-2.47,984.5,61.9,4,6.98,-21.17,9.96,19.5,-10.84,-9.97,-33.91,0.0,678625,메가(10조+),KOSPI,True,,2026-07-24,5,True,matured,28,-3.74,,,,-1.42,-8.13,-3.74,,,-1.42,1,-6.81,-8.13,3,4.78,-4.71,,,9.54,-13.28,-8.13,-8.13,-8.13,-8.13,-8.13,3,False,False,1491000.0,91074,64864,63554,1.29,0.73,361,-147,-179,-0.32,-7.36,,13.28,-13.28,2,['대주주/대량보유'],"['임원ㆍ주요주주특정증권등소유상황보고서', '주식등의대량보유상황보고서(약식)']",False
068270_2026-07-29_pick_h20,068270_2026-07-29_pick,29,2026-07-29,pick,068270,셀트리온,장투가능,중기,20,0.58,177400.0,False,미반영,ok,"07-27 공시 2분기 매출 1조3,937억·영업이익 4,518억(+77.3%)으로 역대 2분기 최대, 영업이익률 25%에서 33%로 개선. 신규 제품군 매출 비중 60% 돌파. 실적 발표 뒤에도 20일 수익률 -1.0%·52주 고가 -25.8%로 선반영 흔적이 없다. 어제 -0.73%로 지수 대비 10.1%p 방어.",계단식,12,9.0,-5.0,,,,,,,,8.0,-5.0,-5.0,6.0,7.0,43.8,강한 매집 — 세력 유입,100,48.58,101.17,2.228,2065488450.0,10804774000.0,krx,0,101.2,100.2,0,-25.8,-1.0,48.6,False,19,0.14,0,증가,,,,risk-off,17,62.5,공포(롱 회피·falling knife),False,1.615,77.55,-10.73,3.0,공포(고공/급등 — F1: 롱 회피 검토),2.75,-1.12,327410.0,-1.78,3.3,2026-07-27,2026-07-27,176,2435,13.84,outflow,-60398.9,-219684.4,3,30,-6.3,21,108,1184,-1187,2,0.14,15.1,-10.73,기초 의약물질 제조업,0.02,-1.09,1087.2,48.6,0,-1.0,-25.1,1.17,0.0,-10.84,-9.97,-33.91,0.0,433366,메가(10조+),KOSPI,True,,2026-07-24,5,True,matured,28,7.84,,,,7.1,2.71,7.27,13.87,7.84,18.66,9,-9.93,2.71,3,15.53,4.74,,,14.75,-6.91,7.84,12.34,12.0,7.84,8.0,,True,True,191300.0,1797702,669251,612828,1.32,0.67,2263,402,-2779,1.52,-0.06,,18.67,-6.91,8,['대주주/대량보유'],"['주식등의대량보유상황보고서(일반)', '임원ㆍ주요주주특정증권등소유상황보고서', '주식등의대량보유상황보고서(약식)']",False
011200_2026-07-29_pick_h5,011200_2026-07-29_pick,11,2026-07-29,pick,011200,HMM,단기스윙,단기,5,0.55,20000.0,False,부분,ok,"국제유가 -4.21%(WTI 79.13달러)로 벙커유 연료비가 직접 절감된다. 세력강도 +64로 58종목 중 공동 1위, 외국인 5일 +343억·기관 +236억 순매수를 개인 -575억이 내놓았다. 공매도 잔고는 10일간 -13.5% 감소. 어제 -3.15%로 지수 대비 7.7%p 방어했고 거래량은 평소의 0.84배로 투매가 없었다.",계단식,4,7.0,-4.0,,,,,,,,6.5,-5.0,-5.0,5.0,5.0,64.0,강한 매집 — 세력 유입,100,53.48,100.77,0.836,34281657665.0,56399490545.0,krx,0,100.8,100.6,0,-22.2,4.1,53.5,False,6,0.96,0,감소,,,,risk-off,17,62.5,공포(롱 회피·falling knife),False,1.615,77.55,-10.73,3.0,공포(고공/급등 — F1: 롱 회피 검토),2.75,-1.12,327410.0,-1.78,3.3,2026-07-27,2026-07-27,176,2435,13.84,outflow,-60398.9,-219684.4,3,30,-6.3,343,564,236,-575,0,0.96,-13.5,-10.73,해상 운송업,1.25,-2.1,274.1,53.5,0,4.06,-20.79,0.77,1.5,-10.84,-9.97,-33.91,0.0,202325,메가(10조+),KOSPI,True,,2026-07-24,5,True,matured,28,5.5,,,,3.25,3.75,5.5,,,6.0,4,-0.47,3.25,1,2.66,6.0,,,9.54,-4.04,5.5,5.5,5.5,5.5,5.5,,False,True,21100.0,2200040,1409840,1370330,0.77,1.28,388,-20,-367,0.25,-1.15,,13.28,-4.04,0,[],[],False
015760_2026-07-29_pick_h20,015760_2026-07-29_pick,12,2026-07-29,pick,015760,한국전력,장투가능,중기,20,0.45,33650.0,False,미반영,ok,"연료비가 원가의 대부분인 구조에서 국제유가 -4.21%·브렌트 90달러 하회는 직접적인 이익 개선 요인. 세력강도 +49, 외국인 5일 +400억 순매수, 거래량 평소의 0.84배로 투매 없음. 52주 고가 -51.6%로 선반영 없음. 다만 같은 논지가 9회 나갔으나 보유분이 -4.9~-13.3%로 한 번도 작동하지 않아 확신을 낮춘다.",횡보후상승,14,8.0,-6.0,,,,,,,,7.0,-5.5,-5.0,5.0,4.0,48.9,강한 매집 — 세력 유입,100,33.33,94.24,0.84,39994877425.0,17078966300.0,krx,0,94.2,88.0,0,-51.6,-12.0,33.3,False,6,0.23,0,혼조,,,,risk-off,17,62.5,공포(롱 회피·falling knife),False,1.615,77.55,-10.73,3.0,공포(고공/급등 — F1: 롱 회피 검토),2.75,-1.12,327410.0,-1.78,3.3,2026-07-27,2026-07-27,176,2435,13.84,outflow,-60398.9,-219684.4,3,30,-6.3,400,171,-259,-156,1,0.23,-6.5,-10.73,전기업,0.7,-0.27,568.2,33.3,0,-12.03,-50.44,-5.76,0.0,-10.84,-9.97,-33.91,0.0,210243,메가(10조+),KOSPI,True,,2026-07-24,5,True,matured,28,0.89,,,,-1.78,2.53,6.09,5.35,0.89,6.84,6,-14.19,-8.32,14,12.8,4.46,,,14.75,-13.86,-8.32,-8.32,-8.32,-8.32,-8.32,14,False,True,33950.0,3040315,1752819,1688444,0.54,1.29,194,-1464,1153,0.45,-4.46,,18.67,-13.86,0,[],[],False
032830_2026-07-29_pick_h20,032830_2026-07-29_pick,7,2026-07-29,pick,032830,삼성생명,장투가능,중기,20,0.44,285000.0,False,미반영,ok,"외국인이 시장 전체에서 20일 -21조원을 파는 동안 이 종목만 20일 +1,684억·5일 +818억을 순매수. 상대강도지표 29.2·20일 수익률 -30.2%로 과매도가 극단. 간밤 미국에서 자금이 반도체에서 금융·헬스케어로 이동(다우 +1.03%)한 순환매가 국내로 번지면 보험이 통로가 된다.",눌림후상승,12,9.0,-7.0,,,,,,,,8.0,-6.0,-6.0,6.0,4.0,43.4,강한 매집 — 세력 유입,100,29.17,83.63,0.897,81779925500.0,168427720000.0,krx,0,83.6,79.1,0,-44.8,-30.2,29.2,False,6,0.04,0,혼조,,,,risk-off,17,62.5,공포(롱 회피·falling knife),False,1.615,77.55,-10.73,3.0,공포(고공/급등 — F1: 롱 회피 검토),2.75,-1.12,327410.0,-1.78,3.3,2026-07-27,2026-07-27,176,2435,13.84,outflow,-60398.9,-219684.4,3,30,-6.3,818,1684,-661,-155,0,0.04,4.6,-10.73,보험업,0.61,-0.12,1332.6,29.2,0,-30.23,-42.66,-16.37,0.0,-10.84,-9.97,-33.91,0.0,624000,메가(10조+),KOSPI,True,,2026-07-24,5,True,matured,28,7.72,,,,-7.37,0.88,3.16,6.14,7.72,15.26,16,-13.24,-7.37,1,24.43,-2.46,,,14.75,-7.03,7.72,15.26,12.0,-7.37,-7.37,1,True,True,307000.0,581469,473017,467594,2.19,1.3,-651,-286,878,-0.18,-13.68,,18.67,-7.03,0,[],[],False
108860_2026-07-29_short_h5,108860_2026-07-29_short,3,2026-07-29,short,108860,셀바스AI,숏,단기,5,0.4,9020.0,False,,ok,"지수가 -10.84% 빠진 날 58종목 중 유일하게 +11.91% 상승했고 거래량이 평소의 14.4배로 클라이맥스. 그 상승 와중에 세력강도는 -33으로 분산 우위라 오른 물량을 개인이 받는 구조. 상대강도지표 64.3으로 시장 전체가 30 부근인데 홀로 과열. 소형주 스퀴즈 위험이 커 손절은 +12%로 넓게, 비중은 최소로.",,,,,,,,,,,,,,,,,-33.0,분산 우위 — 경계,-87.9,64.34,126.46,14.396,-5894142945.0,-4353508675.0,krx,25,126.5,97.2,2,-48.7,14.9,64.3,False,0,3.21,35,증가,,,,risk-off,17,62.5,공포(롱 회피·falling knife),False,1.615,77.55,-10.73,3.0,공포(고공/급등 — F1: 롱 회피 검토),2.75,-1.12,327410.0,-1.78,3.3,2026-07-27,2026-07-27,176,2435,13.84,outflow,-60398.9,-219684.4,3,30,-6.3,-59,-44,1,58,4,3.21,64.3,-10.73,벤처기업부,-0.97,0.96,60.5,64.3,2,14.9,-46.15,26.46,19.9,-10.84,-9.97,-33.91,0.0,2468,소형,KOSDAQ,True,,2026-07-24,5,True,matured,28,21.29,,,,-16.52,7.54,21.29,,,21.29,5,0.0,-16.52,1,45.29,20.84,1,-16.52,9.54,11.75,-16.52,-16.52,-16.52,,,,False,False,10940.0,1701278,720319,671271,2.83,1.2,-10,3,5,-0.89,-17.63,,13.28,8.01,0,[],[],False
068270_2026-07-30_pick_h20,068270_2026-07-30_pick,30,2026-07-30,pick,068270,셀트리온,장투가능,중기,20,0.5,180000.0,False,부분,ok,"2분기 매출 1조3,000억(+35.2%)·영업이익 4,300억(+77.3%)으로 영업이익률이 25%에서 33%로 개선된 역대 2분기 최대 실적. 급락장에서 어제 +1.47% 상승하고 기관이 5거래일 1,742억 순매수(개인 -1,570억)한 방어 로테이션의 중심. 증권사 평균 목표가 272,857원 대비 34% 할인.",계단식,14,11,-6,,,,,,,,11.0,-7.0,-6.0,6.0,3.5,35.7,매집 우위,100,55.44,102.46,2.933,-33095471800.0,-663452600.0,krx,0,102.5,101.8,1,-24.8,3.9,55.4,False,19,0.15,0,증가,,,,risk-off,18,62.5,공포(롱 회피·falling knife),False,1.526,83.43,-1.72,27.3,공포(고공/급등 — F1: 롱 회피 검토),2.75,-0.64,331940.0,-1.08,8.3,2026-07-28,2026-07-28,232,2359,10.17,outflow,-95234.6,-188433.3,4,30,-11.77,-331,-7,1742,-1570,3,0.15,32.6,-16.69,기초 의약물질 제조업,-0.27,-1.29,1214.0,55.4,1,3.87,-24.01,2.46,4.4,-5.98,-16.17,-37.87,0.0,433366,메가(10조+),KOSPI,True,,2026-07-27,3,True,matured,27,5.94,,,,3.72,3.22,8.33,12.22,5.94,16.94,8,-9.93,1.22,2,15.53,5.72,,,19.88,-13.94,5.94,16.94,12.0,5.94,11.0,,True,True,190700.0,1747638,725534,674429,1.22,0.62,2444,-93,-2293,0.06,-0.06,,26.52,-13.94,8,['대주주/대량보유'],"['주식등의대량보유상황보고서(일반)', '임원ㆍ주요주주특정증권등소유상황보고서', '주식등의대량보유상황보고서(약식)']",False
207940_2026-07-30_pick_h20,207940_2026-07-30_pick,27,2026-07-30,pick,207940,삼성바이오로직스,장투가능,중기,20,0.46,1479000.0,False,부분,ok,"2분기 매출 1조3,209억(+30.2%)·영업이익 5,864억(+22.9%)으로 기대 부합. 영업이익률 45.4%(+16.4pp)와 잉여현금흐름 7,727억 3년 연속 흑자로 경기와 무관한 위탁생산 체력. 기관 5거래일 +2,686억 순매수(개인 -2,602억), 20일 수익률 +6.3%로 지수(-16.7%) 대비 방어. 리스크는 하반기 노사 갈등과 인건",계단식,14,11,-7,,,,,,,,11.0,-7.0,-6.0,7.0,3.0,60.0,강한 매집 — 세력 유입,100,60.66,104.66,1.433,2761510500.0,27268672000.0,krx,0,104.7,106.3,0,-25.6,6.3,60.7,False,4,0.48,0,증가,,,,risk-off,18,62.5,공포(롱 회피·falling knife),False,1.526,83.43,-1.72,27.3,공포(고공/급등 — F1: 롱 회피 검토),2.75,-0.64,331940.0,-1.08,8.3,2026-07-28,2026-07-28,232,2359,10.17,outflow,-95234.6,-188433.3,4,30,-11.77,28,273,2686,-2602,3,0.48,26.7,-16.69,기초 의약물질 제조업,0.03,-2.73,952.4,60.7,0,6.33,-24.73,4.66,8.1,-5.98,-16.17,-37.87,0.0,678625,메가(10조+),KOSPI,True,,2026-07-27,3,True,matured,27,0.47,,,,0.41,-0.2,2.37,5.75,0.47,8.79,8,-7.64,-3.79,2,13.07,0.81,,,19.88,-19.41,0.47,0.47,0.47,0.47,0.47,,True,True,1486000.0,83710,65315,64395,1.07,0.72,1762,-542,-1107,-0.41,-2.5,,26.52,-19.41,3,"['대주주/대량보유', '증자(희석)']","['주요사항보고서(유상증자결정)', '임원ㆍ주요주주특정증권등소유상황보고서', '주식등의대량보유상황보고서(약식)']",False
011200_2026-07-30_pick_h5,011200_2026-07-30_pick,12,2026-07-30,pick,011200,HMM,단기스윙,단기,5,0.38,20250.0,False,부분,ok,중동 리스크로 우회 운항이 늘어 글로벌 해상운임이 10주 연속 상승해 2년 만에 최고. 어제 코스피 -6% 속에서 +1.25% 상승하고 외국인이 5거래일 +341억·20거래일 +686억 순매수. 부채비율 26.3%로 우량. 단 2026년 선복 +4.6% 대 물량 +2.4% 공급과잉으로 연간 영업이익 -40% 전망이고 유가 급등은 연료비 부담이라 논지는 단기,눌림후상승,4,9,-5,,,,,,,,9.0,-6.0,-5.0,6.0,2.5,59.0,강한 매집 — 세력 유입,100,51.81,101.61,1.605,34090955030.0,68645183720.0,krx,0,101.6,101.9,1,-20.3,8.8,51.8,False,6,0.94,0,감소,,,,risk-off,18,62.5,공포(롱 회피·falling knife),False,1.526,83.43,-1.72,27.3,공포(고공/급등 — F1: 롱 회피 검토),2.75,-0.64,331940.0,-1.08,8.3,2026-07-28,2026-07-28,232,2359,10.17,outflow,-95234.6,-188433.3,4,30,-11.77,341,686,284,-620,0,0.94,-14.6,-16.69,해상 운송업,1.18,-2.14,290.2,51.8,1,8.81,-19.8,1.61,5.8,-5.98,-16.17,-37.87,0.0,202325,메가(10조+),KOSPI,True,,2026-07-27,3,True,matured,27,5.68,,,,3.46,4.69,5.68,,,5.68,5,0.0,2.47,2,3.13,4.2,,,11.18,-5.5,5.68,5.68,5.68,5.68,5.68,,False,True,21400.0,1810927,1450931,1432931,0.56,0.71,347,-50,-297,0.0,-0.74,,20.97,-5.5,0,[],[],False
108860_2026-07-30_short_h5,108860_2026-07-30_short,4,2026-07-30,short,108860,셀바스AI,숏,단기,5,0.52,7970.0,False,,ok,추적 58종 중 유일하게 20일선 위(+11.4%)에 남은 종목. 시장이 5일 -16.7% 빠지는 동안 20일 수익률 +5.6%로 홀로 버텼고 그 사이 공매도 잔고가 10거래일 +94.9% 증가(잔고 비중 3.71%). 어제 거래량이 평소 5.43배로 폭증하며 -11.64% 하락해 버티던 수급이 깨지기 시작. 2025년 영업이익률 1.3%·부채비율 118.,,,,,,,,,,,,-9.0,10.0,,,,-42.4,강한 분산 — 떠넘기기 의심,-95.4,57.53,111.41,2.534,-6644893050.0,-4807859205.0,krx,15,111.4,86.8,0,-54.7,5.6,57.5,False,0,3.71,35,증가,,,,risk-off,18,62.5,공포(롱 회피·falling knife),False,1.526,83.43,-1.72,27.3,공포(고공/급등 — F1: 롱 회피 검토),2.75,-0.64,331940.0,-1.08,8.3,2026-07-28,2026-07-28,232,2359,10.17,outflow,-95234.6,-188433.3,4,30,-11.77,-66,-48,1,66,5,3.71,94.9,-16.69,벤처기업부,-1.11,1.11,59.6,57.5,0,5.56,-52.42,11.41,4.6,-5.98,-16.17,-37.87,0.0,2468,소형,KOSDAQ,True,,2026-07-27,3,True,matured,27,33.38,,,,1.38,36.76,33.38,,,37.26,4,-2.83,1.38,1,35.4,37.26,,,11.18,22.2,33.38,21.71,12.0,,,,False,False,10630.0,867356,753395,747697,2.71,1.17,-6,2,1,-0.63,-9.03,,20.97,12.41,0,[],[],False
017670_2026-07-30_short_h5,017670_2026-07-30_short,12,2026-07-30,short,017670,SK텔레콤,숏,단기,5,0.46,78600.0,False,,ok,"외국인이 10거래일 연속 순매도(5일 -3,504억·20일 -2,950억)로 추적 종목 중 최장. 자사주 처분 공시 2건. 20일 수익률 -11.1%로 지수(-16.7%)보다 5.6%p 선방한 것이 곧 아직 팔 물량이 남았다는 뜻. 영업이익률 6.3%(-3.9pp)·매출 -4.7%로 방어주 프리미엄을 정당화하기 어렵다. 07-25 숏의 유지분(현재 지수 대",,,,,,,,,,,,-8.0,9.0,,,,-37.6,분산 우위 — 경계,-100,45.26,89.34,1.258,-350431224350.0,-294970730250.0,krx,0,89.3,81.9,0,-43.7,-11.1,45.3,False,26,0.33,0,증가,,,,risk-off,18,62.5,공포(롱 회피·falling knife),False,1.526,83.43,-1.72,27.3,공포(고공/급등 — F1: 롱 회피 검토),2.75,-0.64,331940.0,-1.08,8.3,2026-07-28,2026-07-28,232,2359,10.17,outflow,-95234.6,-188433.3,4,30,-11.77,-3504,-2950,2495,943,10,0.33,313.7,-16.69,전기 통신업,-3.12,0.84,1123.3,45.3,0,-11.09,-37.22,-10.66,0.0,-5.98,-16.17,-37.87,0.0,201473,메가(10조+),KOSPI,True,,2026-07-27,3,True,matured,27,15.9,,,,3.56,16.28,15.9,,,18.32,4,-2.04,3.56,1,14.25,18.32,,,11.18,4.72,15.9,16.28,12.0,,,,False,False,91100.0,1170101,1416832,1429169,1.36,0.97,-1069,924,129,-2.16,-2.16,,20.97,4.72,2,['대주주/대량보유'],"['주식등의대량보유상황보고서(약식)', '임원ㆍ주요주주특정증권등소유상황보고서']",False
000660_2026-07-31_pick_h1,000660_2026-07-31_pick,16,2026-07-31,pick,000660,SK하이닉스,단기스윙,임박,1,0.58,1322000.0,False,부분,ok,간밤 미국 예탁증서 +17.52%(공모가 149달러 회복)와 필라델피아 반도체지수 +8.19%가 국내 종가에 미반영. 세력강도 -37.5는 폭락을 반영한 후행 지표로 보고 오늘 하루 갭 해소에 베팅. 외국인 20일 -10.5조 분배와 공시 오버행 66이 최대 리스크라 비중 최소화.,즉시상승,1,13,-6,,,,,,,,12.0,-7.0,-5.0,7.0,4.0,-37.5,분산 우위 — 경계,-100,25.65,68.72,1.442,-6423917862000.0,-10544174431000.0,krx,0,68.7,62.9,0,-55.7,-48.4,25.6,False,66,0.02,0,증가,,,,risk-off,31,22.5,눌림목(역추세 롱 기회),True,1.465,87.79,6.04,66.7,공포(고공/급등 — F1: 롱 회피 검토),2.75,-0.64,329950.0,-0.14,6.7,2026-07-29,2026-07-29,1342,1215,0.91,outflow,-102617.6,-157976.8,0,30,-18.41,-64239,-105442,11945,50747,0,0.02,1651.4,-21.18,반도체 제조업,-0.73,0.58,87887.6,25.6,0,-48.36,-54.71,-31.28,0.0,-1.23,-7.14,-38.63,0.0,13024679,메가(10조+),KOSPI,True,,2026-07-28,3,True,matured,26,18.53,,,,18.53,,,,,18.53,1,0.0,18.53,1,0.0,,,,11.87,6.66,18.53,18.53,12.0,18.53,12.0,,False,True,1567000.0,10499619,6831484,6648077,0.8,0.8,18978,484,-19481,28.37,19.97,,14.36,6.66,2,['대주주/대량보유'],"['주식등의대량보유상황보고서(일반)', '임원ㆍ주요주주특정증권등소유상황보고서']",False
058470_2026-07-31_pick_h1,058470_2026-07-31_pick,14,2026-07-31,pick,058470,리노공업,단기스윙,임박,1,0.55,55200.0,False,미반영,ok,"어제 코스닥 반도체 장비주 급락(주성엔지니어링 -15.3%, 원익IPS -8.3%) 직후 미국 램리서치 +17.9%. 세력강도 +49.0, 외국인 5일 +239억 순매수, 거래량 평소의 0.77배로 추격 매도 부재. 영업이익률 47.5%·부채 8.3%로 재무 최상위. 7월 23일 동일 종목 실패(-23.1%) 이력이 반대 근거.",즉시상승,1,12,-5,,,,,,,,11.0,-6.5,-5.0,7.0,4.0,49.0,강한 매집 — 세력 유입,100,33.77,78.45,0.765,23931831050.0,199148204100.0,krx,0,78.4,61.8,0,-57.2,-32.4,33.8,False,6,0.6,10,증가,,,,risk-off,31,22.5,눌림목(역추세 롱 기회),True,1.465,87.79,6.04,66.7,공포(고공/급등 — F1: 롱 회피 검토),2.75,-0.64,329950.0,-0.14,6.7,2026-07-29,2026-07-29,1342,1215,0.91,outflow,-102617.6,-157976.8,0,30,-18.41,239,1991,-122,-102,0,0.6,14.4,-21.18,우량기업부,0.52,-0.22,459.2,33.8,0,-32.44,-56.54,-21.55,0.0,-1.23,-7.14,-38.63,0.0,52129,대형(1조+),KOSDAQ,True,,2026-07-28,3,True,matured,26,11.23,,,,11.23,,,,,11.23,1,0.0,11.23,1,0.0,,,,11.87,-0.64,11.23,11.23,11.23,11.23,11.0,,False,True,61400.0,1016063,840694,831926,0.83,0.83,-45,47,2,8.7,8.51,,14.36,-3.13,1,['대주주/대량보유'],['주식등의대량보유상황보고서(약식)'],False
042660_2026-07-31_pick_h5,042660_2026-07-31_pick,11,2026-07-31,pick,042660,한화오션,단기스윙,단기,5,0.52,79300.0,False,부분,ok,"HD한국조선해양 2분기 영업이익 1조6,451억(+72.5%)으로 조선 업황 실적 확인. 외국인 5일 +545억으로 관측 종목 중 최대 순매수, 세력강도 +44.2, 공시 오버행 0. 20일 -23.2%로 낙폭 회복 여지. 7월 초 캐나다 잠수함 수주 실패(-22.65%)로 수주 모멘텀 공백이 반대 근거.",계단식,4,10,-5,,,,,,,,9.0,-6.0,-5.0,7.0,5.0,44.2,강한 매집 — 세력 유입,100,50.68,91.46,1.043,54535889650.0,-220204071200.0,krx,0,91.5,73.9,1,-48.8,-23.2,50.7,False,0,1.47,0,혼조,,,,risk-off,31,22.5,눌림목(역추세 롱 기회),True,1.465,87.79,6.04,66.7,공포(고공/급등 — F1: 롱 회피 검토),2.75,-0.64,329950.0,-0.14,6.7,2026-07-29,2026-07-29,1342,1215,0.91,outflow,-102617.6,-157976.8,0,30,-18.41,545,-2202,-80,-457,0,1.47,6.9,-21.18,선박 및 보트 건조업,0.27,-0.23,1989.4,50.7,1,-23.23,-47.1,-8.54,2.5,-1.23,-7.14,-38.63,0.0,267499,메가(10조+),KOSPI,True,,2026-07-28,3,True,matured,26,12.74,,,,4.67,15.89,12.74,,,15.89,3,-2.72,4.67,1,10.72,14.38,,,11.89,0.85,12.74,15.89,12.0,12.74,9.0,,False,True,89400.0,1877179,2478600,2508672,0.45,0.34,728,305,-1022,2.9,-0.13,,23.89,0.85,0,[],[],False
207940_2026-07-31_pick_h20,207940_2026-07-31_pick,28,2026-07-31,pick,207940,삼성바이오로직스,장투가능,중기,20,0.46,1527000.0,False,부분,ok,"세력강도 +63.1로 관측 종목 1위, 코스피 20일 -21% 구간에서 +9.4%로 유일한 절대 상승. 영업이익률 45.4%(+16.4%p), 잉여현금흐름 3년 연속 흑자. 다만 반도체 주도 반등에서 방어주 차익실현 대상이고 공매도 잔고가 10일 +45.2% 급증해 확신도를 낮춤.",계단식,12,9,-5,,,,,,,,9.0,-6.0,-5.0,7.0,4.5,63.1,강한 매집 — 세력 유입,100,68.23,107.56,1.3,11186550000.0,31964142500.0,krx,0,107.6,109.7,1,-23.2,9.4,68.2,False,4,0.55,20,증가,,,,risk-off,31,22.5,눌림목(역추세 롱 기회),True,1.465,87.79,6.04,66.7,공포(고공/급등 — F1: 롱 회피 검토),2.75,-0.64,329950.0,-0.14,6.7,2026-07-29,2026-07-29,1342,1215,0.91,outflow,-102617.6,-157976.8,0,30,-18.41,112,320,2982,-2936,0,0.55,45.2,-21.18,기초 의약물질 제조업,0.11,-2.89,1016.9,68.2,1,9.38,-22.29,7.56,19.2,-1.23,-7.14,-38.63,0.0,678625,메가(10조+),KOSPI,True,,2026-07-28,3,True,matured,26,-0.59,,,,-6.81,-2.36,1.9,1.38,-0.59,5.37,7,-7.64,-6.81,1,13.07,-0.85,,,21.93,-22.52,-0.59,-0.59,-0.59,-6.81,-6.81,1,False,False,1518000.0,90690,67742,66595,1.03,0.7,1822,-834,-939,-0.07,-4.72,,29.39,-22.52,3,"['대주주/대량보유', '증자(희석)']","['주요사항보고서(유상증자결정)', '임원ㆍ주요주주특정증권등소유상황보고서', '주식등의대량보유상황보고서(약식)']",False
005490_2026-07-31_pick_h5,005490_2026-07-31_pick,1,2026-07-31,pick,005490,POSCO홀딩스,단기스윙,단기,5,0.45,300500.0,False,부분,ok,"2분기 영업이익 +34.9%로 중동 리스크·고환율에도 개선 확인, 한·칠레 리튬·구리 공급망 협의체 출범. 20일 -4.6%로 지수 대비 16%p 방어. 다만 직전 회계연도 잉여현금흐름 -1.67조·영업이익률 2.6%·매출 -4.9%로 장투 게이트 미달이라 단기 보유로 강등.",눌림후상승,4,10,-5,,,,,,,,9.0,-6.0,-5.0,7.0,4.0,35.8,매집 우위,100,51.42,97.32,1.566,-10548805250.0,98877088500.0,krx,0,97.3,80.1,1,-44.6,-4.6,51.4,False,6,0.07,0,감소,,,,risk-off,31,22.5,눌림목(역추세 롱 기회),True,1.465,87.79,6.04,66.7,공포(고공/급등 — F1: 롱 회피 검토),2.75,-0.64,329950.0,-0.14,6.7,2026-07-29,2026-07-29,1342,1215,0.91,outflow,-102617.6,-157976.8,0,30,-18.41,-105,989,212,-96,0,0.07,-48.8,-21.18,1차 철강 제조업,-0.11,-0.1,963.8,51.4,1,-4.6,-43.83,-2.68,2.5,-1.23,-7.14,-38.63,0.0,265855,메가(10조+),KOSPI,True,,2026-07-28,3,True,matured,26,10.15,,,,1.0,5.49,10.15,,,10.15,5,0.0,1.0,1,9.06,6.16,,,11.89,-1.74,10.15,10.15,10.15,10.15,9.0,,False,True,331000.0,431276,325996,320732,0.99,0.9,305,36,-339,3.66,0.17,,23.89,-1.74,1,['전환청구(출회)'],['전환가액ㆍ신주인수권행사가액ㆍ교환가액의조정(안내공시)'],False
141080_2026-07-31_pick_h5,141080_2026-07-31_pick,9,2026-07-31,pick,141080,리가켐바이오,단기스윙,단기,5,0.38,77900.0,False,미반영,ok,"RSI 23.9 극단 과매도에 20일 -48.1%인데 외국인은 5일 +363억 순매수, 공매도 잔고는 10일 -70.1% 급감. 제약·바이오 업종 상대강도 1위. 다만 영업적자·잉여현금흐름 -1,306억에 메자닌 3건·증자 3건(오버행 49)으로 희석 물량이 커 고위험 소액 한정.",눌림후상승,4,14,-8,,,,,,,,12.0,-8.0,-5.0,7.0,2.5,36.0,매집 우위,100,23.87,72.02,1.025,36267181350.0,117182439600.0,krx,0,72.0,56.1,0,-65.4,-48.1,23.9,False,49,0.41,0,감소,,,,risk-off,31,22.5,눌림목(역추세 롱 기회),True,1.465,87.79,6.04,66.7,공포(고공/급등 — F1: 롱 회피 검토),2.75,-0.64,329950.0,-0.14,6.7,2026-07-29,2026-07-29,1342,1215,0.91,outflow,-102617.6,-157976.8,0,30,-18.41,363,1172,-104,-195,0,0.41,-70.1,-21.18,기술성장기업부,1.11,-0.59,328.4,23.9,0,-48.07,-63.51,-27.98,0.0,-1.23,-7.14,-38.63,0.0,34169,대형(1조+),KOSDAQ,True,,2026-07-28,3,True,matured,26,45.31,,,,22.46,40.56,45.31,,,45.31,5,0.0,22.46,1,18.66,42.36,,,11.89,33.42,45.31,22.46,12.0,45.31,12.0,,False,True,113200.0,322189,416889,421624,0.67,0.85,-384,473,-126,4.49,2.05,,23.89,21.42,4,['대주주/대량보유'],"['주식등의대량보유상황보고서(일반)', '임원ㆍ주요주주특정증권등소유상황보고서', '주식등의대량보유상황보고서(일반)']",False
017670_2026-07-31_short_h5,017670_2026-07-31_short,13,2026-07-31,short,017670,SK텔레콤,숏,단기,5,0.35,78200.0,False,,ok,"외국인 5일 -2,361억 순매도, 세력강도 -38.3, 공매도 잔고 10일 +276.3% 급증. 통신은 급락장 피난처로 상대강도 2위까지 올라온 자리라 위험선호가 돌아오면 자금 유출 1순위. 숏의 근거는 방향이 아니라 지수 대비 상대 열위이며, 외국인 매수 전환 국면의 숏은 되돌림에 깔리기 쉬워 손절을 +9%로 넓게 두고 1건으로 최소화. 8월 5일 실적",,,,,,,,,,,,,,,,,-38.3,분산 우위 — 경계,-100,42.23,89.41,0.742,-236129292450.0,-291559757200.0,krx,0,89.4,81.8,0,-43.9,-11.7,42.2,False,26,0.32,0,증가,,,,risk-off,31,22.5,눌림목(역추세 롱 기회),True,1.465,87.79,6.04,66.7,공포(고공/급등 — F1: 롱 회피 검토),2.75,-0.64,329950.0,-0.14,6.7,2026-07-29,2026-07-29,1342,1215,0.91,outflow,-102617.6,-157976.8,0,30,-18.41,-2361,-2916,1862,479,0,0.32,276.3,-21.18,전기 통신업,-2.08,0.42,1132.6,42.2,0,-11.74,-37.54,-10.59,0.0,-1.23,-7.14,-38.63,0.0,201473,메가(10조+),KOSPI,True,,2026-07-28,3,True,matured,26,12.79,,,,4.86,18.93,12.79,,,18.93,3,-5.16,4.86,1,13.41,16.5,,,11.89,0.9,12.79,16.88,12.0,,,,True,False,88200.0,1372869,1444804,1448400,1.34,1.0,-1119,796,306,7.03,2.05,,23.89,0.9,2,['대주주/대량보유'],"['주식등의대량보유상황보고서(약식)', '임원ㆍ주요주주특정증권등소유상황보고서']",False
042660_2026-08-01_pick_h5,042660_2026-08-01_pick,12,2026-08-01,pick,042660,한화오션,단기스윙,단기,5,0.5,85200.0,False,부분,ok,"시장이 18% 오른 날 +7.44%에 그쳐 진입 여지가 남았고, 외국인 5일 순매수 772억원으로 관찰 종목 2위. 영업이익률 9.1%(+6.9%p)·매출 +18.6%·잉여현금흐름 흑자에 공시 오버행 0. 보유 기간 안에 실적 발표 없음.",계단식,4,12.0,-6.0,당일눌림,,,,,,,11.0,-7.0,-6.0,7.0,5.0,43.8,강한 매집 — 세력 유입,100,53.55,99.38,0.748,77235767050.0,-130419445250.0,krx,0,99.4,80.0,2,-45.0,-18.5,53.6,False,0,1.31,0,혼조,,,,risk-on,68,17.0,눌림목(역추세 롱 기회),True,1.491,86.18,7.11,51.5,공포(고공/급등 — F1: 롱 회피 검토),2.75,-1.93,321530.0,-1.82,1.7,2026-07-30,2026-07-30,2332,268,0.11,inflow,6061.7,-37495.5,0,8,-3.8,772,-1304,101,-863,0,1.31,-4.4,-1.42,선박 및 보트 건조업,0.37,-0.41,2082.2,53.6,2,-18.47,-43.16,-0.62,5.0,17.91,16.46,-27.64,17.91,267499,메가(10조+),KOSPI,True,,2026-07-29,3,True,matured,25,10.8,,,,2.7,6.46,10.8,,,10.8,5,0.0,2.7,1,7.89,4.93,,,-4.48,15.28,10.8,10.8,10.8,10.8,10.8,,False,True,94400.0,839335,2367456,2443862,0.43,0.46,823,377,-1202,-2.58,-4.34,True,18.72,15.28,0,[],[],False
068270_2026-08-01_pick_h20,068270_2026-08-01_pick,31,2026-08-01,pick,068270,셀트리온,장투가능,중기,20,0.46,186700.0,False,미반영,ok,"7월 31일 코스피에서 내린 두 업종 중 하나인 제약에 속해 -1.74%로 마감, 반도체 쏠림에서 소외. 기관 5일 +1,726억원 순매수. 영업이익률 28.1%(+14.3%p)·매출 +17.0%·잉여현금흐름 3년 흑자로 장기투자 등급 A.",계단식,14,13.0,-6.0,당일시가,,,,,,,12.0,-7.0,-6.0,7.0,5.0,44.4,강한 매집 — 세력 유입,100,65.58,105.51,1.528,-64770006050.0,17342864200.0,krx,0,105.5,105.6,0,-22.0,5.7,65.6,False,19,0.15,0,증가,,,,risk-on,68,17.0,눌림목(역추세 롱 기회),True,1.491,86.18,7.11,51.5,공포(고공/급등 — F1: 롱 회피 검토),2.75,-1.93,321530.0,-1.82,1.7,2026-07-30,2026-07-30,2332,268,0.11,inflow,6061.7,-37495.5,0,8,-3.8,-648,173,1726,-1237,1,0.15,13.8,-1.42,기초 의약물질 제조업,-0.46,-0.87,1416.9,65.6,0,5.72,-21.18,5.51,12.7,17.91,16.46,-27.64,17.91,433366,메가(10조+),KOSPI,True,,2026-07-29,3,True,matured,25,0.7,,,,-0.48,4.45,7.66,4.71,0.7,12.75,6,-10.69,-0.48,1,13.29,6.75,,,3.64,-2.94,0.7,12.75,12.0,0.7,12.0,,True,True,188000.0,451402,744261,758904,1.19,0.7,2244,-446,-1884,-1.39,-3.43,True,14.1,-2.94,3,['대주주/대량보유'],"['주식등의대량보유상황보고서(일반)', '임원ㆍ주요주주특정증권등소유상황보고서', '주식등의대량보유상황보고서(약식)']",False
035720_2026-08-01_pick_h5,035720_2026-08-01_pick,7,2026-08-01,pick,035720,카카오,단기스윙,단기,5,0.44,37400.0,False,미반영,ok,"외국인 5일 +511억원·기관 +255억원 동반 순매수에 개인만 -761억원 순매도. 세력강도 +50.5 강한 매집, 52주 최고가 대비 -46.3%. 7월 31일 +3.46%로 지수 대비 크게 못 미쳐 순환매 여지.",이벤트대기,4,12.0,-7.0,당일눌림,,,,,,,11.0,-7.0,-5.0,6.0,4.0,50.5,강한 매집 — 세력 유입,100,58.44,105.31,1.44,51082482675.0,104820354325.0,krx,0,105.3,96.8,2,-46.3,6.1,58.4,False,34,0.56,0,감소,,,,risk-on,68,17.0,눌림목(역추세 롱 기회),True,1.491,86.18,7.11,51.5,공포(고공/급등 — F1: 롱 회피 검토),2.75,-1.93,321530.0,-1.82,1.7,2026-07-30,2026-07-30,2332,268,0.11,inflow,6061.7,-37495.5,0,8,-3.8,511,1048,255,-761,0,0.56,-20.2,-1.42,"자료처리, 호스팅, 포털 및 기타 인터넷 정보매개 서비스업",0.64,-0.95,799.3,58.4,2,6.1,-44.76,5.31,10.7,17.91,16.46,-27.64,17.91,161916,메가(10조+),KOSPI,True,,2026-07-29,3,True,matured,25,5.75,,,,1.34,2.41,5.75,,,6.68,4,-0.88,1.34,1,5.28,6.68,,,-4.48,10.23,5.75,5.75,5.75,5.75,5.75,,False,True,39550.0,1702786,2116548,2137236,1.88,1.08,170,-8,-166,-2.01,-4.01,True,18.72,10.23,1,['대주주/대량보유'],['주식등의대량보유상황보고서(약식)'],False
009150_2026-08-01_pick_h5,009150_2026-08-01_pick,14,2026-08-01,pick,009150,삼성전기,단기스윙,단기,5,0.38,1142000.0,False,부분,ok,"외국인 20일 누적 순매수 3,281억원으로 관찰 종목 최상위. 하루 급등 전부터 매집이 진행됐고 20일 수익률은 여전히 -40.7%, 52주 최고가 대비 -52.8%로 위치가 낮음. 영업이익률 8.1%(+1.0%p), 잉여현금흐름 흑자.",눌림후상승,4,15.0,-12.0,익일이후,,,,,,,14.0,-9.0,-8.0,8.0,3.0,45.0,강한 매집 — 세력 유입,100,36.36,83.2,0.617,32193055500.0,328144788500.0,krx,0,83.2,73.5,1,-52.8,-40.7,36.4,False,6,0.1,0,감소,,,,risk-on,68,17.0,눌림목(역추세 롱 기회),True,1.491,86.18,7.11,51.5,공포(고공/급등 — F1: 롱 회피 검토),2.75,-1.93,321530.0,-1.82,1.7,2026-07-30,2026-07-30,2332,268,0.11,inflow,6061.7,-37495.5,0,8,-3.8,322,3281,909,-1066,0,0.1,-22.6,-1.42,전자부품 제조업,0.03,-0.1,11110.0,36.4,1,-40.71,-49.69,-16.8,2.5,17.91,16.46,-27.64,17.91,1086046,메가(10조+),KOSPI,True,,2026-07-29,3,True,matured,25,11.56,,,,3.77,7.62,11.56,,,18.74,2,-9.37,3.77,1,14.43,11.91,,,-4.48,16.04,11.56,18.74,12.0,11.56,14.0,,True,True,1274000.0,1107138,979253,972859,1.04,1.0,-10625,2115,8295,6.92,1.14,,18.72,16.04,1,['대주주/대량보유'],['임원ㆍ주요주주특정증권등소유상황보고서'],False
214150_2026-08-01_pick_h5,214150_2026-08-01_pick,4,2026-08-01,pick,214150,클래시스,단기스윙,단기,5,0.34,41150.0,False,미반영,ok,"RSI 30.2로 관찰 종목 중 가장 과매도. 20일 수익률 -14.1%, 52주 최고가 대비 -47.0%. 영업이익률 50.7%·매출총이익률 77.5%·잉여현금흐름 흑자로 마진 체력 상위. 7월 31일 +9.59%로 코스닥 평균에 못 미침.",눌림후상승,4,15.0,-8.0,당일눌림,,,,,,,14.0,-8.0,-7.0,8.0,2.0,29.7,매집 우위,55.1,30.19,91.91,0.804,-248939900.0,9917363000.0,krx,0,91.9,88.2,1,-47.0,-14.1,30.2,False,18,2.58,18,증가,,,,risk-on,68,17.0,눌림목(역추세 롱 기회),True,1.491,86.18,7.11,51.5,공포(고공/급등 — F1: 롱 회피 검토),2.75,-1.93,321530.0,-1.82,1.7,2026-07-30,2026-07-30,2332,268,0.11,inflow,6061.7,-37495.5,0,8,-3.8,-2,99,58,-52,0,2.58,18.1,-1.42,우량기업부,-0.02,-0.54,97.0,30.2,1,-14.09,-45.57,-8.09,2.5,17.91,16.46,-27.64,17.91,20875,대형(1조+),KOSDAQ,True,,2026-07-29,3,True,matured,25,12.52,,,,10.33,10.69,12.52,,,12.52,5,0.0,9.11,2,3.12,11.54,,,-4.48,17.0,12.52,12.52,12.0,12.52,12.52,,False,True,46300.0,223960,235125,235684,1.01,0.64,-16,34,-18,-4.86,-4.86,True,18.72,-6.2,1,['대주주/대량보유'],['주식등의대량보유상황보고서(약식)'],False
047810_2026-08-01_short_h5,047810_2026-08-01_short,16,2026-08-01,short,047810,한국항공우주,숏,단기,5,0.45,127300.0,False,,ok,"세력강도 -41.2 강한 분산. 외국인 5일 -144억원, 기관 -158억원 동반 순매도로 두 주체가 함께 이탈. 공매도 잔고 비중 5.67%로 관찰 종목 최고이며 10일간 25.8% 증가. 시장이 17.91% 오른 날 +5.47%에 그쳐 상대 강도가 약함. 지수 대비 초과 하락(알파)을 근거로 하며, 방산 수주잔고 100조원과 하반기 영업이익 +56% 전",,,,,,,,,,,,,,,,,-41.2,강한 분산 — 떠넘기기 의심,-100,41.15,87.55,1.551,-14371059500.0,-159206635950.0,krx,0,87.5,84.1,2,-40.9,-17.4,41.1,False,6,5.67,35,증가,,,,risk-on,68,17.0,눌림목(역추세 롱 기회),True,1.491,86.18,7.11,51.5,공포(고공/급등 — F1: 롱 회피 검토),2.75,-1.93,321530.0,-1.82,1.7,2026-07-30,2026-07-30,2332,268,0.11,inflow,6061.7,-37495.5,0,8,-3.8,-144,-1592,-158,89,0,5.67,25.8,-1.42,"항공기,우주선 및 부품 제조업",-0.23,0.14,622.8,41.1,2,-17.44,-36.98,-12.45,5.0,17.91,16.46,-27.64,17.91,126133,메가(10조+),KOSPI,True,,2026-07-29,3,True,matured,25,21.05,,,,8.01,17.91,21.05,,,21.13,4,-0.06,8.01,1,12.15,21.13,,,-4.48,25.53,21.05,15.08,12.0,,,,False,False,154100.0,453632,487570,489267,1.06,1.05,-364,-320,-210,-1.26,-5.11,,18.72,25.53,1,['대주주/대량보유'],['주식등의대량보유상황보고서(일반)'],False
108860_2026-08-01_short_h5,108860_2026-08-01_short,5,2026-08-01,short,108860,셀바스AI,숏,단기,5,0.42,8080.0,False,,ok,"공매도 잔고 비중 4.25%가 10일간 122.5% 급증. 20일선 이격도 112.6으로 과열, 영업이익률 1.3%로 체력 취약, 장기투자 등급 C. 7월 29·30일 숏에서 절대 -1.4%였으나 지수 대비 +15.1% 초과 성과. 알파 근거로 유지하며 손절 +10%.",,,,,,,,,,,,,,,,,-6.7,중립/관망,-56.0,55.6,112.56,1.12,-2775938615.0,-3755840860.0,krx,15,112.6,89.7,1,-54.0,10.2,55.6,False,0,4.25,35,증가,,,,risk-on,68,17.0,눌림목(역추세 롱 기회),True,1.491,86.18,7.11,51.5,공포(고공/급등 — F1: 롱 회피 검토),2.75,-1.93,321530.0,-1.82,1.7,2026-07-30,2026-07-30,2332,268,0.11,inflow,6061.7,-37495.5,0,8,-3.8,-28,-38,2,24,0,4.25,122.5,-1.42,벤처기업부,-0.42,0.36,66.7,55.6,1,10.23,-51.76,12.56,6.9,17.91,16.46,-27.64,17.91,2468,소형,KOSDAQ,True,,2026-07-29,3,True,matured,25,34.9,,,,34.9,31.56,34.9,,,35.4,2,-2.83,31.56,3,2.54,32.18,,,-4.48,39.38,34.9,34.9,12.0,,,,False,False,10900.0,4547862,1002539,825273,2.03,1.73,-22,1,22,12.75,7.05,,18.72,16.18,0,[],[],False
207940_2026-08-02_pick_h5,207940_2026-08-02_pick,29,2026-08-02,pick,207940,삼성바이오로직스,장투가능,단기,5,0.56,1485000.0,False,미반영,ok,"시장이 사상 최대폭으로 오른 7월 31일에 홀로 2.75% 하락하며 역상관 방어주 지위를 재확인했고, 영업이익률 45.4%(+16.4%p)와 3년 연속 잉여현금흐름 흑자로 장기 체력도 갖췄다. 다만 3분기 파업 리스크 보도로 확신을 한 단계 낮췄다.",눌림후상승,4,8.0,-4.0,당일눌림,down,0.28,-1.2,반증검색:3Q파업리스크 → conviction -0.05;F7:헬스케어 3픽 편중 경고,v11.6+retro22,OTHER;F7,8.0,-5.0,-5.0,5.0,6.0,60.3,강한 매집 — 세력 유입,100,58.56,104.31,1.362,-58830325000.0,16158402000.0,naver,0,104.3,106.7,0,-25.3,5.6,58.6,False,6,,,,,,,risk-off,32,15.0,눌림목(역추세 롱 기회),True,1.491,86.18,7.11,51.5,공포(고공/급등 — F1: 롱 회피 검토),2.75,-1.93,321530.0,-1.82,1.7,2026-07-30,2026-07-30,,,,,,,,,-3.8,-590,148,1592,-908,1,0.55,45.2,-1.42,기초 의약물질 제조업,-0.59,-0.9,1007.9,58.6,0,5.62,-24.43,4.31,5.7,17.91,16.46,-27.64,17.91,678625,메가(10조+),KOSPI,True,,,,True,matured,25,5.66,,,,-0.61,1.95,5.66,,,5.66,5,0.0,-0.61,1,6.3,4.78,,,-4.48,10.14,5.66,5.66,5.66,5.66,5.66,,False,True,1569000.0,47113,66884,67872,0.63,0.77,944,-226,-692,-0.81,-4.98,True,18.72,10.14,1,['대주주/대량보유'],['임원ㆍ주요주주특정증권등소유상황보고서'],False
066570_2026-08-02_pick_h5,066570_2026-08-02_pick,4,2026-08-02,pick,066570,LG전자,단기스윙,단기,5,0.54,162100.0,False,부분,ok,"2분기 영업이익 1조5,791억원으로 전년 대비 147% 증가한 2분기 기준 역대 최대. 같은 분기 삼성전자 TV·생활가전은 100억원 적자 전환해 체질 차이가 확인됐고, 반도체 업황 논쟁과 무관한 실적이라 분산 효과가 크다. 다만 연간 영업이익률 2.8%·부채비율 140.3%로 장투 태그는 부여하지 않았다.",눌림후상승,4,10.0,-6.0,당일눌림,down,0.25,-2.5,"반증검색:메모리 원가부담 → 실적으로 반박 성공, 확신 유지",v11.6+retro22,OTHER,9.0,-6.0,-6.0,6.0,5.0,50.9,강한 매집 — 세력 유입,100,41.46,91.68,1.11,30851975000.0,82441484100.0,naver,0,91.7,77.2,1,-63.0,-15.7,41.5,False,0,,,,,,,risk-off,32,15.0,눌림목(역추세 롱 기회),True,1.491,86.18,7.11,51.5,공포(고공/급등 — F1: 롱 회피 검토),2.75,-1.93,321530.0,-1.82,1.7,2026-07-30,2026-07-30,,,,,,,,,-3.8,312,807,68,-374,1,0.92,-16.2,-1.42,통신 및 방송 장비 제조업,0.12,-0.15,2536.2,41.5,1,-15.7,-58.7,-8.32,2.5,17.91,16.46,-27.64,17.91,348573,메가(10조+),KOSPI,True,,,,True,matured,25,17.21,,,,2.1,8.08,17.21,,,17.21,5,0.0,2.1,1,14.8,14.13,,,-4.48,21.69,17.21,14.13,12.0,17.21,9.0,,False,True,190000.0,754750,1526030,1564595,0.69,0.77,-79,924,-846,-2.41,-4.94,True,18.72,21.69,0,[],[],False
068270_2026-08-02_pick_h5,068270_2026-08-02_pick,32,2026-08-02,pick,068270,셀트리온,장투가능,단기,5,0.48,186700.0,False,부분,ok,"7월 12~22일 네 차례 추천이 모두 목표가에 도달했고 코스피 대비 초과수익 +7.0~+18.3%를 기록했다. 영업이익률 28.1%(+14.3%p), 부채비율 28.7%로 금리 상승 국면에 강하다. 다만 상대강도지수 65.58로 편입 종목 중 가장 높아 단기 여력은 삼성바이오로직스보다 작다.",눌림후상승,4,8.0,-4.0,당일눌림,down,0.28,-1.3,F7:헬스케어 3픽 편중 경고,v11.6+retro22,F7,8.0,-5.0,-5.0,5.0,4.0,44.4,강한 매집 — 세력 유입,100,65.58,105.51,1.528,-65473760900.0,15522237500.0,naver,0,105.5,105.6,0,-22.0,5.7,65.6,False,19,,,,,,,risk-off,32,15.0,눌림목(역추세 롱 기회),True,1.491,86.18,7.11,51.5,공포(고공/급등 — F1: 롱 회피 검토),2.75,-1.93,321530.0,-1.82,1.7,2026-07-30,2026-07-30,,,,,,,,,-3.8,-648,173,1726,-1237,1,0.16,33.9,-1.42,기초 의약물질 제조업,-0.46,-0.87,1416.9,65.6,0,5.72,-21.18,5.51,12.7,17.91,16.46,-27.64,17.91,433366,메가(10조+),KOSPI,True,,,,True,matured,25,7.66,,,,-0.48,4.45,7.66,,,7.66,5,0.0,-0.48,1,8.18,6.75,,,-4.48,12.14,7.66,7.66,7.66,7.66,7.66,,False,True,201000.0,451402,744261,758904,0.72,0.7,1180,482,-1665,-1.39,-3.43,True,18.72,12.14,2,['대주주/대량보유'],"['임원ㆍ주요주주특정증권등소유상황보고서', '주식등의대량보유상황보고서(약식)']",False
196170_2026-08-02_pick_h20,196170_2026-08-02_pick,17,2026-08-02,pick,196170,알테오젠,장투가능,중기,20,0.42,308500.0,False,미반영,ok,"2025 사업연도 매출 +109.9%, 영업이익률 49.5%(+24.8%p), 매출총이익률 76.7%로 코스닥 실적 상향주의 대표. 7월 31일 시행된 단일종목 레버리지 규제로 대형 반도체 레버리지 자금 효율이 떨어지면 중소형 성장주 상대 매력이 개선되고, 연기금 벤치마크 코스닥 반영과 9월 코스닥 프리미엄 지수 출시가 예정돼 있다. 부채비율 153.8%와",횡보후상승,12,14.0,-9.0,익일이후,down,0.22,-3.5,F7:헬스케어 3픽 편중 경고;entry_window=익일이후(고베타 갭 회피),v11.6+retro22,F7;OTHER,12.0,-8.0,-7.0,8.0,3.0,34.0,매집 우위,100,46.1,102.75,0.773,-22166620500.0,56682363000.0,naver,0,102.7,91.8,1,-45.8,-12.2,46.1,False,14,,,,,,,risk-off,32,15.0,눌림목(역추세 롱 기회),True,1.491,86.18,7.11,51.5,공포(고공/급등 — F1: 롱 회피 검토),2.75,-1.93,321530.0,-1.82,1.7,2026-07-30,2026-07-30,,,,,,,,,-3.8,-223,531,522,-284,0,2.3,1.6,-1.42,우량기업부,-0.16,-0.2,1391.2,46.1,1,-12.23,-44.81,2.75,2.5,17.91,16.46,-27.64,17.91,199214,메가(10조+),KOSDAQ,True,,,,True,matured,25,-2.43,,,,12.48,-4.86,12.8,-3.4,-2.43,12.8,5,-14.37,-10.21,2,25.63,-1.13,2,-10.21,3.64,-6.07,-10.21,12.48,12.0,-10.21,12.0,2,True,False,301000.0,301673,443850,450959,2.33,1.44,496,-611,-116,-24.43,-24.8,,14.1,-16.53,6,"['대주주/대량보유', '증자(희석)']","['임원ㆍ주요주주특정증권등소유상황보고서', '임원ㆍ주요주주특정증권등소유상황보고서', '임원ㆍ주요주주특정증권등소유상황보고서']",False
018260_2026-08-02_pick_h5,018260_2026-08-02_pick,4,2026-08-02,pick,018260,삼성에스디에스,단기스윙,단기,5,0.4,206000.0,False,미반영,ok,"20일 수익률 +2.2%로 상장 종목 70%가 하락한 7월에 플러스를 지켰고, 7월 31일 상승률도 3.67%에 그쳐 선반영이 적다. 세력강도 +50.8에 상대강도지수 52.92로 과열도 아니다. 다만 옵션시장에서 풋 미결제가 콜의 2.88배로 편입 종목 중 가장 극단적인 풋 우위라, 큰손이 현물을 사면서 보호풋으로 헤지하는 신호로 보고 확신을 한 단계 낮",계단식,4,7.0,-4.0,당일눌림,down,0.27,-1.8,5.10 옵션 풋우위(pcr_oi 2.878) → conviction -0.10,v11.6+retro22,OTHER,7.0,-4.5,-5.0,5.0,3.0,50.8,강한 매집 — 세력 유입,100,52.92,103.56,1.307,-52617683200.0,-16509457600.0,naver,0,103.6,98.3,2,-47.0,2.2,52.9,False,49,,,,,,,risk-off,32,15.0,눌림목(역추세 롱 기회),True,1.491,86.18,7.11,51.5,공포(고공/급등 — F1: 롱 회피 검토),2.75,-1.93,321530.0,-1.82,1.7,2026-07-30,2026-07-30,,,,,,,,,-3.8,-526,-170,688,-156,2,1.97,24.0,-1.42,"컴퓨터 프로그래밍, 시스템 통합 및 관리업",-0.77,-0.23,679.9,52.9,2,2.23,-43.09,3.56,5.8,17.91,16.46,-27.64,17.91,187641,메가(10조+),KOSPI,True,,,,True,matured,25,8.01,,,,6.55,12.86,8.01,,,12.86,3,-4.73,6.55,1,5.92,7.52,,,-4.48,12.49,8.01,12.86,12.0,8.01,7.0,,False,True,222500.0,249490,326220,330056,1.1,1.26,-97,609,-502,-1.46,-3.88,True,18.72,12.49,0,[],[],False
068270_2026-08-03_pick_h20,068270_2026-08-03_pick,33,2026-08-03,pick,068270,셀트리온,장투가능,중기,20,0.58,186700.0,False,부분,ok,"2분기 이익 레벨업 확인(증권 3사 동시 리포트), 영업이익률 28.1%로 14.3%p 개선, 기관 5일 순매수 +1,694억. 우리 과거 픽도 전부 목표 도달.",계단식,14,12,-5,당일눌림,,,,,,,10.0,-6.0,-5.0,7.0,8.0,44.4,강한 매집 — 세력 유입,100,65.58,105.51,1.528,-65473760900.0,15522237500.0,naver,0,105.5,105.6,0,-22.0,5.7,65.6,False,19,,,,,,,risk-off,32,15.0,눌림목(역추세 롱 기회),True,1.491,86.18,7.11,51.5,공포(고공/급등 — F1: 롱 회피 검토),2.75,-1.93,321530.0,-1.82,1.7,2026-07-30,2026-07-30,,,,,,,,,-3.8,-648,173,1726,-1237,1,0.16,33.9,-1.42,기초 의약물질 제조업,-0.46,-0.87,1416.9,65.6,0,5.72,-21.18,5.51,12.7,17.91,16.46,-27.64,17.91,433366,메가(10조+),KOSPI,True,,,,True,matured,25,0.7,,,,-0.48,4.45,7.66,4.71,0.7,12.75,6,-10.69,-0.48,1,13.29,6.75,,,3.64,-2.94,0.7,12.75,12.0,0.7,10.0,,True,True,188000.0,451402,744261,758904,1.19,0.7,2244,-446,-1884,-1.39,-3.43,True,14.1,-2.94,3,['대주주/대량보유'],"['주식등의대량보유상황보고서(일반)', '임원ㆍ주요주주특정증권등소유상황보고서', '주식등의대량보유상황보고서(약식)']",False
207940_2026-08-03_pick_h20,207940_2026-08-03_pick,30,2026-08-03,pick,207940,삼성바이오로직스,장투가능,중기,20,0.55,1485000.0,False,부분,ok,"세력강도 +59.3으로 58종목 중 2위, 기관 5일 +1,591억. 영업이익률 45.4%·잉여현금흐름 3년 연속 흑자. 금요일 폭등장에서 -2.75%로 소외돼 반등 미참여.",계단식,14,11,-5,당일눌림,,,,,,,9.0,-6.0,-5.0,6.0,8.0,59.3,강한 매집 — 세력 유입,100,58.56,104.31,1.362,-58830325000.0,16158402000.0,naver,0,104.3,106.7,0,-25.3,5.6,58.6,False,6,,,,,,,risk-off,32,15.0,눌림목(역추세 롱 기회),True,1.491,86.18,7.11,51.5,공포(고공/급등 — F1: 롱 회피 검토),2.75,-1.93,321530.0,-1.82,1.7,2026-07-30,2026-07-30,,,,,,,,,-3.8,-590,148,1592,-908,1,0.55,45.2,-1.42,기초 의약물질 제조업,-0.59,-0.9,1007.9,58.6,0,5.62,-24.43,4.31,5.7,17.91,16.46,-27.64,17.91,678625,메가(10조+),KOSPI,True,,,,True,matured,25,2.36,,,,-0.61,1.95,5.66,3.1,2.36,8.35,6,-7.64,-0.61,1,9.01,4.78,,,3.64,-1.28,2.36,2.36,2.36,2.36,2.36,,True,True,1520000.0,47113,66884,67872,1.04,0.77,1935,-584,-1282,-0.81,-4.98,True,14.1,-1.28,2,"['대주주/대량보유', '증자(희석)']","['주요사항보고서(유상증자결정)', '임원ㆍ주요주주특정증권등소유상황보고서']",False
066570_2026-08-03_pick_h5,066570_2026-08-03_pick,5,2026-08-03,pick,066570,LG전자,단기스윙,단기,5,0.5,162100.0,False,부분,ok,"2분기 영업이익 1조5,791억 어닝 서프라이즈, 폭락 다음날 증권 3사 동시 긍정 리포트(AI 공조·로봇). 세력강도 +51.0, 외국인 5일 +309억. 영업이익률 2.8%로 얇아 장기 보유는 부적합.",눌림후상승,4,8,-5,당일눌림,down,0.36,-1.5,,,,7.0,-5.0,-5.0,5.0,6.0,51.0,강한 매집 — 세력 유입,100,41.46,91.68,1.11,30851975000.0,82441484100.0,naver,0,91.7,77.2,1,-63.0,-15.7,41.5,False,0,,,,,,,risk-off,32,15.0,눌림목(역추세 롱 기회),True,1.491,86.18,7.11,51.5,공포(고공/급등 — F1: 롱 회피 검토),2.75,-1.93,321530.0,-1.82,1.7,2026-07-30,2026-07-30,,,,,,,,,-3.8,312,807,68,-374,1,0.92,-16.2,-1.42,통신 및 방송 장비 제조업,0.12,-0.15,2536.2,41.5,1,-15.7,-58.7,-8.32,2.5,17.91,16.46,-27.64,17.91,348573,메가(10조+),KOSPI,True,,,,True,matured,25,17.21,,,,2.1,8.08,17.21,,,17.21,5,0.0,2.1,1,14.8,14.13,,,-4.48,21.69,17.21,14.13,12.0,17.21,7.0,,False,True,190000.0,754750,1526030,1564595,0.69,0.77,-79,924,-846,-2.41,-4.94,True,18.72,21.69,0,[],[],False
009150_2026-08-03_pick_h5,009150_2026-08-03_pick,15,2026-08-03,pick,009150,삼성전기,단기스윙,단기,5,0.48,1142000.0,False,부분,ok,"20일 수익률 -40.7%로 낙폭 최대, 외국인 5일 +490억·기관 +884억 동반 순매수. 거래량 배수 0.62로 추격 흔적 없음. 7월 31일 증권 3사 매수 리포트.",눌림후상승,4,9,-7,당일눌림,,,,,,,8.0,-7.0,-6.0,6.0,6.0,44.7,강한 매집 — 세력 유입,100,36.36,83.2,0.617,49035538000.0,354990791000.0,naver,0,83.2,73.5,1,-52.8,-40.7,36.4,False,6,,,,,,,risk-off,32,15.0,눌림목(역추세 롱 기회),True,1.491,86.18,7.11,51.5,공포(고공/급등 — F1: 롱 회피 검토),2.75,-1.93,321530.0,-1.82,1.7,2026-07-30,2026-07-30,,,,,,,,,-3.8,322,3281,909,-1066,0,0.13,-5.4,-1.42,전자부품 제조업,0.03,-0.1,11110.0,36.4,1,-40.71,-49.69,-16.8,2.5,17.91,16.46,-27.64,17.91,1086046,메가(10조+),KOSPI,True,,,,True,matured,25,11.56,,,,3.77,7.62,11.56,,,18.74,2,-9.37,3.77,1,14.43,11.91,,,-4.48,16.04,11.56,18.74,12.0,11.56,8.0,,True,True,1274000.0,1107138,979253,972859,1.04,1.0,-10625,2115,8295,6.92,1.14,False,18.72,16.04,1,['대주주/대량보유'],['임원ㆍ주요주주특정증권등소유상황보고서'],False
035720_2026-08-03_pick_h5,035720_2026-08-03_pick,8,2026-08-03,pick,035720,카카오,단기스윙,단기,5,0.45,37400.0,False,미반영,ok,외국인 5일 +500억·기관 +251억 동시 순매수 전환. 52주 고가 대비 -46.3%로 악재가 상당 부분 반영. 광고·커머스가 2분기 실적 견인.,계단식,4,8,-6,당일눌림,,,,,,,7.0,-6.0,-5.0,5.0,5.0,51.1,강한 매집 — 세력 유입,100,58.44,105.31,1.44,49995626200.0,103003421600.0,naver,0,105.3,96.8,2,-46.3,6.1,58.4,False,34,,,,,,,risk-off,32,15.0,눌림목(역추세 롱 기회),True,1.491,86.18,7.11,51.5,공포(고공/급등 — F1: 롱 회피 검토),2.75,-1.93,321530.0,-1.82,1.7,2026-07-30,2026-07-30,,,,,,,,,-3.8,511,1048,255,-761,0,0.64,-6.0,-1.42,"자료처리, 호스팅, 포털 및 기타 인터넷 정보매개 서비스업",0.64,-0.95,799.3,58.4,2,6.1,-44.76,5.31,10.7,17.91,16.46,-27.64,17.91,161916,메가(10조+),KOSPI,True,,,,True,matured,25,5.75,,,,1.34,2.41,5.75,,,6.68,4,-0.88,1.34,1,5.28,6.68,,,-4.48,10.23,5.75,5.75,5.75,5.75,5.75,,False,True,39550.0,1702786,2116548,2137236,1.88,1.08,170,-8,-166,-2.01,-4.01,True,18.72,10.23,1,['대주주/대량보유'],['주식등의대량보유상황보고서(약식)'],False
214150_2026-08-03_pick_h5,214150_2026-08-03_pick,5,2026-08-03,pick,214150,클래시스,단기스윙,단기,5,0.4,41150.0,False,미반영,ok,"RSI 30.2 극단 과매도, 영업이익률 50.7%·매출총이익률 77.5%로 중소형 중 수익성 최상위. 기관 5일 +57억. 코스닥 하락 콜과는 반대 방향이라 비중 축소.",눌림후상승,4,9,-7,당일눌림,,,,,,,8.0,-7.0,-6.0,6.0,4.0,29.5,매집 우위,54.7,30.19,91.91,0.804,-239958750.0,9929592000.0,naver,0,91.9,88.2,1,-47.0,-14.1,30.2,False,18,,,,,,,risk-off,32,15.0,눌림목(역추세 롱 기회),True,1.491,86.18,7.11,51.5,공포(고공/급등 — F1: 롱 회피 검토),2.75,-1.93,321530.0,-1.82,1.7,2026-07-30,2026-07-30,,,,,,,,,-3.8,-2,99,58,-52,0,2.6,22.2,-1.42,우량기업부,-0.02,-0.54,97.0,30.2,1,-14.09,-45.57,-8.09,2.5,17.91,16.46,-27.64,17.91,20875,대형(1조+),KOSDAQ,True,,,,True,matured,25,12.52,,,,10.33,10.69,12.52,,,12.52,5,0.0,9.11,2,3.12,11.54,,,-4.48,17.0,12.52,12.52,12.0,12.52,8.0,,False,True,46300.0,223960,235125,235684,1.01,0.64,-16,34,-18,-4.86,-4.86,True,18.72,-6.2,1,['대주주/대량보유'],['주식등의대량보유상황보고서(약식)'],False
039030_2026-08-03_pick_h5,039030_2026-08-03_pick,8,2026-08-03,pick,039030,이오테크닉스,단기스윙,단기,5,0.4,296000.0,False,부분,ok,"20일 -23.0%, 외국인 5일 +101억 순매수 전환. 다만 금요일 하루 +23.3% 급등해 오늘은 사지 말고 눌림을 기다린다. 재무 데이터 결측으로 사업 체력 미확인.",눌림후상승,4,9,-7,익일이후,,,,,,,8.0,-7.0,-6.0,6.0,4.0,32.6,매집 우위,94.6,36.8,89.62,1.291,10118829000.0,47670798000.0,naver,0,89.6,68.7,1,-52.5,-23.0,36.8,False,6,,,,,,,risk-off,32,15.0,눌림목(역추세 롱 기회),True,1.491,86.18,7.11,51.5,공포(고공/급등 — F1: 롱 회피 검토),2.75,-1.93,321530.0,-1.82,1.7,2026-07-30,2026-07-30,,,,,,,,,-3.8,97,457,-4,-96,2,0.4,54.8,-1.42,우량기업부,0.24,-0.24,405.2,36.8,1,-23.02,-51.63,-10.38,2.5,17.91,16.46,-27.64,17.91,56177,대형(1조+),KOSDAQ,True,,,,True,matured,25,20.61,,,,4.39,13.68,20.61,,,20.61,5,0.0,4.39,1,15.53,9.63,,,-4.48,25.09,20.61,13.68,12.0,20.61,8.0,,False,True,357000.0,97661,135012,136879,0.79,0.77,-247,236,4,-4.39,-5.41,,18.72,1.89,1,['대주주/대량보유'],['주식등의대량보유상황보고서(약식)'],False
047810_2026-08-03_short_h5,047810_2026-08-03_short,17,2026-08-03,short,047810,한국항공우주,숏,단기,5,0.42,127300.0,False,,ok,세력강도 -43.0으로 58종목 중 하위 2위. 코스피가 17.91% 오른 날 +5.47%에 그쳐 12.4%p 열위. 우리 7월 21일 매수 픽이 지수 대비 -12.76%로 실패한 종목. 08-01 숏과 중복 발행이며 매수전환 레짐이라 스퀴즈 위험 — 손절 +10%로 넓게.,,,,,,,,,,,,,,,,,-43.0,강한 분산 — 떠넘기기 의심,-100,41.15,87.55,1.551,-13574956400.0,-157566229800.0,naver,0,87.5,84.1,2,-40.9,-17.4,41.1,False,6,,,,,,,risk-off,32,15.0,눌림목(역추세 롱 기회),True,1.491,86.18,7.11,51.5,공포(고공/급등 — F1: 롱 회피 검토),2.75,-1.93,321530.0,-1.82,1.7,2026-07-30,2026-07-30,,,,,,,,,-3.8,-144,-1592,-158,89,0,5.48,26.4,-1.42,"항공기,우주선 및 부품 제조업",-0.23,0.14,622.8,41.1,2,-17.44,-36.98,-12.45,5.0,17.91,16.46,-27.64,17.91,126133,메가(10조+),KOSPI,True,,,,True,matured,25,21.05,,,,8.01,17.91,21.05,,,21.13,4,-0.06,8.01,1,12.15,21.13,,,-4.48,25.53,21.05,15.08,12.0,,,,False,False,154100.0,453632,487570,489267,1.06,1.05,-364,-320,-210,-1.26,-5.11,,18.72,25.53,1,['대주주/대량보유'],['주식등의대량보유상황보고서(일반)'],False
068270_2026-08-04_pick_h20,068270_2026-08-04_pick,34,2026-08-04,pick,068270,셀트리온,장투가능,중기,20,0.62,182200.0,False,부분,ok,"2분기 매출 1조3,937억(+35.2%)·영업이익 4,518억(+77.3%) 분기 사상 최대, 영업이익률 25%→33%. 7월 폭락장에서 우리 픽 6건 전부 alpha +9~+20%p로 시장을 이긴 유일한 섹터",계단식,14,9.0,-5.0,당일눌림,,,,F7:테마편중경고(바이오4종·합산26%);F4:익절손절명시,v11.7+retro22,F7;F4,9.0,-6.0,-5.0,7.0,8.0,49.5,강한 매집 — 세력 유입,100,58.6,103.0,0.595,-53962236200.0,25673566500.0,naver,0,103.0,103.1,0,-23.8,-0.8,58.6,False,19,,,,,,,risk-off,32,15.0,눌림목(역추세 롱 기회),True,1.491,84.35,7.25,39.4,공포(고공/급등 — F1: 롱 회피 검토),2.75,-1.93,289350.0,-11.44,1.7,2026-07-31,2026-07-31,,,,,,,,,-3.6,-531,273,1328,-954,2,0.15,13.8,-7.38,기초 의약물질 제조업,-0.39,-0.71,1346.1,58.6,0,-0.76,-23.08,3.0,3.6,-5.12,11.87,-31.35,11.87,433366,메가(10조+),KOSPI,True,,,,True,matured,24,2.25,,,,4.45,9.39,15.53,6.53,2.25,15.53,5,-11.5,2.25,20,0.0,10.32,,,4.88,-2.63,2.25,15.53,12.0,2.25,9.0,,True,True,186300.0,521154,728419,738782,1.22,0.41,2314,-400,-2091,-0.05,-1.04,True,9.04,-2.63,2,['대주주/대량보유'],"['주식등의대량보유상황보고서(일반)', '임원ㆍ주요주주특정증권등소유상황보고서']",False
207940_2026-08-04_pick_h20,207940_2026-08-04_pick,31,2026-08-04,pick,207940,삼성바이오로직스,장투가능,중기,20,0.55,1423000.0,False,부분,ok,"2분기 매출 1조3,209억(+30.2%)·영업이익 5,864억(+22.9%) 역대 최대. 국민연금이 국내주식 비중 29.4%→24.5% 축소 중에도 1,811억 순매수. 어제 지수 -5.12% 대비 -2.76%로 방어",눌림후상승,15,8.0,-5.5,당일눌림,,,,retro22-1:직전만기추천손실이력병기;F7:테마편중경고;F4:익절손절명시,v11.7+retro22,OTHER;F7;F4,8.0,-6.0,-5.0,7.0,7.0,57.7,강한 매집 — 세력 유입,100,51.97,99.95,0.694,-42753329000.0,15218563000.0,naver,0,100.0,102.3,0,-28.4,0.1,52.0,False,6,,,,,,,risk-off,32,15.0,눌림목(역추세 롱 기회),True,1.491,84.35,7.25,39.4,공포(고공/급등 — F1: 롱 회피 검토),2.75,-1.93,289350.0,-11.44,1.7,2026-07-31,2026-07-31,,,,,,,,,-3.6,-429,138,930,-413,0,0.55,39.0,-7.38,기초 의약물질 제조업,-0.45,-0.43,960.8,52.0,0,0.14,-27.58,-0.05,0.1,-5.12,11.87,-31.35,11.87,678625,메가(10조+),KOSPI,True,,,,True,matured,24,5.48,,,,4.78,9.35,13.07,8.5,5.48,13.07,5,-7.64,4.43,17,2.29,10.26,,,4.88,0.6,5.48,13.07,12.0,5.48,8.0,,True,True,1501000.0,51711,66767,67520,1.05,1.66,1977,-457,-1445,0.07,-1.19,True,9.04,0.6,2,"['대주주/대량보유', '증자(희석)']","['주요사항보고서(유상증자결정)', '임원ㆍ주요주주특정증권등소유상황보고서']",False
196170_2026-08-04_pick_h5,196170_2026-08-04_pick,18,2026-08-04,pick,196170,알테오젠,단기스윙,단기,5,0.44,317500.0,False,미반영,ok,8/3 코스피 -5.12% 급락일에 +2.92%로 상승 마감한 유일한 대형 바이오. 레버리지 규제가 코스피 대형주에 집중돼 코스닥으로 자금 이동 중(코스닥 2일 연속 반등·매수 사이드카),눌림후상승,4,7.0,-5.0,당일눌림,,,,F7:테마편중경고;F5:재무결측으로확신절제,v11.7+retro22,F7;F5,7.0,-6.0,-5.0,7.0,6.0,34.0,매집 우위,100,50.25,106.17,0.669,-4541949500.0,63545176000.0,naver,0,106.2,94.7,2,-44.2,-7.0,50.2,False,14,,,,,,,risk-off,32,15.0,눌림목(역추세 롱 기회),True,1.491,84.35,7.25,39.4,공포(고공/급등 — F1: 롱 회피 검토),2.75,-1.93,289350.0,-11.44,1.7,2026-07-31,2026-07-31,,,,,,,,,-3.6,-45,596,186,-128,1,2.34,1.7,-7.38,우량기업부,-0.03,-0.09,1409.9,50.3,2,-7.03,-43.2,6.17,5.0,-5.12,11.87,-31.35,11.87,199214,메가(10조+),KOSDAQ,True,,,,True,matured,24,3.15,,,,-12.76,-3.94,3.15,,,9.61,4,-5.89,-12.76,1,25.63,9.61,1,-12.76,1.41,1.74,-12.76,-12.76,-12.76,-12.76,-12.76,1,True,True,327500.0,571972,450158,444067,2.3,1.42,-275,243,-39,-23.42,-23.42,True,16.34,-13.19,6,"['대주주/대량보유', '증자(희석)']","['임원ㆍ주요주주특정증권등소유상황보고서', '임원ㆍ주요주주특정증권등소유상황보고서', '임원ㆍ주요주주특정증권등소유상황보고서']",False
141080_2026-08-04_pick_h5,141080_2026-08-04_pick,10,2026-08-04,pick,141080,리가켐바이오,단기스윙,단기,5,0.36,95400.0,False,강함,ok,"ADC 전문기업, 상반기 매출 618억(+213.7%), 얀센과 약 2조원 기술이전 이력. 단 우리 7/31 픽이 이틀 만에 +22.5%로 목표 도달 — 지금 진입은 고점 추격이라 익일 이후 눌림 대기",횡보후상승,5,6.0,-6.0,익일이후,,,,F6-1:vol_ratio경고;F7:테마편중경고;entry_window:익일이후로추격방지,v11.7+retro22,F6;F7;OTHER,6.0,-7.0,-6.0,6.0,5.0,34.0,매집 우위,100,39.53,92.2,0.846,34144325900.0,120452288300.0,naver,0,92.2,70.2,2,-57.6,-28.6,39.5,False,49,,,,,,,risk-off,32,15.0,눌림목(역추세 롱 기회),True,1.491,84.35,7.25,39.4,공포(고공/급등 — F1: 롱 회피 검토),2.75,-1.93,289350.0,-11.44,1.7,2026-07-31,2026-07-31,,,,,,,,,-3.6,334,1185,12,-294,1,0.21,-82.7,-7.38,기술성장기업부,0.84,-0.74,396.5,39.5,2,-28.65,-55.32,-7.8,5.0,-5.12,11.87,-31.35,11.87,34169,대형(1조+),KOSDAQ,True,,,,True,matured,24,22.54,,,,14.78,18.66,22.54,,,25.68,4,-2.5,14.78,1,9.5,25.68,,,1.41,21.13,22.54,14.78,12.0,22.54,6.0,,False,True,116900.0,570552,422951,415571,1.18,0.86,-505,440,-19,-0.31,-0.31,,16.34,6.2,3,['대주주/대량보유'],"['주식등의대량보유상황보고서(일반)', '임원ㆍ주요주주특정증권등소유상황보고서', '주식등의대량보유상황보고서(일반)']",False
000660_2026-08-05_pick_h1,000660_2026-08-05_pick,17,2026-08-05,pick,000660,SK하이닉스,단기스윙,임박,1,0.55,1577000.0,False,미반영,ok,"간밤 미국 반도체가 폭등(SOX +6.55%, ADR +8.17%, 마이크론 +7.62%)했는데 국내는 CXMT 베이징 신공장 보도에 눌려 +0.64%에 그쳤다. 그 보도는 미국 시간 8/3에 이미 나왔고 미국 반도체는 그것을 소화한 뒤 폭등했다. 외국인 5일 +5,919억·기관 +11,075억 순매수, 개인 1조 7,975억 순매도로 분배가 아닌 매집 구",즉시상승,1,7,-4,당일눌림,up,0.58,4.5,,,,6.0,-5.0,,,5.5,41.8,강한 매집 — 세력 유입,100,41.26,86.69,0.796,591882394000.0,-5853874659500.0,krx,0,86.7,74.9,1,-47.2,-32.7,41.3,False,66,0.01,0,감소,,,,risk-on,72,52.0,과열(추격 위험),True,1.391,80.78,4.17,21.2,공포(고공/급등 — F1: 롱 회피 검토),2.75,-1.93,274440.0,-16.18,1.7,2026-08-03,2026-08-03,2293,271,0.12,inflow,43946.8,-38926.7,2,8,10.61,5919,-58539,11075,-17975,2,0.01,-30.6,5.57,반도체 제조업,0.06,-0.17,105957.9,41.3,1,-32.69,-45.97,-13.31,2.5,1.62,-3.59,-30.23,13.68,13024679,메가(10조+),KOSPI,True,,2026-07-31,5,True,matured,23,-5.2,,,,-5.2,,,,,-5.2,1,0.0,-5.2,1,0.0,,,,-0.98,-4.22,-5.2,-5.2,-5.2,-5.2,-5.2,1,False,False,1495000.0,3945674,6586890,6718951,0.83,0.83,-10340,-4653,14246,7.36,4.44,False,2.68,-4.22,1,['대주주/대량보유'],['주식등의대량보유상황보고서(일반)'],False
005930_2026-08-05_pick_h1,005930_2026-08-05_pick,17,2026-08-05,pick,005930,삼성전자,단기스윙,임박,1,0.48,240000.0,False,미반영,ok,"SK하이닉스와 같은 캐치업 논지이되 수급이 더 깨끗하다. 외국인 5일 +7,799억 순매수·연속 순매도 0일, 개인은 8,458억 순매도. RSI 45.0, 20일 -24.5%, 52주 고점 대비 -35.9%. 영업이익률 13.1%·FCF +33.2조(DART 등급 A). 하반기 메모리 업체 간 주주환원 경쟁이 밸류에이션을 끌어올릴 것이라는 전망도 나온다",즉시상승,1,5.5,-3.5,당일눌림,up,0.55,3.5,,,,5.0,-4.0,,,4.8,34.0,매집 우위,100,44.98,94.06,0.916,779883972450.0,-3141777313050.0,krx,0,94.1,81.4,1,-35.9,-24.5,45.0,False,,0.07,0,증가,,,,risk-on,72,52.0,과열(추격 위험),True,1.391,80.78,4.17,21.2,공포(고공/급등 — F1: 롱 회피 검토),2.75,-1.93,274440.0,-16.18,1.7,2026-08-03,2026-08-03,2293,271,0.12,inflow,43946.8,-38926.7,2,8,10.61,7799,-31418,383,-8458,0,0.07,645.3,5.57,통신 및 방송 장비 제조업,0.1,-0.11,77301.3,45.0,1,-24.53,-33.79,-5.94,2.5,1.62,-3.59,-30.23,13.68,15784952,메가(10조+),KOSPI,True,,2026-07-31,5,True,matured,23,-3.96,,,,-3.96,,,,,-3.96,1,0.0,-3.96,1,0.0,,,,-0.98,-2.98,-3.96,-3.96,-3.96,-3.96,-3.96,,False,False,230500.0,22577128,31750204,32208858,0.82,0.82,-1490,-7951,9107,5.83,1.67,False,2.68,-2.98,27,['대주주/대량보유'],"['임원ㆍ주요주주특정증권등소유상황보고서', '임원ㆍ주요주주특정증권등소유상황보고서', '[기재정정]임원ㆍ주요주주특정증권등소유상황보고서']",False
068270_2026-08-05_pick_h20,068270_2026-08-05_pick,35,2026-08-05,pick,068270,셀트리온,장투가능,중기,20,0.5,185800.0,False,부분,ok,"2분기 매출 1조 3,937억(+35.2%)·영업이익 4,518억(+77.3%), 영업이익률 25%에서 33%로 분기 사상 최대. 영업이익률 28.1%·매출총이익률 59.3%·FCF +4,225억으로 사업 체력 확인(DART 등급 A). 7월 폭락장에서 제약·바이오는 시장을 이긴 거의 유일한 섹터였고 셀트리온이 그 중심. 20일 수익률 +5.6%로 시장(-",계단식,12,10,-6,당일눌림,up,0.38,0.5,,,,9.0,-6.0,,,5.0,49.4,강한 매집 — 세력 유입,100,65.26,104.75,0.705,206858600.0,53295297500.0,krx,0,104.7,105.2,1,-22.3,5.6,65.3,False,19,0.16,0,증가,,,,risk-on,72,52.0,과열(추격 위험),True,1.391,80.78,4.17,21.2,공포(고공/급등 — F1: 롱 회피 검토),2.75,-1.93,274440.0,-16.18,1.7,2026-08-03,2026-08-03,2293,271,0.12,inflow,43946.8,-38926.7,2,8,10.61,2,533,524,-683,0,0.16,18.3,5.57,기초 의약물질 제조업,0.0,-0.5,1372.1,65.3,1,5.63,-21.56,4.75,14.9,1.62,-3.59,-30.23,13.68,433366,메가(10조+),KOSPI,True,,2026-07-31,5,True,matured,23,0.7,,,,4.95,8.18,8.72,4.47,0.7,13.29,4,-11.5,0.27,19,0.43,13.29,,,3.47,-2.77,0.7,13.29,12.0,0.7,9.0,,True,True,187100.0,617748,732739,738488,1.21,0.41,1975,-207,-2028,0.16,-0.16,True,1.22,-2.77,2,['대주주/대량보유'],"['주식등의대량보유상황보고서(일반)', '임원ㆍ주요주주특정증권등소유상황보고서']",False
015760_2026-08-05_pick_h5,015760_2026-08-05_pick,13,2026-08-05,pick,015760,한국전력,단기스윙,단기,5,0.42,35150.0,False,미반영,ok,"미국과 이란의 호르무즈 해협 재개방 협상 진전으로 WTI가 -6.5%(75.14달러), 브렌트유가 -5.3%로 3월 이후 최저까지 급락했다. 연료비가 원가를 좌우하는 구조라 가장 직접적인 수혜자다. 외국인 5일 +414억 순매수·연속 순매도 0일, 52주 고점 대비 -49.4%로 낮은 위치. 영업이익률 13.8%·FCF +4.94조(DART 등급 A). 폭",이벤트대기,3,8,-4,당일종가,up,0.5,1.5,,,,7.0,-5.0,,,4.2,46.0,강한 매집 — 세력 유입,100,55.61,101.22,0.753,41351149275.0,101652216750.0,krx,0,101.2,94.1,1,-49.4,-10.2,55.6,False,6,0.23,0,혼조,,,,risk-on,72,52.0,과열(추격 위험),True,1.391,80.78,4.17,21.2,공포(고공/급등 — F1: 롱 회피 검토),2.75,-1.93,274440.0,-16.18,1.7,2026-08-03,2026-08-03,2293,271,0.12,inflow,43946.8,-38926.7,2,8,10.61,414,1017,-73,-385,0,0.23,-2.1,5.57,전기업,0.7,-0.65,591.5,55.6,1,-10.22,-48.23,1.22,3.1,1.62,-3.59,-30.23,13.68,210243,메가(10조+),KOSPI,True,,2026-07-31,5,True,matured,23,0.85,,,,2.28,1.56,0.85,,,2.28,1,-2.09,0.14,4,0.71,0.14,,,3.46,-2.61,0.85,0.85,0.85,0.85,0.85,,False,True,35450.0,1083486,1654241,1682779,0.57,0.62,149,-174,8,2.99,1.42,,10.02,-2.61,0,[],[],False
096770_2026-08-05_short_h5,096770_2026-08-05_short,6,2026-08-05,short,096770,SK이노베이션,숏,단기,5,0.42,111300.0,False,부분,ok,"지난 한 달 이 종목이 오른 이유는 중동 긴장에 따른 유가 상승이었고 그 전제가 간밤에 뒤집혔다(WTI -6.5%). 회사 스스로 6월 유가 하락으로 관련 이익이 손실로 전환됐다고 설명했고, 3분기에는 OPEC+ 증산과 아시아 설비 가동률 상승으로 정제마진 상승세가 누그러질 전망이다. 세력강도 -42.4(강한 분산), 옵션 풋/콜 미결제 1.73 풋 우위,",계단식,4,8,-5,당일시가,,,,,,,-7.0,9.0,,,3.0,-42.4,강한 분산 — 떠넘기기 의심,-100,54.04,98.57,0.629,-35276175850.0,-20914758200.0,krx,0,98.6,99.8,1,-28.4,15.3,54.0,False,18,0.12,0,혼조,,,,risk-on,72,52.0,과열(추격 위험),True,1.391,80.78,4.17,21.2,공포(고공/급등 — F1: 롱 회피 검토),2.75,-1.93,274440.0,-16.18,1.7,2026-08-03,2026-08-03,2293,271,0.12,inflow,43946.8,-38926.7,2,8,10.61,-353,-209,166,182,0,0.12,-9.5,5.57,석유 정제품 제조업,-0.34,0.18,1036.3,54.0,1,15.34,-25.7,-1.43,8.3,1.62,-3.59,-30.23,13.68,233124,메가(10조+),KOSPI,True,,2026-07-31,5,True,matured,23,9.97,,,,-2.43,11.86,9.97,,,11.86,3,-1.69,-2.43,1,14.64,11.5,,,3.46,6.51,9.97,9.97,9.97,,,,False,False,122400.0,832094,926348,931061,0.86,0.53,590,322,-743,0.0,-2.88,True,10.02,6.51,0,[],[],False
005930_2026-08-06_pick_h5,005930_2026-08-06_pick,18,2026-08-06,pick,005930,삼성전자,단기스윙,단기,5,0.55,246000.0,False,부분,ok,"갤Z8 사전판매 역대 최다+D램 점유율 1위 탈환, 외인 5일 +2.1조 매수, RSI 42로 미과열",눌림후상승,4,8,-3,당일눌림,,,,F6-3:되돌림경고;F4:익절손절명시,,F6;F4,8.0,-6.0,-5.0,7.0,6.0,64.0,강한 매집 — 세력 유입,100,42.33,97.37,0.697,2081343449500.0,-751206320800.0,krx,0,97.4,83.5,2,-34.3,-16.9,42.3,False,6,0.1,0,증가,,,,risk-on,70,50.0,과열(추격 위험),True,1.378,82.05,-1.65,21.2,공포(고공/급등 — F1: 롱 회피 검토),2.75,-2.59,274040.0,-17.44,1.7,2026-08-04,2026-08-04,2021,498,0.25,inflow,64866.4,-1844.8,0,0,20.66,20813,-7512,-17654,-3406,0,0.1,8326.7,16.51,통신 및 방송 장비 제조업,0.27,-0.04,78023.0,42.3,2,-16.89,-32.14,-2.63,5.0,3.76,5.45,-27.61,17.96,15784952,메가(10조+),KOSPI,True,,2026-08-03,3,True,matured,22,8.94,,,,-6.1,-2.64,8.94,,,8.94,5,0.0,-6.5,2,16.52,3.86,,,3.26,5.68,8.94,8.94,8.94,-6.1,-6.1,1,False,True,268000.0,26101823,31449289,31716662,1.13,0.52,-1742,16369,-15879,-1.83,-7.32,True,7.73,5.68,25,['대주주/대량보유'],"['임원ㆍ주요주주특정증권등소유상황보고서', '임원ㆍ주요주주특정증권등소유상황보고서', '임원ㆍ주요주주특정증권등소유상황보고서']",False
278470_2026-08-06_pick_h5,278470_2026-08-06_pick,1,2026-08-06,pick,278470,에이피알,단기스윙,단기,5,0.5,357500.0,False,미반영,ok,"2분기 영업익 +134% 컨센 상회+연매출 가이던스 3조 상향, 발표일 주가 -0.56%로 미반영",눌림후상승,4,10,-3,당일눌림,,,,F6-3:되돌림경고,,F6,10.0,-6.0,-5.0,7.0,4.0,,,,,,,,,,,,,,,,,,,,,,,,,risk-on,70,50.0,과열(추격 위험),True,1.378,82.05,-1.65,21.2,공포(고공/급등 — F1: 롱 회피 검토),2.75,-2.59,274040.0,-17.44,1.7,2026-08-04,2026-08-04,2021,498,0.25,inflow,64866.4,-1844.8,0,0,20.66,-891,-183,540,291,3,1.72,-8.1,16.51,기타 화학제품 제조업,-0.93,0.3,957.8,41.1,0,-12.8,-22.11,-0.38,0.0,3.76,5.45,-27.61,17.96,143763,메가(10조+),KOSPI,True,,,,True,matured,22,11.75,,,,7.55,7.83,11.75,,,11.75,5,0.0,7.55,1,3.9,11.05,,,3.26,8.49,11.75,11.75,11.75,11.75,10.0,,False,True,399500.0,620227,284692,267915,1.06,1.0,676,-67,-619,2.38,-0.56,True,7.73,8.49,1,['대주주/대량보유'],['주식등의대량보유상황보고서(약식)'],False
012450_2026-08-06_pick_h5,012450_2026-08-06_pick,18,2026-08-06,pick,012450,한화에어로스페이스,단기스윙,단기,5,0.5,1007000.0,False,미반영,ok,"미 요격탄 재고 65% 소진·증산발 방공 밸류체인 수주 확대(한투 비중확대), 테마 급등일 +0.3% 소외로 미반영",계단식,5,8,-4,당일눌림,,,,,,,8.0,-6.0,-5.0,7.0,4.0,60.3,강한 매집 — 세력 유입,100,56.87,108.64,0.399,70975213500.0,41675089000.0,krx,10,108.6,93.8,5,-39.2,-10.2,56.9,False,4,0.0,0,감소,,,,risk-on,70,50.0,과열(추격 위험),True,1.378,82.05,-1.65,21.2,공포(고공/급등 — F1: 롱 회피 검토),2.75,-2.59,274040.0,-17.44,1.7,2026-08-04,2026-08-04,2021,498,0.25,inflow,64866.4,-1844.8,0,0,20.66,710,417,-133,-560,0,0.0,-77.9,16.51,"항공기,우주선 및 부품 제조업",0.31,-0.25,2285.7,56.9,5,-10.25,-34.48,8.64,14.4,3.76,5.45,-27.61,17.96,535744,메가(10조+),KOSPI,True,,2026-08-03,3,True,matured,22,17.68,,,,8.94,9.04,17.68,,,17.68,5,0.0,8.94,1,8.02,14.8,,,3.26,14.42,17.68,14.4,12.0,17.68,8.0,,False,True,1185000.0,271003,229074,226978,1.13,0.71,480,-134,-368,0.0,0.0,True,7.73,14.42,2,['대주주/대량보유'],"['임원ㆍ주요주주특정증권등소유상황보고서', '임원ㆍ주요주주특정증권등소유상황보고서']",False
010130_2026-08-06_pick_h5,010130_2026-08-06_pick,2,2026-08-06,pick,010130,고려아연,단기스윙,단기,5,0.4,1095000.0,False,부분,ok,"창사 최대 반기 실적(영업익 1.33조)+간밤 금 +5.2% 귀금속 순풍, 52주고 대비 -50%",눌림후상승,4,7,-3,당일눌림,,,,F5:conviction-0.05,,F5,7.0,-6.0,-5.0,7.0,4.0,39.9,매집 우위,71.6,57.12,108.54,0.922,-3104677000.0,-13579013500.0,krx,10,108.5,92.8,5,-50.0,0.1,57.1,False,31,0.41,0,혼조,,,,risk-on,70,50.0,과열(추격 위험),True,1.378,82.05,-1.65,21.2,공포(고공/급등 — F1: 롱 회피 검토),2.75,-2.59,274040.0,-17.44,1.7,2026-08-04,2026-08-04,2021,498,0.25,inflow,64866.4,-1844.8,0,0,20.66,-31,-136,103,-82,3,0.41,-5.9,16.51,1차 비철금속 제조업,-0.17,-0.44,185.2,57.1,5,0.09,-48.23,8.54,14.6,3.76,5.45,-27.61,17.96,255485,메가(10조+),KOSPI,True,,2026-08-03,3,True,matured,22,12.6,,,,1.0,12.24,12.6,,,12.79,2,-1.62,1.0,1,11.66,10.96,,,3.26,9.34,12.6,12.79,12.0,12.6,7.0,,False,True,1233000.0,85088,20163,16917,2.68,1.71,-764,788,-26,6.03,5.02,False,7.73,9.34,1,['대주주/대량보유'],['주식등의대량보유상황보고서(일반)'],False
441270_2026-08-06_pick_h5,441270_2026-08-06_pick,1,2026-08-06,pick,441270,파인엠텍,단기스윙,단기,5,0.4,7600.0,True,부분,ok,"갤Z8 흥행(내장힌지 누적 5,500만세트)+북미 폴더블 신규 공급 양산 사이클(하나·메리츠 매수)",이벤트대기,5,12,-5,익일이후,,,,,,,12.0,-8.0,-6.0,8.0,2.0,,,,,,,,,,,,,,,,,,,,,,,,,risk-on,70,50.0,과열(추격 위험),True,1.378,82.05,-1.65,21.2,공포(고공/급등 — F1: 롱 회피 검토),2.75,-2.59,274040.0,-17.44,1.7,2026-08-04,2026-08-04,2021,498,0.25,inflow,64866.4,-1844.8,0,0,20.66,-8,-26,1,7,0,1.37,45.5,16.51,벤처기업부,-0.48,0.42,16.6,69.0,5,37.06,-38.8,26.73,40.4,3.76,5.45,-27.61,17.96,3908,중형(3천억+),KOSDAQ,True,,,,True,matured,22,19.74,,,,14.47,17.5,19.74,,,20.53,2,-4.69,14.47,1,5.29,14.87,,,3.26,16.48,19.74,14.47,12.0,19.74,12.0,,False,True,9100.0,463566,230325,218663,2.78,3.86,-38,17,21,10.13,8.68,,7.73,12.01,1,['대주주/대량보유'],['주식등의대량보유상황보고서(일반)'],False
003670_2026-08-07_pick_h1,003670_2026-08-07_pick,2,2026-08-07,pick,003670,포스코퓨처엠,단기스윙,임박,1,0.58,147500.0,False,미반영,ok,"LFP 양극재 19만톤·6년 공급 합의(약 3조원)가 8월 6일 장 마감 후 발표돼 어제 종가에 반영되지 않았다. 2분기 영업이익 267억원으로 전년 대비 3,351% 증가·흑자전환했고, 52주 고가 대비 -50.8%로 과열이 없다.",즉시상승,1,12,-5,당일눌림,up,0.62,5.0,F6:거래량배수 0.66 정상;국면:강세추격 경고,,F6;OTHER,9.0,-6.0,-5.0,7.0,7.0,-3.1,중립/관망,-39.5,49.94,103.74,0.661,-5802484900.0,9776092100.0,krx,0,103.7,80.4,3,-50.8,1.9,49.9,False,4,2.99,8,혼조,,,,neutral,55,52.0,과열(추격 위험),True,1.351,77.17,-12.1,2.9,공포(고공/급등 — F1: 롱 회피 검토),2.75,-1.74,284180.0,-13.87,5.0,2026-08-06,2026-08-05,1226,1274,1.04,inflow,13489.5,-44200.1,1,8,24.33,-58,98,49,10,3,2.99,2.1,12.56,일차전지 및 이차전지 제조업,-0.14,0.02,412.2,49.9,3,1.94,-50.17,3.74,8.2,-4.58,-0.98,-30.92,12.56,162416,메가(10조+),KOSPI,True,,2026-08-04,3,True,matured,21,12.2,,,,12.2,,,,,12.2,1,0.0,12.2,1,0.0,,,,0.05,12.15,12.2,12.2,12.0,12.2,9.0,,False,True,165500.0,970544,312359,279450,1.58,1.58,-337,-16,347,14.44,1.83,False,6.59,12.15,2,['대주주/대량보유'],"['임원ㆍ주요주주특정증권등소유상황보고서', '임원ㆍ주요주주특정증권등소유상황보고서']",False
035720_2026-08-07_pick_h5,035720_2026-08-07_pick,9,2026-08-07,pick,035720,카카오,단기스윙,단기,5,0.55,38300.0,False,부분,ok,"2분기 영업이익 2,770억원으로 전년 대비 35.9% 증가한 분기 최대 실적. 쿠팡이츠와 AI 에이전트 제휴로 채팅방 내 주문·결제 경로 확보. 세력강도 +46 강한 매집, 외국인 20일 +1,130억 순매수.",계단식,4,10,-5,당일눌림,up,0.52,1.5,F5:옵션 풋우위로 확신 -0.05,,F5,8.0,-6.0,-5.0,6.0,6.0,46.0,강한 매집 — 세력 유입,69.3,62.12,106.29,1.062,29706495100.0,112952958475.0,krx,0,106.3,100.5,3,-45.1,10.5,62.1,False,34,0.52,0,감소,,,,neutral,55,52.0,과열(추격 위험),True,1.351,77.17,-12.1,2.9,공포(고공/급등 — F1: 롱 회피 검토),2.75,-1.74,284180.0,-13.87,5.0,2026-08-06,2026-08-05,1226,1274,1.04,inflow,13489.5,-44200.1,1,8,24.33,297,1130,-228,-64,0,0.52,-20.5,12.56,"자료처리, 호스팅, 포털 및 기타 인터넷 정보매개 서비스업",0.35,-0.07,854.3,62.1,3,10.53,-43.43,6.29,18.5,-4.58,-0.98,-30.92,12.56,161916,메가(10조+),KOSPI,True,,2026-08-04,3,True,matured,21,4.44,,,,3.26,3.26,4.44,,,6.27,2,-2.83,3.26,1,2.91,4.7,,,10.82,-6.38,4.44,4.44,4.44,4.44,4.44,,False,True,40000.0,3984335,2314077,2230564,1.14,0.85,372,-19,-355,0.0,-1.31,True,7.86,-6.38,0,[],[],False
000660_2026-08-07_pick_h1,000660_2026-08-07_pick,18,2026-08-07,pick,000660,SK하이닉스,단기스윙,임박,1,0.5,1495000.0,False,미반영,ok,"국내에서 -10.37% 빠진 반면 미국 예탁증서는 -4.97%에 그쳐 5.4%포인트 괴리가 남았다. RSI 40.2·20일 -28.0%로 과매도이고 개별 옵션 풋콜비율 0.075로 콜이 압도한다. 다만 세력강도 -37, 외국인 20일 -5조8,872억으로 분산 구간이라 단기 스윙에 한정한다.",즉시상승,1,9,-6,당일눌림,up,0.58,3.5,F3:세력강도 -37로 장투가능 태그 금지;F5:외인 20일 분배로 확신 상한,,F3;F5,7.0,-6.0,-5.0,5.0,5.0,-37.0,분산 우위 — 경계,-100,40.24,84.77,0.803,232316339000.0,-5887200325000.0,krx,0,84.8,71.3,0,-49.9,-28.0,40.2,False,66,0.0,0,감소,,,,neutral,55,52.0,과열(추격 위험),True,1.351,77.17,-12.1,2.9,공포(고공/급등 — F1: 롱 회피 검토),2.75,-1.74,284180.0,-13.87,5.0,2026-08-06,2026-08-05,1226,1274,1.04,inflow,13489.5,-44200.1,1,8,24.33,2323,-58872,-3859,458,1,0.0,-89.4,12.56,반도체 제조업,0.02,0.0,97545.9,40.2,0,-27.99,-48.78,-15.23,0.0,-4.58,-0.98,-30.92,12.56,13024679,메가(10조+),KOSPI,True,,2026-08-04,3,True,matured,21,-5.02,,,,-5.02,,,,,-5.02,1,0.0,-5.02,1,0.0,,,,0.05,-5.07,-5.02,-5.02,-5.02,-5.02,-5.02,,False,False,1420000.0,5002539,6452319,6524808,0.51,0.51,-4801,1524,5764,1.74,-5.75,True,6.59,-5.07,8,['대주주/대량보유'],"['[기재정정]임원ㆍ주요주주특정증권등소유상황보고서', '임원ㆍ주요주주특정증권등소유상황보고서', '임원ㆍ주요주주특정증권등소유상황보고서']",False
032640_2026-08-07_pick_h5,032640_2026-08-07_pick,1,2026-08-07,pick,032640,LG유플러스,단기스윙,단기,5,0.5,15000.0,False,미반영,ok,"2분기 영업이익 3,445억원으로 전년 대비 13.1% 증가한 역대 최대, 시장 기대치 3,100억원을 10% 상회. 자사주 900억원 추가 취득과 중간배당 270원(+8%) 결정. AI 데이터센터 매출 +28.9%. 지난 5일간 코스피가 12.6% 오르는 동안 -2.3%로 소외돼 실적이 가격에 없다.",계단식,5,7,-3,당일시가,up,0.5,1.0,데이터:force_scores 미포함 — 정성 판단,,OTHER,6.0,-4.0,-4.0,5.0,5.0,,,,,,,,,,,,,,,,,,,,,,,,,neutral,55,52.0,과열(추격 위험),True,1.351,77.17,-12.1,2.9,공포(고공/급등 — F1: 롱 회피 검토),2.75,-1.74,284180.0,-13.87,5.0,2026-08-06,2026-08-05,1226,1274,1.04,inflow,13489.5,-44200.1,1,8,24.33,-59,-148,-7,48,6,0.69,-8.8,12.56,전기 통신업,-0.37,0.3,158.9,56.9,1,1.28,-15.78,1.9,4.9,-4.58,-0.98,-30.92,12.56,64046,대형(1조+),KOSPI,True,,,,True,matured,21,0.4,,,,-0.33,-0.8,0.4,,,3.93,2,-5.71,-2.0,4,2.45,-2.0,,,10.82,-10.42,0.4,0.4,0.4,0.4,0.4,,False,True,15060.0,909266,1052369,1059524,1.66,1.7,-28,-9,36,0.73,-1.87,True,7.86,-10.42,0,[],[],False
011200_2026-08-07_pick_h5,011200_2026-08-07_pick,13,2026-08-07,pick,011200,HMM,단기스윙,단기,5,0.47,21400.0,False,부분,ok,"세력강도 +63.1로 후보 중 최고, 외국인 5일 +247억·20일 +993억 순매수. 이란 의회의 호르무즈 통항 금지 법안 검토로 브렌트유 +3.8%, 통항 제한은 우회 항로 확대를 통해 운임 상승 요인. 과열 0, 52주 고가 대비 -14.2%.",계단식,4,9,-4,당일눌림,up,0.52,1.5,F5:호르무즈 합의 리스크로 확신 상한,,F5,7.0,-5.0,-5.0,5.0,4.0,63.1,강한 매집 — 세력 유입,100,62.62,104.73,0.537,24695632300.0,99275154140.0,krx,0,104.7,107.5,1,-14.2,6.7,62.6,False,0,0.82,0,감소,,,,neutral,55,52.0,과열(추격 위험),True,1.351,77.17,-12.1,2.9,공포(고공/급등 — F1: 롱 회피 검토),2.75,-1.74,284180.0,-13.87,5.0,2026-08-06,2026-08-05,1226,1274,1.04,inflow,13489.5,-44200.1,1,8,24.33,247,993,-86,-160,0,0.82,-21.4,12.56,해상 운송업,0.78,-0.51,316.1,62.6,1,6.73,-13.01,4.73,12.6,-4.58,-0.98,-30.92,12.56,202325,메가(10조+),KOSPI,True,,2026-08-04,3,True,matured,21,-0.7,,,,0.23,-0.23,-0.7,,,1.17,2,-2.77,-1.64,4,0.95,-1.64,,,10.82,-11.52,-0.7,-0.7,-0.7,-0.7,-0.7,,False,False,21250.0,1278741,1467495,1476932,0.51,1.19,261,-30,-227,-0.93,-0.93,True,7.86,-11.52,0,[],[],False
214150_2026-08-07_pick_h5,214150_2026-08-07_pick,6,2026-08-07,pick,214150,클래시스,단기스윙,단기,5,0.42,45550.0,False,부분,ok,"세력강도 +20.4 매집 우위, 과열 0, RSI 53.7. 5일 +21.3%로 올랐지만 20일 기준으로는 여전히 -4.3%라 낙폭 회복 단계다. 52주 고가 대비 -41.3%. 코스닥 순환매 축이 제약·바이오와 미용의료로 이동 중.",눌림후상승,4,10,-5,당일눌림,up,0.48,1.0,국면:코스닥 5일 +24.3% 되돌림 경고;비중 최소화,,OTHER,8.0,-6.0,-5.0,6.0,3.0,20.4,매집 우위,49.8,53.71,102.75,0.559,2296779850.0,8999310225.0,krx,0,102.7,99.1,1,-41.3,-4.3,53.7,False,18,2.36,8,혼조,,,,neutral,55,52.0,과열(추격 위험),True,1.351,77.17,-12.1,2.9,공포(고공/급등 — F1: 롱 회피 검토),2.75,-1.74,284180.0,-13.87,5.0,2026-08-06,2026-08-05,1226,1274,1.04,inflow,13489.5,-44200.1,1,8,24.33,23,90,27,-50,0,2.36,-2.2,12.56,우량기업부,0.23,-0.5,99.5,53.7,1,-4.31,-39.75,2.75,2.5,-4.58,-0.98,-30.92,12.56,20875,대형(1조+),KOSDAQ,True,,2026-08-04,3,True,matured,21,-17.67,,,,1.65,-3.84,-17.67,,,1.76,2,-19.09,-17.67,5,0.0,-12.84,4,-12.84,10.82,-28.49,-12.84,-12.84,-12.84,-12.84,-12.84,4,False,False,37500.0,176941,216383,218356,1.02,2.37,-220,-98,304,-0.99,-2.63,True,7.86,-25.53,1,['대주주/대량보유'],['주식등의대량보유상황보고서(약식)'],False
009150_2026-08-07_short_h5,009150_2026-08-07_short,16,2026-08-07,short,009150,삼성전기,숏,단기,5,0.45,1229000.0,False,,ok,"외국인이 5일간 6,564억원·20일간 7,658억원 순매도했는데 같은 기간 주가는 39.8% 올랐고 개인이 3,962억원을 받았다. 세력강도 -32.8 분산 우위이고 어제 -9.37%는 급등 후 첫 대량 반락이다. 스퀴즈 위험을 감안해 손절을 +9%로 넓게 두고 분할 진입.",,,,,,,,,,,,,,,,,-32.8,분산 우위 — 경계,-100,48.22,96.54,0.999,-656419273000.0,-765840673500.0,krx,0,96.5,78.0,0,-49.2,-16.9,48.2,False,6,0.13,0,혼조,,,,neutral,55,52.0,과열(추격 위험),True,1.351,77.17,-12.1,2.9,공포(고공/급등 — F1: 롱 회피 검토),2.75,-1.74,284180.0,-13.87,5.0,2026-08-06,2026-08-05,1226,1274,1.04,inflow,13489.5,-44200.1,1,8,24.33,-6564,-7658,2501,3962,1,0.13,-8.8,12.56,전자부품 제조업,-0.56,0.34,11813.0,48.2,0,-16.9,-45.86,-3.46,0.0,-4.58,-0.98,-30.92,12.56,1086046,메가(10조+),KOSPI,True,,2026-08-04,3,True,matured,21,26.77,,,,3.66,8.62,26.77,,,26.77,5,0.0,2.69,2,23.45,22.29,,,10.82,15.95,26.77,22.29,12.0,,,,False,False,1558000.0,894867,958030,961188,1.01,0.76,-1809,2020,-214,2.44,0.33,,7.86,15.95,1,['대주주/대량보유'],['임원ㆍ주요주주특정증권등소유상황보고서'],False
373220_2026-08-08_pick_h5,373220_2026-08-08_pick,4,2026-08-08,pick,373220,LG에너지솔루션,단기스윙,단기,5,0.55,360000.0,False,부분,ok,"미 비중국 공급망 정책 확산(ESS·배터리)+북미 ESS 수주+기관 5일 +1,008억 매집, 세력강도 +64",계단식,4,8,-3,당일눌림,up,0.5,1.5,,v11.21+retro23,,8.0,-6.0,-6.0,7.0,6.0,64.0,강한 매집 — 세력 유입,100,62.54,109.77,1.358,-31143698000.0,-41153547250.0,krx,0,109.8,97.3,4,-31.7,14.8,62.5,False,4,1.58,8,혼조,,,,risk-off,32,20.8,눌림목(역추세 롱 기회),True,1.33,77.17,-10.45,3.0,공포(고공/급등 — F1: 롱 회피 검토),2.75,-1.55,287940.0,-10.45,6.7,2026-08-06,2026-08-06,1362,1151,0.85,outflow,-72235.0,-57066.6,2,23,10.98,-311,-412,1008,-616,2,1.58,3.0,-5.1,일차전지 및 이차전지 제조업,-0.28,-0.55,1116.4,62.5,4,14.83,-29.96,9.77,23.1,-0.6,-5.15,-31.33,11.89,848250,메가(10조+),KOSPI,True,,2026-08-05,3,True,matured,20,-2.5,,,,-1.53,1.53,-2.5,,,2.64,4,-5.01,-2.5,5,0.0,2.64,,,9.76,-12.26,-2.5,-2.5,-2.5,-2.5,-2.5,,False,False,351000.0,247517,307122,310102,0.79,1.09,-18,354,-56,-1.11,-3.47,True,4.43,-12.26,0,[],[],False
207940_2026-08-08_pick_h5,207940_2026-08-08_pick,32,2026-08-08,pick,207940,삼성바이오로직스,단기스윙,단기,5,0.52,1556000.0,False,부분,ok,외국인 5일 +790억 순매수(대형주 중 희소)+섹터 상대강도 1위(바이오 20일 +14%)+세력강도 +60.7,계단식,4,7,-3,당일눌림,,,,,v11.21+retro23,,7.0,-5.0,-5.0,6.0,6.0,60.7,강한 매집 — 세력 유입,100,67.44,107.33,0.757,79021492500.0,104949262500.0,krx,0,107.3,111.6,4,-21.7,17.4,67.4,False,6,0.58,20,증가,,,,risk-off,32,20.8,눌림목(역추세 롱 기회),True,1.33,77.17,-10.45,3.0,공포(고공/급등 — F1: 롱 회피 검토),2.75,-1.55,287940.0,-10.45,6.7,2026-08-06,2026-08-06,1362,1151,0.85,outflow,-72235.0,-57066.6,2,23,10.98,790,1049,-242,-518,0,0.58,30.3,-5.1,기초 의약물질 제조업,0.74,-0.49,1064.1,67.4,4,17.43,-20.81,7.33,28.9,-0.6,-5.15,-31.33,11.89,678625,메가(10조+),KOSPI,True,,2026-08-05,3,True,matured,20,-1.61,,,,3.41,0.51,-1.61,,,3.41,1,-4.85,-1.61,5,0.0,-0.51,,,9.76,-11.37,-1.61,-1.61,-1.61,-1.61,-1.61,,False,False,1531000.0,42211,67140,68386,1.04,0.56,870,-455,-378,0.0,-1.54,True,4.43,-11.37,0,[],[],False
066570_2026-08-08_pick_h5,066570_2026-08-08_pick,6,2026-08-08,pick,066570,LG전자,단기스윙,단기,5,0.48,185000.0,False,부분,ok,다음주 구광모-젠슨 황 회동 예정+엔비디아 AI 데이터센터 냉각(600kW CDU) 인증 완료 — 협력 실체화 단계,이벤트대기,5,8,-4,당일눌림,,,,,v11.21+retro23,,8.0,-6.0,-6.0,7.0,4.0,50.4,강한 매집 — 세력 유입,100,57.53,106.92,1.045,-20037269900.0,95941613700.0,krx,0,106.9,87.6,1,-57.8,3.9,57.5,False,0,0.79,0,감소,,,,risk-off,32,20.8,눌림목(역추세 롱 기회),True,1.33,77.17,-10.45,3.0,공포(고공/급등 — F1: 롱 회피 검토),2.75,-1.55,287940.0,-10.45,6.7,2026-08-06,2026-08-06,1362,1151,0.85,outflow,-72235.0,-57066.6,2,23,10.98,-200,959,675,-496,2,0.79,-21.5,-5.1,통신 및 방송 장비 제조업,-0.08,-0.2,2514.3,57.5,1,3.93,-52.87,6.92,6.5,-0.6,-5.15,-31.33,11.89,348573,메가(10조+),KOSPI,True,,2026-08-05,3,True,matured,20,12.43,,,,-1.78,11.62,12.43,,,16.22,4,-3.26,-1.78,1,18.33,16.22,,,9.76,2.67,12.43,16.22,12.0,12.43,8.0,,False,True,208000.0,1054814,1344616,1359106,1.19,0.6,1137,580,-1687,-0.22,-2.22,True,4.43,2.67,0,[],[],False
047810_2026-08-08_short_h5,047810_2026-08-08_short,18,2026-08-08,short,047810,한국항공우주,숏,단기,5,0.42,154200.0,False,,ok,"방산 랠리 속 홀로 외국인 4일 연속 매도(20일 -1,219억)+공매도 잔고비중 5.89% 1위+세력강도 -28.2 — 상대 약세 숏. 손절 +8% 넓게, 수출 수주 보도 시 즉시 커버",,,,,,,,,,,,,,,,,-28.2,분산 우위 — 경계,-100,54.54,108.2,1.047,-22063721900.0,-121936874200.0,krx,0,108.2,103.4,4,-28.4,2.8,54.5,False,6,5.89,35,증가,,,,risk-off,32,20.8,눌림목(역추세 롱 기회),True,1.33,77.17,-10.45,3.0,공포(고공/급등 — F1: 롱 회피 검토),2.75,-1.55,287940.0,-10.45,6.7,2026-08-06,2026-08-06,1362,1151,0.85,outflow,-72235.0,-57066.6,2,23,10.98,-221,-1219,-355,-198,4,5.89,16.9,-5.1,"항공기,우주선 및 부품 제조업",-0.3,-0.27,746.3,54.5,4,2.8,-23.66,8.2,11.1,-0.6,-5.15,-31.33,11.89,126133,메가(10조+),KOSPI,True,,2026-08-05,3,True,matured,20,-9.21,,,,-12.13,-1.95,-9.21,,,-1.95,3,-7.41,-12.13,1,11.59,-5.06,1,-12.13,9.76,-18.97,-12.13,-12.13,-12.13,,,,False,True,140000.0,285068,474506,483978,2.05,1.38,-541,-20,426,0.78,-2.85,,4.43,-18.97,2,['대주주/대량보유'],"['임원ㆍ주요주주특정증권등소유상황보고서', '주식등의대량보유상황보고서(일반)']",False
207940_2026-08-10_pick_h5,207940_2026-08-10_pick,33,2026-08-10,pick,207940,삼성바이오로직스,단기스윙,단기,5,0.55,1556000.0,False,부분,ok,8/4 대형 수주 공시·누적 수주 217억달러에 외국인 5일 +790억 순매수(관찰 대형주 유일) — 순환매 1순위 바이오 대장,계단식,4,8,-3,당일눌림,up,0.52,1.2,F7:바이오테마캡경고,v11.23+retro23,F7,8.0,-6.0,-5.0,7.0,8.0,60.7,강한 매집 — 세력 유입,100,67.44,107.33,0.757,79021492500.0,104949262500.0,krx,0,107.3,111.6,4,-21.7,17.4,67.4,False,6,0.58,20,증가,,,,risk-off,32,20.8,눌림목(역추세 롱 기회),True,1.33,77.17,-10.45,3.0,공포(고공/급등 — F1: 롱 회피 검토),2.75,-1.55,287940.0,-10.45,6.7,2026-08-06,2026-08-06,1362,1151,0.85,outflow,-72235.0,-57066.6,2,23,10.98,790,1049,-242,-518,0,0.58,30.3,-5.1,기초 의약물질 제조업,0.74,-0.49,1064.1,67.4,4,17.43,-20.81,7.33,28.9,-0.6,-5.15,-31.33,11.89,678625,메가(10조+),KOSPI,True,,2026-08-05,5,True,matured,20,-1.61,,,,3.41,0.51,-1.61,,,3.41,1,-4.85,-1.61,5,0.0,-0.51,,,9.76,-11.37,-1.61,-1.61,-1.61,-1.61,-1.61,,False,False,1531000.0,42211,67140,68386,1.04,0.56,870,-455,-378,0.0,-1.54,True,4.43,-11.37,1,['증자(희석)'],['주요사항보고서(유상증자결정)'],False
373220_2026-08-10_pick_h5,373220_2026-08-10_pick,5,2026-08-10,pick,373220,LG에너지솔루션,단기스윙,단기,5,0.52,360000.0,False,부분,ok,"2차전지 순환매 주도(금요일 전기제품 업종 +4.91%) + 세력강도 +64 강한 매집 + 기관 5일 +1,008억",계단식,4,8,-4,당일눌림,,,,,v11.23+retro23,,8.0,-6.0,-5.0,7.0,6.0,64.0,강한 매집 — 세력 유입,100,62.54,109.77,1.358,-31143698000.0,-41153547250.0,krx,0,109.8,97.3,4,-31.7,14.8,62.5,False,4,1.58,8,혼조,,,,risk-off,32,20.8,눌림목(역추세 롱 기회),True,1.33,77.17,-10.45,3.0,공포(고공/급등 — F1: 롱 회피 검토),2.75,-1.55,287940.0,-10.45,6.7,2026-08-06,2026-08-06,1362,1151,0.85,outflow,-72235.0,-57066.6,2,23,10.98,-311,-412,1008,-616,2,1.58,3.0,-5.1,일차전지 및 이차전지 제조업,-0.28,-0.55,1116.4,62.5,4,14.83,-29.96,9.77,23.1,-0.6,-5.15,-31.33,11.89,848250,메가(10조+),KOSPI,True,,2026-08-05,5,True,matured,20,-2.5,,,,-1.53,1.53,-2.5,,,2.64,4,-5.01,-2.5,5,0.0,2.64,,,9.76,-12.26,-2.5,-2.5,-2.5,-2.5,-2.5,,False,False,351000.0,247517,307122,310102,0.79,1.09,-18,354,-56,-1.11,-3.47,True,4.43,-12.26,0,[],[],False
042660_2026-08-10_pick_h5,042660_2026-08-10_pick,13,2026-08-10,pick,042660,한화오션,단기스윙,단기,5,0.52,89400.0,False,부분,ok,"상선 영업이익률 22.7% 사상최대 + 조선 빅3 수주잔액 200조 돌파(12년만) + 외국인 5일 +560억·기관 +235억 동반 매수, 금요일 눌림으로 진입 자리",눌림후상승,5,8,-3,당일시가,up,0.5,1.0,,v11.23+retro23,,8.0,-6.0,-5.0,7.0,6.0,51.5,강한 매집 — 세력 유입,100,56.13,106.19,0.371,56021170700.0,110595694300.0,krx,0,106.2,86.6,0,-42.2,13.7,56.1,False,6,1.04,0,감소,,,,risk-off,32,20.8,눌림목(역추세 롱 기회),True,1.33,77.17,-10.45,3.0,공포(고공/급등 — F1: 롱 회피 검토),2.75,-1.55,287940.0,-10.45,6.7,2026-08-06,2026-08-06,1362,1151,0.85,outflow,-72235.0,-57066.6,2,23,10.98,560,1106,235,-794,0,1.04,-29.9,-5.1,선박 및 보트 건조업,0.37,-0.53,1497.5,56.1,0,13.74,-40.36,6.19,6.3,-0.6,-5.15,-31.33,11.89,267499,메가(10조+),KOSPI,True,,2026-08-05,5,True,matured,20,1.68,,,,-0.45,1.45,1.68,,,7.16,4,-5.11,-0.45,1,7.64,7.16,,,9.76,-8.08,1.68,1.68,1.68,1.68,1.68,,True,True,90900.0,1011416,1643463,1675065,1.22,0.76,695,-896,201,0.89,0.89,True,4.43,-8.08,0,[],[],False
145020_2026-08-10_pick_h5,145020_2026-08-10_pick,13,2026-08-10,pick,145020,휴젤,단기스윙,단기,5,0.48,273500.0,False,부분,ok,"K뷰티 실적 랠리(급락장 기관 유입) + 화장품 사업 5년 +289% 성장 + 공매도 잔고 10일 -100% 전량 청산, 금요일 -1.97% 눌림",계단식,5,8,-4,당일시가,,,,F7:바이오테마캡경고,v11.23+retro23,F7,8.0,-6.0,-5.0,7.0,4.0,59.0,강한 매집 — 세력 유입,100,67.76,113.53,1.985,8864490250.0,5288425500.0,krx,15,113.5,109.5,0,-25.9,15.9,67.8,False,53,0.0,0,감소,,,,risk-off,32,20.8,눌림목(역추세 롱 기회),True,1.33,77.17,-10.45,3.0,공포(고공/급등 — F1: 롱 회피 검토),2.75,-1.55,287940.0,-10.45,6.7,2026-08-06,2026-08-06,1362,1151,0.85,outflow,-72235.0,-57066.6,2,23,10.98,89,53,60,-147,0,0.0,-100.0,-5.1,우량기업부,0.65,-1.08,136.4,67.8,0,15.89,-24.03,13.53,18.8,-0.6,-5.15,-31.33,11.89,30412,대형(1조+),KOSDAQ,True,,2026-08-05,5,True,matured,20,-9.32,,,,3.29,-4.02,-9.32,,,3.29,1,-12.21,-9.32,5,0.0,-6.4,5,-9.32,9.76,-19.08,-9.32,-9.32,-9.32,-6.4,-6.4,4,False,False,248000.0,71938,50925,49874,1.34,1.3,137,-140,0,-0.18,-4.57,True,4.43,-13.75,1,['대주주/대량보유'],['임원ㆍ주요주주특정증권등소유상황보고서'],False
068270_2026-08-10_pick_h5,068270_2026-08-10_pick,36,2026-08-10,pick,068270,셀트리온,단기스윙,단기,5,0.42,199300.0,False,부분,ok,앱토즈마 유럽 입찰 9곳 중 7곳 수주·이탈리아 7개주 단독 공급·CMO 누적 1조 돌파 — 수주 실체는 최상급이나 RSI 77 과열로 눌림 한정,눌림후상승,5,7,-4,당일눌림,,,,F2:과열경고;F7:바이오테마캡경고,v11.23+retro23,F2;F7,7.0,-6.0,-5.0,7.0,4.0,39.2,매집 우위,100,76.75,110.6,1.019,87959925800.0,124318522800.0,krx,30,110.6,112.6,4,-16.7,15.1,76.8,False,19,0.15,0,혼조,,,,risk-off,32,20.8,눌림목(역추세 롱 기회),True,1.33,77.17,-10.45,3.0,공포(고공/급등 — F1: 롱 회피 검토),2.75,-1.55,287940.0,-10.45,6.7,2026-08-06,2026-08-06,1362,1151,0.85,outflow,-72235.0,-57066.6,2,23,10.98,880,1243,470,-1369,0,0.15,1.2,-5.1,기초 의약물질 제조업,0.59,-0.92,1488.7,76.8,4,15.14,-15.86,10.6,37.5,-0.6,-5.15,-31.33,11.89,433366,메가(10조+),KOSPI,True,,2026-08-05,5,True,matured,20,-1.91,,,,5.62,1.35,-1.91,,,5.62,1,-7.13,-1.91,5,0.0,0.85,,,9.76,-11.67,-1.91,-1.91,-1.91,-1.91,-1.91,,False,False,195500.0,533999,736839,746981,1.2,0.81,1731,-867,-802,-0.8,-2.23,True,4.43,-11.67,2,['대주주/대량보유'],"['주식등의대량보유상황보고서(일반)', '임원ㆍ주요주주특정증권등소유상황보고서']",False
196170_2026-08-10_short_h5,196170_2026-08-10_short,19,2026-08-10,short,196170,알테오젠,숏,단기,5,0.38,305000.0,False,,ok,"20일 +32.1%·RSI 79.7 과열 + 세력강도 -32 수급 분산 + 공매도 잔고 10일 +11.5% 증가. 랠리 레짐 스퀴즈 대비 손절 +8% 넓게, 코스닥 830 돌파 시 즉시 커버",,,,,,,,,,,,,,,,,-32.0,분산 우위 — 경계,-100,79.66,128.2,0.806,-40208059250.0,9844129000.0,krx,65,128.2,117.5,6,-30.3,32.1,79.7,False,14,2.6,18,증가,,,,risk-off,32,20.8,눌림목(역추세 롱 기회),True,1.33,77.17,-10.45,3.0,공포(고공/급등 — F1: 롱 회피 검토),2.75,-1.55,287940.0,-10.45,6.7,2026-08-06,2026-08-06,1362,1151,0.85,outflow,-72235.0,-57066.6,2,23,10.98,-402,98,288,92,3,2.6,11.5,-5.1,우량기업부,-0.27,0.06,1493.3,79.7,6,32.13,-29.09,28.2,51.7,-0.6,-5.15,-31.33,11.89,199214,메가(10조+),KOSDAQ,True,,2026-08-05,5,True,matured,20,-2.3,,,,7.38,4.1,-2.3,,,7.38,1,-9.01,-2.3,5,0.0,2.95,,,9.76,-12.06,-2.3,-2.3,-2.3,,,,True,True,298000.0,1033262,515506,489619,1.45,0.89,296,-1221,836,3.61,2.62,,4.43,-6.73,4,['대주주/대량보유'],"['임원ㆍ주요주주특정증권등소유상황보고서', '임원ㆍ주요주주특정증권등소유상황보고서', '임원ㆍ주요주주특정증권등소유상황보고서']",False
010140_2026-08-11_pick_h5,010140_2026-08-11_pick,2,2026-08-11,pick,010140,삼성중공업,단기스윙,단기,5,0.55,22550.0,False,부분,ok,"수주잔액 224조 최대 국면 + 해상데이터센터 200MW 인증 국내 최초 + 호르무즈발 산유국 발주 기대, 기관 매집·과열 없음",눌림후상승,4,8,-3,당일눌림,,,,F6:위반없음;F8-b:순노출축소,,F6;F8,8.0,-5.0,-5.0,7.0,6.0,58.6,강한 매집 — 세력 유입,100,55.91,103.94,0.704,-9287855025.0,2201313245.0,krx,0,103.9,91.0,1,-36.2,0.9,55.9,False,4,0.54,0,혼조,,,,risk-off,38,17.0,중립,True,1.257,75.59,-10.39,3.0,공포(고공/급등 — F1: 롱 회피 검토),2.75,-0.94,292300.0,1.02,10.0,2026-08-07,2026-08-07,2128,419,0.2,outflow,-55664.2,-66115.6,3,8,15.88,-93,22,282,-192,2,0.54,-6.5,0.67,선박 및 보트 건조업,-0.12,-0.24,786.7,55.9,1,0.89,-34.45,3.94,3.7,0.65,0.05,-30.88,12.62,188320,메가(10조+),KOSPI,True,,2026-08-06,5,True,matured,19,-8.65,,,,-3.55,-1.11,-8.65,,,-1.11,3,-7.62,-8.65,5,0.0,-5.76,,,2.72,-11.37,-8.65,-8.65,-8.65,-5.76,-5.76,4,False,False,20600.0,2814939,3456406,3488479,0.88,0.68,-164,-483,609,-1.33,-3.55,True,-3.51,-11.37,1,['대주주/대량보유'],['임원ㆍ주요주주특정증권등소유상황보고서'],False
214450_2026-08-11_pick_h5,214450_2026-08-11_pick,1,2026-08-11,pick,214450,파마리서치,단기스윙,단기,5,0.5,410000.0,False,부분,ok,2Q 역대 최대 실적(매출 +27.1%)·증권사 5곳 목표가 상향(평균 50.8만원)·유럽 리쥬란+미국 화장품 쌍끌이 수출,눌림후상승,5,10,-4,당일눌림,,,,F8-b:순노출축소,,F8,10.0,-6.0,-5.0,7.0,5.0,,,,,,,,,,,,,,,,,,,,,,,,,risk-off,38,17.0,중립,True,1.257,75.59,-10.39,3.0,공포(고공/급등 — F1: 롱 회피 검토),2.75,-0.94,292300.0,1.02,10.0,2026-08-07,2026-08-07,2128,419,0.2,outflow,-55664.2,-66115.6,3,8,15.88,351,-514,140,-484,0,2.46,37.4,0.67,우량기업부,0.37,-0.5,960.6,63.0,1,28.33,-42.33,14.5,21.1,0.65,0.05,-30.88,12.62,39117,대형(1조+),KOSDAQ,True,,,,True,matured,19,-4.63,,,,-0.49,-2.93,-4.63,,,3.78,2,-8.11,-4.63,5,0.0,-4.15,,,2.72,-7.35,-4.63,-4.63,-4.63,-4.63,-4.63,,False,False,391000.0,226741,233923,234283,1.1,0.4,779,-615,-143,3.41,-0.98,True,-3.51,-1.12,0,[],[],False
011200_2026-08-11_pick_h5,011200_2026-08-11_pick,14,2026-08-11,pick,011200,HMM,단기스윙,단기,5,0.45,21450.0,False,미반영,ok,"세력강도 +64 관찰군 최고·외인+기관 5일 동반 순매수·공매도 잔고 10일 -20%, 벌크 초장기 계약 체질 개선 보도",눌림후상승,4,8,-3,당일눌림,,,,F8-b:순노출축소,,F8,8.0,-5.0,-5.0,7.0,4.0,64.0,강한 매집 — 세력 유입,100,61.34,103.91,0.532,19337215325.0,101978448595.0,krx,0,103.9,107.4,0,-14.0,8.7,61.3,False,0,0.79,0,감소,,,,risk-off,38,17.0,중립,True,1.257,75.59,-10.39,3.0,공포(고공/급등 — F1: 롱 회피 검토),2.75,-0.94,292300.0,1.02,10.0,2026-08-07,2026-08-07,2128,419,0.2,outflow,-55664.2,-66115.6,3,8,15.88,193,1020,87,-279,1,0.79,-20.3,0.67,해상 운송업,0.63,-0.91,308.2,61.3,0,8.66,-12.45,3.91,9.5,0.65,0.05,-30.88,12.62,202325,메가(10조+),KOSPI,True,,2026-08-06,5,True,matured,19,1.17,,,,-0.47,-0.93,1.17,,,5.59,4,-4.19,-1.86,2,7.6,5.59,,,2.72,-1.55,1.17,1.17,1.17,1.17,1.17,,False,True,21700.0,754250,1404542,1437057,3.97,1.24,226,320,-541,0.0,-0.47,True,-3.51,-1.55,0,[],[],False
012450_2026-08-12_pick_h5,012450_2026-08-12_pick,19,2026-08-12,pick,012450,한화에어로스페이스,단기스윙,단기,5,0.55,1098000.0,False,부분,ok,"오스탈USA 인수 추진(미 함정·핵잠 진출)+미 육군 수주 모멘텀, 전일 -4.7% 눌림에 외국인 5일 +409억 매집 유지",눌림후상승,4,9,-4,당일눌림,up,0.5,1.5,,v11.23+retro23,,8.0,-6.0,-5.0,7.0,8.0,59.9,강한 매집 — 세력 유입,100,65.85,115.32,0.708,40891725500.0,16506520000.0,krx,15,115.3,103.6,0,-33.7,17.3,65.8,False,4,0.0,0,,,,,risk-off,26,17.0,눌림목(역추세 롱 기회),True,1.243,61.68,-23.64,2.9,공포(고공/급등 — F1: 롱 회피 검토),2.75,-1.02,300240.0,9.4,11.7,2026-08-11,2026-08-10,1660,856,0.52,outflow,-52215.2,-48383.4,0,8,9.88,409,165,-138,-264,0,0.0,17.4,-0.21,"항공기,우주선 및 부품 제조업",0.17,-0.11,2440.6,65.8,0,17.31,-28.56,15.32,17.3,0.73,1.39,-30.38,13.44,535744,메가(10조+),KOSPI,True,,2026-08-07,5,True,matured,18,6.28,,,,7.92,4.37,6.28,,,7.92,1,-3.29,4.37,3,2.71,7.19,,,7.99,-1.71,6.28,6.28,6.28,6.28,6.28,,False,True,1167000.0,300729,226010,222274,1.15,0.92,-191,167,4,1.64,-1.37,True,-1.98,-1.71,3,['대주주/대량보유'],"['임원ㆍ주요주주특정증권등소유상황보고서', '임원ㆍ주요주주특정증권등소유상황보고서', '임원ㆍ주요주주특정증권등소유상황보고서']",False
011200_2026-08-12_pick_h5,011200_2026-08-12_pick,15,2026-08-12,pick,011200,HMM,단기스윙,단기,5,0.5,21650.0,False,미반영,ok,"호르무즈·홍해 봉쇄 장기화로 운임 고공행진, 2분기 컨센서스 상회 전망+세력강도 +64 매집",계단식,4,8,-3,당일시가,,,,,v11.23+retro23,,7.0,-5.0,-5.0,7.0,7.0,64.0,강한 매집 — 세력 유입,100,61.34,104.35,0.525,15434858200.0,101911505390.0,krx,0,104.3,108.2,1,-13.2,10.7,61.3,False,0,0.78,0,감소,,,,risk-off,26,17.0,눌림목(역추세 롱 기회),True,1.243,61.68,-23.64,2.9,공포(고공/급등 — F1: 롱 회피 검토),2.75,-1.02,300240.0,9.4,11.7,2026-08-11,2026-08-10,1660,856,0.52,outflow,-52215.2,-48383.4,0,8,9.88,154,1019,103,-258,0,0.78,-18.1,-0.21,해상 운송업,0.51,-0.86,299.1,61.3,1,10.74,-11.63,4.35,12.8,0.73,1.39,-30.38,13.44,202325,메가(10조+),KOSPI,True,,2026-08-07,5,True,matured,18,-2.08,,,,-2.77,4.62,-2.08,,,4.62,3,-6.4,-2.77,1,7.6,0.23,,,7.99,-10.07,-2.08,-2.08,-2.08,-2.08,-2.08,,False,False,21200.0,1012285,1363741,1381314,4.09,1.28,186,254,-436,0.0,-1.85,True,-1.98,-10.07,0,[],[],False
035720_2026-08-12_pick_h20,035720_2026-08-12_pick,10,2026-08-12,pick,035720,카카오,장투가능,중기,20,0.5,40700.0,False,부분,ok,"블랙록 5.01% 신규 공시+외국인 20일 +1,033억 매집, 영업이익률 개선+FCF 흑자 지속의 중기 재평가",계단식,12,13,-5,당일눌림,,,,F2:과열경고(눌림진입),v11.23+retro23,F2,12.0,-8.0,-6.0,7.0,7.0,54.0,강한 매집 — 세력 유입,100,72.22,110.43,1.125,22955893575.0,103268200900.0,krx,30,110.4,107.4,1,-41.6,17.1,72.2,False,34,0.53,0,감소,,,,risk-off,26,17.0,눌림목(역추세 롱 기회),True,1.243,61.68,-23.64,2.9,공포(고공/급등 — F1: 롱 회피 검토),2.75,-1.02,300240.0,9.4,11.7,2026-08-11,2026-08-10,1660,856,0.52,outflow,-52215.2,-48383.4,0,8,9.88,230,1033,180,-418,0,0.53,-19.1,-0.21,"자료처리, 호스팅, 포털 및 기타 인터넷 정보매개 서비스업",0.24,-0.43,965.8,72.2,1,17.12,-39.88,10.43,26.1,0.73,1.39,-30.38,13.44,161916,메가(10조+),KOSPI,True,,2026-08-07,5,False,maturing,18,,-13.02,2026-09-08,35400.0,-1.47,-6.02,-4.91,-11.55,,-1.47,1,-12.47,-13.76,14,4.13,,,,,,,,,,,,,,,2365015,2372588,2372967,1.11,0.63,56,-879,860,0.0,-2.95,True,,,,,,
006400_2026-08-12_pick_h5,006400_2026-08-12_pick,3,2026-08-12,pick,006400,삼성SDI,단기스윙,단기,5,0.45,459500.0,False,부분,ok,"GM 합작 지분 전량 인수로 북미 첫 단독공장 확보+각형 JDA, ESS 흑자에 기관 5일 +1,065억 — 전일 -4.6%는 우려 선반영",눌림후상승,5,9,-5,당일눌림,,,,F3:외인6일매도-확신하향,v11.23+retro23,F3,8.0,-6.0,-5.0,7.0,6.0,49.6,강한 매집 — 세력 유입,100,56.2,108.82,0.729,-69088891500.0,-60013910000.0,krx,15,108.8,92.3,0,-36.4,4.4,56.2,True,6,0.17,0,혼조,,,,risk-off,26,17.0,눌림목(역추세 롱 기회),True,1.243,61.68,-23.64,2.9,공포(고공/급등 — F1: 롱 회피 검토),2.75,-1.02,300240.0,9.4,11.7,2026-08-11,2026-08-10,1660,856,0.52,outflow,-52215.2,-48383.4,0,8,9.88,-691,-600,1065,-388,6,0.17,-8.7,-0.21,일차전지 및 이차전지 제조업,-0.33,-0.18,2118.7,56.2,0,4.43,-35.46,8.82,2.9,0.73,1.39,-30.38,13.44,435968,메가(10조+),KOSPI,True,,2026-08-07,5,True,matured,18,8.71,,,,5.98,6.2,8.71,,,12.3,2,-5.62,5.98,1,5.95,5.98,,,7.99,0.72,8.71,12.3,12.0,8.71,8.0,,True,True,499500.0,479152,461956,461096,1.0,0.7,-45,756,-705,1.85,0.0,True,-1.98,0.72,1,['대주주/대량보유'],['임원ㆍ주요주주특정증권등소유상황보고서'],False
011930_2026-08-12_pick_h5,011930_2026-08-12_pick,1,2026-08-12,pick,011930,신성이엔지,단기스윙,단기,5,0.4,16800.0,False,부분,ok,"2분기 흑자전환+클린환경 분기 최대 매출+신규수주 2,535억(삼성 P5·하이닉스 용인) — 반도체 증설 수혜 소형주, 소액·분할 전제",계단식,5,11,-5,당일눌림,,,,F6:풀외종목-정성추정-소액;코스닥과열경고,v11.23+retro23,F6;OTHER,10.0,-7.0,-6.0,7.0,3.0,,,,,,,,,,,,,,,,,,,,,,,,,risk-off,26,17.0,눌림목(역추세 롱 기회),True,1.243,61.68,-23.64,2.9,공포(고공/급등 — F1: 롱 회피 검토),2.75,-1.02,300240.0,9.4,11.7,2026-08-11,2026-08-10,1660,856,0.52,outflow,-52215.2,-48383.4,0,8,9.88,14,16,-1,-12,0,1.05,0.9,-0.21,반도체 제조업,0.33,-0.28,42.3,57.2,2,3.77,-60.88,10.68,8.6,0.73,1.39,-30.38,13.44,3298,중형(3천억+),KOSPI,True,,,,True,matured,18,-2.08,,,,0.6,-1.19,-2.08,,,0.6,1,-3.08,-2.5,4,0.43,-2.5,,,7.99,-10.07,-2.08,-2.08,-2.08,-2.08,-2.08,,False,False,16450.0,156625,247348,251884,0.87,0.48,2,-1,-1,1.79,-2.62,True,-1.98,-10.07,0,[],[],False
068270_2026-08-19_pick_h5,068270_2026-08-19_pick,37,2026-08-19,pick,068270,셀트리온,단기스윙,단기,5,0.45,195500.0,False,부분,ok,"외인 5일 +2,035억 매집(force +56) + 4일 연속 -7% 눌림 소화 + 유럽 약국 직판 개시(8/18 지프레 통합) 미반영",눌림후상승,4,8,-4,당일눌림,down,0.3,-2.0,F1:분할·보류(공포·경계 90);F6-3:강경계 경고(k5 +9.05%);F8:비중축소(size 5%),v11.24+retro24,F1;F6;F8,8.0,-5.0,-5.0,5.0,5.0,56.0,강한 매집 — 세력 유입,100,64.21,103.74,0.773,143366355000.0,247136910500.0,krx,0,103.7,108.9,0,-18.3,13.3,64.2,False,19,0.13,0,감소,,,,risk-on,68,90.0,공포(롱 회피·falling knife),False,1.636,55.31,-26.83,6.1,공포(고공/급등 — F1: 롱 회피 검토),2.75,-0.35,308680.0,5.6,16.7,2026-08-14,2026-08-14,567,1970,3.47,inflow,74690.8,10778.1,0,0,-2.37,1434,2471,-879,-506,0,0.13,-11.6,9.05,기초 의약물질 제조업,0.94,-0.33,1530.0,64.2,0,13.27,-17.46,3.74,14.2,-1.55,0.83,-24.63,22.82,433366,메가(10조+),KOSPI,True,,2026-08-13,6,True,matured,14,-1.07,,,,-0.72,-0.77,-1.07,,,-0.72,1,-2.32,-3.02,4,2.0,-3.02,,,-0.9,-0.17,-1.07,-1.07,-1.07,-1.07,-1.07,,False,False,193400.0,375772,763214,782586,0.63,0.47,-63,108,-51,-0.82,-2.46,True,-0.88,-0.17,2,['대주주/대량보유'],"['주식등의대량보유상황보고서(일반)', '임원ㆍ주요주주특정증권등소유상황보고서']",False
000720_2026-08-19_pick_h5,000720_2026-08-19_pick,1,2026-08-19,pick,000720,현대건설,단기스윙,단기,5,0.4,110100.0,False,미반영,ok,테라파워 나트륨 원전 후속 최대 8기 EPC 우선권(8/18 공식) + 2Q 영업익 +20.7%·수주잔고 104조 - 원전 이연 우려 해소 촉매,눌림후상승,4,8,-5,당일눌림,down,0.25,-2.0,"F1:분할·보류(공포·경계 90);F6-3:강경계 경고(k5 +9.05%);F6-2:force 결측(정성 추정, conviction 하향)",v11.24+retro24,F1;F6,8.0,-5.0,-5.0,5.0,4.0,,,,,,,,,,,,,,,,,,,,,,,,,risk-on,68,90.0,공포(롱 회피·falling knife),False,1.636,55.31,-26.83,6.1,공포(고공/급등 — F1: 롱 회피 검토),2.75,-0.35,308680.0,5.6,16.7,2026-08-14,2026-08-14,567,1970,3.47,inflow,74690.8,10778.1,0,0,-2.37,-127,-92,-55,180,2,0.94,-7.3,9.05,토목 건설업,-0.21,0.3,602.3,63.6,0,20.99,-41.65,6.26,16.5,-1.55,0.83,-24.63,22.82,141310,메가(10조+),KOSPI,True,,,,True,matured,14,18.44,,,,3.36,-4.09,18.44,,,18.44,5,0.0,-4.09,2,23.48,10.17,,,-0.9,19.34,18.44,18.44,12.0,18.44,8.0,,False,True,130400.0,848390,561413,547065,3.93,1.14,-815,1423,-635,-4.45,-5.99,True,-0.88,19.34,3,['대주주/대량보유'],"['임원ㆍ주요주주특정증권등소유상황보고서', '임원ㆍ주요주주특정증권등소유상황보고서', '임원ㆍ주요주주특정증권등소유상황보고서']",False
207940_2026-08-19_pick_h20,207940_2026-08-19_pick,34,2026-08-19,pick,207940,삼성바이오로직스,장투가능,중기,20,0.38,1531000.0,False,부분,ok,세력강도 +63 최상위·거래량 0.5배의 조용한 매집 + OPM 45.4%(+16.4pp)·FCF 3년 연속 흑자 - 과열 없는(RSI 48) 방어 성장주,계단식,15,10,-5,익일이후,down,0.25,-1.5,F1:분할·보류(공포·경계 90);F6-3:강경계 경고(k5 +9.05%);리스크반영:노조 항고심(conviction -0.04),v11.24+retro24,F1;F6;OTHER,10.0,-6.0,-6.0,7.0,4.0,63.0,강한 매집 — 세력 유입,100,48.26,101.8,0.535,71748857000.0,166640353000.0,krx,0,101.8,108.5,0,-22.9,13.8,48.3,False,6,0.59,0,혼조,,,,risk-on,68,90.0,공포(롱 회피·falling knife),False,1.636,55.31,-26.83,6.1,공포(고공/급등 — F1: 롱 회피 검토),2.75,-0.35,308680.0,5.6,16.7,2026-08-14,2026-08-14,567,1970,3.47,inflow,74690.8,10778.1,0,0,-2.37,717,1666,-471,-204,0,0.59,2.9,9.05,기초 의약물질 제조업,0.67,-0.19,1076.9,48.3,0,13.83,-22.09,1.8,5.2,-1.55,0.83,-24.63,22.82,678625,메가(10조+),KOSPI,True,,2026-08-13,6,False,maturing,14,,-5.94,2026-09-08,1440000.0,2.81,2.74,4.44,-1.96,,4.44,5,-9.94,-5.94,14,0.0,,,,,,,,,,,,,,,28670,68356,70341,0.6,0.45,429,-325,-119,-1.57,-2.94,,,,,,,
055550_2026-08-19_pick_h5,055550_2026-08-19_pick,18,2026-08-19,pick,055550,신한지주,단기스윙,단기,5,0.38,106500.0,False,부분,ok,금리 인상 사이클 예대마진 수혜 + 어제 유일 상승 섹터(은행·보험 +2.6%) 순환매 + force +46.9 매집 - 단 OBV 분배 신호로 짧은 호흡,계단식,4,6,-3,당일눌림,down,0.25,-1.0,F1:분할·보류(공포·경계 90);F6-3:강경계 경고(k5 +9.05%);3-차익:obv_divergence 경고(목표·손절 단축),v11.24+retro24,F1;F6;OTHER,6.0,-4.0,-4.0,4.0,3.0,46.9,강한 매집 — 세력 유입,100,60.77,102.19,0.754,25035636150.0,95969662400.0,krx,15,102.2,104.6,0,-6.0,4.6,60.8,True,0,0.03,0,감소,,,,risk-on,68,90.0,공포(롱 회피·falling knife),False,1.636,55.31,-26.83,6.1,공포(고공/급등 — F1: 롱 회피 검토),2.75,-0.35,308680.0,5.6,16.7,2026-08-14,2026-08-14,567,1970,3.47,inflow,74690.8,10778.1,0,0,-2.37,250,960,-23,-126,2,0.03,-45.6,9.05,기타 금융업,0.21,-0.11,1172.3,60.8,0,4.62,-3.18,2.19,24.6,-1.55,0.83,-24.63,22.82,534704,메가(10조+),KOSPI,True,,2026-08-13,6,True,matured,14,0.85,,,,-5.07,-3.0,0.85,,,0.85,5,0.0,-5.07,1,6.23,0.0,,,-0.9,1.75,0.85,0.85,0.85,-5.07,-5.07,1,False,True,107400.0,1122893,1101793,1100738,0.72,1.14,-498,695,-188,-1.41,-4.13,True,-0.88,1.75,1,['대주주/대량보유'],['주식등의대량보유상황보고서(약식)'],False
207940_2026-08-27_pick_h5,207940_2026-08-27_pick,35,2026-08-27,pick,207940,삼성바이오로직스,단기스윙,단기,5,0.5,1599000.0,False,부분,ok,"외국인 5일 +245억·20일 +1,829억 + 기관 동반 순매수, 거래 0.69배 조용한 매집. 20일 +3.2%로 지수 대비 덜 올라 선반영 부담 작음",계단식,4,6.0,-2.5,당일눌림,up,0.45,1.0,F6③:경고(강세추격 구간 문구),v11.31+retro30,F6,6.0,-4.0,-5.0,5.0,6.0,64.0,강한 매집 — 세력 유입,100,65.88,104.01,0.687,24508860000.0,182906625000.0,krx,0,104.0,111.9,3,-19.5,3.2,65.9,False,6,0.65,0,혼조,,,,neutral,48,60.0,공포(롱 회피·falling knife),False,1.652,56.29,-1.19,9.1,공포(고공/급등 — F1: 롱 회피 검토),2.75,-1.98,328480.0,5.6,35.0,2026-08-25,2026-08-25,1492,983,0.66,outflow,-61906.9,-27173.7,4,0,0.29,245,1829,264,-485,0,0.65,8.7,5.21,기초 의약물질 제조업,0.29,-0.56,858.6,65.9,3,3.23,-18.63,4.01,19.6,0.97,1.66,-25.3,21.72,678625,메가(10조+),KOSPI,True,,2026-08-24,3,True,matured,8,-7.63,,,,-7.07,-4.94,-7.63,,,-4.94,3,-2.83,-7.63,5,0.0,-6.13,,,-3.36,-4.27,-7.63,-7.63,-7.63,-7.07,-7.07,1,False,False,1477000.0,29767,52555,53695,0.56,0.65,31,-293,224,0.19,-0.94,True,-4.43,-4.27,,,,
005490_2026-08-27_pick_h5,005490_2026-08-27_pick,2,2026-08-27,pick,005490,POSCO홀딩스,단기스윙,단기,5,0.47,328000.0,False,부분,ok,"K스틸법 전기료 지원 현실화 + 남부권 전기료 인하 + 중국 조강 -6.3% 감산. 외인 20일 +819억·기관 5일 +408억, 섹터 RS 3위인데 종목은 20일 +9.7%로 덜 오름",계단식,4,6.0,-3.0,당일눌림,,,,F6③:경고(강세추격 구간 문구),v11.31+retro30,F6,6.0,-4.5,-5.0,5.0,5.0,64.0,강한 매집 — 세력 유입,100,55.98,102.57,0.487,6430731500.0,81947897000.0,krx,0,102.6,98.9,0,-39.5,9.7,56.0,False,14,0.04,0,감소,,,,neutral,48,60.0,공포(롱 회피·falling knife),False,1.652,56.29,-1.19,9.1,공포(고공/급등 — F1: 롱 회피 검토),2.75,-1.98,328480.0,5.6,35.0,2026-08-25,2026-08-25,1492,983,0.66,outflow,-61906.9,-27173.7,4,0,0.29,64,819,408,-454,1,0.04,-24.2,5.21,1차 철강 제조업,0.07,-0.47,956.1,56.0,0,9.7,-38.69,2.57,4.6,0.97,1.66,-25.3,21.72,265855,메가(10조+),KOSPI,True,,2026-08-24,3,True,matured,8,4.27,,,,2.9,3.96,4.27,,,4.27,5,0.0,0.61,4,3.64,0.61,,,-3.36,7.63,4.27,4.27,4.27,4.27,4.27,,False,True,342000.0,430577,298111,291488,1.08,0.87,-292,793,-476,0.61,0.15,False,-4.43,7.63,,,,
012450_2026-08-27_pick_h5,012450_2026-08-27_pick,20,2026-08-27,pick,012450,한화에어로스페이스,단기스윙,단기,5,0.42,1087000.0,False,부분,ok,독일 등 유럽 방산 수요 확대 + 외인 5일 +389억·20일 +818억. 단 20일 +24.2% 강세추격 구간 — 지수 대비 초과수익은 과열장에서도 유지된 관측이 있으나 원수익 변동성이 크므로 비중 축소·눌림 한정,눌림후상승,5,7.0,-3.5,당일눌림,,,,F6③:경고(강세추격 구간 문구·비중 축소);F7:없음,v11.31+retro30,F6;F7,7.0,-5.0,-5.0,5.0,4.0,60.1,강한 매집 — 세력 유입,100,58.23,102.1,0.382,38948050000.0,81779406500.0,krx,0,102.1,104.1,0,-34.3,24.2,58.2,False,4,0.01,0,증가,,,,neutral,48,60.0,공포(롱 회피·falling knife),False,1.652,56.29,-1.19,9.1,공포(고공/급등 — F1: 롱 회피 검토),2.75,-1.98,328480.0,5.6,35.0,2026-08-25,2026-08-25,1492,983,0.66,outflow,-61906.9,-27173.7,4,0,0.29,389,818,-260,-128,0,0.01,44.9,5.21,"항공기,우주선 및 부품 제조업",0.17,-0.06,2319.7,58.2,0,24.23,-29.28,2.1,12.3,0.97,1.66,-25.3,21.72,535744,메가(10조+),KOSPI,True,,2026-08-24,3,True,matured,8,-3.68,,,,6.44,-2.67,-3.68,,,6.44,1,-11.41,-5.7,4,2.15,-5.7,,,-3.36,-0.32,-3.68,-3.68,-3.68,-5.7,-5.7,4,False,False,1047000.0,139565,209887,213403,0.56,0.44,-425,53,368,2.21,0.83,False,-4.43,-0.32,,,,
267260_2026-08-28_pick_h5,267260_2026-08-28_pick,11,2026-08-28,pick,267260,HD현대일렉트릭,단기스윙,단기,5,0.58,821000.0,False,부분,ok,트럼프 외국산(중국) 전력망 장비 배제 행정명령의 최대 수혜 — 미국 초고압 변압기 공급부족에서 경쟁 제거,눌림후상승,4,9,-3,당일눌림,up,0.52,1.5,,v11.31+retro30,,8.0,-6.0,-5.0,7.0,7.0,61.5,강한 매집 — 세력 유입,100,60.64,110.81,1.42,29382200500.0,113791777000.0,krx,30,110.8,95.6,2,-42.6,40.1,60.6,False,6,0.33,0,증가,,,,neutral,49,40.0,공포(롱 회피·falling knife),True,1.621,55.59,-8.31,9.1,공포(고공/급등 — F1: 롱 회피 검토),3.0,-1.28,331020.0,5.72,40.0,2026-08-26,2026-08-26,1157,1333,1.15,outflow,-73396.0,-13398.0,0,0,-0.39,294,1138,207,-482,0,0.33,14.6,0.87,"전동기, 발전기 및 전기 변환 · 공급 · 제어 장치 제조업",0.25,-0.4,1196.0,60.6,2,40.1,-42.18,10.81,25.6,1.53,2.52,-24.16,23.58,275040,메가(10조+),KOSPI,True,,2026-08-25,3,True,matured,7,-13.03,,,,-4.87,-13.4,-13.03,,,-4.87,1,-9.6,-14.01,4,1.13,-14.01,3,-13.4,-3.26,-9.77,-13.4,-13.4,-13.4,-6.33,-6.33,2,False,False,714000.0,211318,148808,145682,0.96,1.41,-567,-112,666,-0.73,-2.44,True,-2.88,-9.77,,,,
012450_2026-08-28_pick_h5,012450_2026-08-28_pick,21,2026-08-28,pick,012450,한화에어로스페이스,단기스윙,단기,5,0.55,1150000.0,False,부분,ok,미국 포탄·미사일 재고 바닥에 따른 보충 사이클 + K9A2 현지생산 협력 — 실수요 기반 방산 모멘텀,계단식,4,7,-3,당일눌림,up,0.45,0.8,,v11.31+retro30,,7.0,-5.0,-5.0,7.0,6.0,62.3,강한 매집 — 세력 유입,100,59.56,106.32,0.654,24400888000.0,112265861000.0,krx,15,106.3,110.1,1,-30.5,42.0,59.6,False,4,0.0,0,감소,,,,neutral,49,40.0,공포(롱 회피·falling knife),True,1.621,55.59,-8.31,9.1,공포(고공/급등 — F1: 롱 회피 검토),3.0,-1.28,331020.0,5.72,40.0,2026-08-26,2026-08-26,1157,1333,1.15,outflow,-73396.0,-13398.0,0,0,-0.39,244,1123,-125,-126,0,0.0,-20.7,0.87,"항공기,우주선 및 부품 제조업",0.1,-0.05,2366.3,59.6,1,41.98,-25.18,6.32,22.1,1.53,2.52,-24.16,23.58,535744,메가(10조+),KOSPI,True,,2026-08-25,3,True,matured,7,-8.26,,,,-4.17,-10.87,-8.26,,,-4.17,1,-6.99,-10.87,3,2.93,-8.96,3,-10.87,-3.26,-5.0,-10.87,-10.87,-10.87,-8.0,-8.0,2,False,False,1055000.0,116700,201520,205761,0.88,0.46,-563,-43,602,-0.96,-3.22,True,-2.88,-5.0,,,,
373220_2026-08-28_pick_h5,373220_2026-08-28_pick,6,2026-08-28,pick,373220,LG에너지솔루션,단기스윙,단기,5,0.52,370500.0,False,부분,ok,"배터리 국가안보 재평가 + ESS 성장축 교체 테마에서 기관이 최대 금액(+1,070억)을 담은 과열 덜한 후발 자리",계단식,5,8,-4,당일눌림,up,0.48,1.0,,v11.31+retro30,,8.0,-6.0,-5.0,7.0,6.0,64.0,강한 매집 — 세력 유입,100,58.95,105.99,1.423,-33248543750.0,-58081628750.0,krx,0,106.0,103.7,2,-29.7,23.3,58.9,False,4,1.68,8,혼조,,,,neutral,49,40.0,공포(롱 회피·falling knife),True,1.621,55.59,-8.31,9.1,공포(고공/급등 — F1: 롱 회피 검토),3.0,-1.28,331020.0,5.72,40.0,2026-08-26,2026-08-26,1157,1333,1.15,outflow,-73396.0,-13398.0,0,0,-0.39,-332,-581,1070,-465,4,1.68,3.3,0.87,일차전지 및 이차전지 제조업,-0.29,-0.41,1132.4,58.9,2,23.29,-27.92,5.99,17.6,1.53,2.52,-24.16,23.58,848250,메가(10조+),KOSPI,True,,2026-08-25,3,True,matured,7,-3.24,,,,2.02,-6.21,-3.24,,,2.02,1,-8.07,-6.21,3,5.18,-1.35,,,-3.26,0.02,-3.24,-3.24,-3.24,-6.21,-6.21,3,False,False,358500.0,242978,302665,305649,1.41,1.4,90,665,-375,-1.75,-2.7,True,-2.88,0.02,,,,
005930_2026-08-28_pick_h1,005930_2026-08-28_pick,19,2026-08-28,pick,005930,삼성전자,단기스윙,임박,1,0.5,266000.0,False,부분,ok,엔비디아 실적 서프라이즈의 가장 직접적인 국내 낙수(HBM·파운드리) + 외국인 현물 매수 전환,계단식,1,3,-2,당일눌림,up,0.55,1.5,F6:force<20 경고 — 태그를 장전선취매에서 단기스윙으로 강등,v11.31+retro30,F6,4.0,-3.0,-3.0,3.0,5.0,-16.0,분산 우위 — 경계,-100,62.63,105.68,0.557,-1590065181000.0,1922785055500.0,krx,0,105.7,93.3,2,-29.0,27.6,62.6,False,0,0.13,0,증가,,,,neutral,49,40.0,공포(롱 회피·falling knife),True,1.621,55.59,-8.31,9.1,공포(고공/급등 — F1: 롱 회피 검토),3.0,-1.28,331020.0,5.72,40.0,2026-08-26,2026-08-26,1157,1333,1.15,outflow,-73396.0,-13398.0,0,0,-0.39,-15901,19228,-11083,7212,0,0.13,34.5,0.87,통신 및 방송 장비 제조업,-0.22,0.1,72767.7,62.6,2,27.58,-26.62,5.68,22.9,1.53,2.52,-24.16,23.58,15784952,메가(10조+),KOSPI,True,,2026-08-25,3,True,matured,7,-2.26,,,,-2.26,,,,,-2.26,1,0.0,-2.26,1,0.0,,,,-1.34,-0.92,-2.26,-2.26,-2.26,-2.26,-2.26,,False,False,260000.0,15106746,26772976,27356288,0.68,0.68,-5011,-10217,4905,-1.32,-3.76,True,-0.4,-0.92,,,,
033100_2026-08-28_pick_h5,033100_2026-08-28_pick,1,2026-08-28,pick,033100,제룡전기,단기스윙,단기,5,0.42,50100.0,False,부분,ok,"전력장비 행정명령의 소형 순수혜(북미 수출 88%, 배전 변압기) + 대차잔고 10.9만주 급감(공매도 상환)",계단식,5,10,-5,당일눌림,,,,수급 미확인 — conviction 하향·소액,v11.31+retro30,OTHER,10.0,-7.0,-6.0,7.0,3.0,,,,,,,,,,,,,,,,,,,,,,,,,neutral,49,40.0,공포(롱 회피·falling knife),True,1.621,55.59,-8.31,9.1,공포(고공/급등 — F1: 롱 회피 검토),3.0,-1.28,331020.0,5.72,40.0,2026-08-26,2026-08-26,1157,1333,1.15,outflow,-73396.0,-13398.0,0,0,-0.39,23,51,-15,-6,1,10.33,-2.0,0.87,우량기업부,0.31,-0.08,73.7,63.3,4,32.72,-45.25,7.98,30.6,1.53,2.52,-24.16,23.58,7373,중형(3천억+),KOSDAQ,True,,,,True,matured,7,-11.48,,,,-5.09,-11.68,-11.48,,,-5.09,1,-7.68,-12.38,4,1.03,-12.38,3,-11.68,-3.26,-8.22,-11.68,-11.68,-11.68,-7.58,-7.58,2,False,False,44350.0,120182,145812,147094,0.5,0.43,-21,-12,33,-2.4,-3.79,True,-2.88,-8.6,,,,
005380_2026-08-28_short_h5,005380_2026-08-28_short,7,2026-08-28,short,005380,현대차,숏,단기,5,0.5,398000.0,False,,ok,"외인 -2,867억·기관 -2,226억 5일 동반 순매도 + 공매도 거래비중 12.3%·대차 +26만주 + 목표가 하향 러시 + 자사주 처분 오버행 — 가이던스 상향에도 시장이 거부",,,,,,,,,,,,,,,,,-36.3,분산 우위 — 경계,-100,49.32,97.8,1.681,-286685805000.0,-101711829250.0,krx,15,97.8,83.1,0,-49.2,12.6,49.3,True,24,1.47,10,증가,,,,neutral,49,40.0,공포(롱 회피·falling knife),True,1.621,55.59,-8.31,9.1,공포(고공/급등 — F1: 롱 회피 검토),3.0,-1.28,331020.0,5.72,40.0,2026-08-26,2026-08-26,1157,1333,1.15,outflow,-73396.0,-13398.0,0,0,-0.39,-2867,-1017,-2226,5086,4,1.47,13.7,0.87,자동차용 엔진 및 자동차 제조업,-1.09,1.93,2640.1,49.3,0,12.59,-46.93,-2.2,4.7,1.53,2.52,-24.16,23.58,804698,메가(10조+),KOSPI,True,,2026-08-25,3,True,matured,7,-3.64,,,,1.38,-5.03,-3.64,,,1.38,1,-6.32,-5.03,3,1.46,-3.64,,,-3.26,-0.38,-3.64,-3.64,-3.64,,,,False,True,383500.0,438365,652637,663351,0.96,1.25,13,-1856,1826,0.25,-0.13,,-2.88,-0.38,,,,
000270_2026-08-28_short_h5,000270_2026-08-28_short,19,2026-08-28,short,000270,기아,숏,단기,5,0.45,126100.0,False,,ok,"현대차와 동일한 분산 패턴(외인·기관 동반 매도, 세력강도 -30) + 어제 -4.0% 가속 + EV 세단 수요 부진",,,,,,,,,,,,,,,,,-30.5,분산 우위 — 경계,-100,39.0,95.03,1.686,-14334113700.0,185041687900.0,krx,0,95.0,87.9,0,-40.7,4.7,39.0,False,6,0.04,0,증가,,,,neutral,49,40.0,공포(롱 회피·falling knife),True,1.621,55.59,-8.31,9.1,공포(고공/급등 — F1: 롱 회피 검토),3.0,-1.28,331020.0,5.72,40.0,2026-08-26,2026-08-26,1157,1333,1.15,outflow,-73396.0,-13398.0,0,0,-0.39,-143,1850,-736,888,1,0.04,646.0,0.87,자동차용 엔진 및 자동차 제조업,-0.14,0.85,1048.2,39.0,0,4.73,-38.79,-4.97,1.8,1.53,2.52,-24.16,23.58,501290,메가(10조+),KOSPI,True,,2026-08-25,3,True,matured,7,0.32,,,,3.89,-1.35,0.32,,,4.04,2,-5.18,-1.35,3,2.41,1.03,,,-3.26,3.58,0.32,0.32,0.32,,,,False,False,126500.0,820385,830696,831211,0.98,1.17,249,-42,-208,0.08,-0.08,,-2.88,3.58,,,,
373220_2026-08-31_pick_h5,373220_2026-08-31_pick,7,2026-08-31,pick,373220,LG에너지솔루션,단기스윙,단기,5,0.58,370000.0,False,부분,ok,"미국의 외국산 ESS 유입금지 행정명령으로 북미 현지생산 거점 5곳을 완성한 업체가 수혜 구간에 들어섰고, 기관이 5일간 1,572억원을 순매수했는데 주가는 아직 안 올랐다",눌림후상승,4,8,-4,당일눌림,up,0.4,0.3,,v11.33+retro31,,8.0,-5.0,-5.0,5.0,6.0,64.0,강한 매집 — 세력 유입,100,53.91,105.09,0.778,-57449173750.0,-76864250000.0,krx,0,105.1,103.9,0,-29.8,15.6,53.9,False,4,1.69,8,혼조,,,,neutral,47,27.0,공포(롱 회피·falling knife),True,1.612,53.01,-7.42,3.0,공포(고공/급등 — F1: 롱 회피 검토),3.0,-0.91,333290.0,4.5,43.3,2026-08-27,2026-08-27,1597,928,0.58,outflow,-78289.0,-38664.1,1,8,4.55,-574,-769,1572,-664,5,1.69,2.8,-1.79,일차전지 및 이차전지 제조업,-0.53,-0.61,1087.0,53.9,0,15.62,-28.02,5.09,5.9,-1.79,-0.28,-25.52,21.37,848250,메가(10조+),KOSPI,True,,2026-08-26,5,True,matured,6,-2.03,,,,-0.81,-1.22,-2.03,,,-0.81,1,-5.31,-6.08,2,5.18,-3.11,,,3.04,-5.07,-2.03,-2.03,-2.03,-6.08,-6.08,2,False,False,362500.0,425288,300055,293793,1.1,1.41,199,417,-267,-0.54,-1.35,True,-1.93,-5.07,,,,
028050_2026-08-31_pick_h5,028050_2026-08-31_pick,1,2026-08-31,pick,028050,삼성E&A,단기스윙,단기,5,0.52,48750.0,False,부분,ok,"건설이 20일 모멘텀 +47.0%로 전 업종 1위인데 상승 동력이 주택이 아니라 반도체 공장·데이터센터·중동 플랜트이고, 기관이 5일간 363억원을 순매수하는 동안 20일선 이격은 2.0%에 불과하다",눌림후상승,4,8,-4,당일눌림,up,0.39,0.2,,v11.33+retro31,,8.0,-5.0,-5.0,5.0,5.0,52.8,강한 매집 — 세력 유입,100,52.15,102.01,0.786,-18154835125.0,2288540525.0,krx,0,102.0,104.8,0,-27.6,18.9,52.1,False,6,0.23,0,혼조,,,,neutral,47,27.0,공포(롱 회피·falling knife),True,1.612,53.01,-7.42,3.0,공포(고공/급등 — F1: 롱 회피 검토),3.0,-0.91,333290.0,4.5,43.3,2026-08-27,2026-08-27,1597,928,0.58,outflow,-78289.0,-38664.1,1,8,4.55,-182,23,363,-180,1,0.23,-3.7,-1.79,"건축기술, 엔지니어링 및 관련 기술 서비스업",-0.22,-0.21,838.2,52.1,0,18.9,-24.3,2.01,7.1,-1.79,-0.28,-25.52,21.37,94080,대형(1조+),KOSPI,True,,2026-08-26,5,True,matured,6,-1.54,,,,-6.05,-5.44,-1.54,,,-1.54,5,0.0,-10.36,2,9.84,-5.95,2,-10.36,3.04,-4.58,-10.36,-10.36,-10.36,-6.05,-6.05,1,False,False,48000.0,844108,1677664,1719342,0.78,0.62,-100,30,67,-1.54,-5.44,True,-1.93,-4.58,,,,
005490_2026-08-31_pick_h5,005490_2026-08-31_pick,3,2026-08-31,pick,005490,POSCO홀딩스,단기스윙,단기,5,0.52,337500.0,False,미반영,ok,"기관 5일 순매수 1,087억원으로 매집 강도가 포스코퓨처엠·두산에너빌리티와 같은 최상위인데 20일 수익률은 +12.3%로 그들의 4분의 1에 그쳐, 같은 자금이 들어오는데 가격만 덜 반응한 자리다",계단식,5,7,-4,당일눌림,up,0.4,0.2,,v11.33+retro31,,7.0,-5.0,-5.0,5.0,5.0,64.0,강한 매집 — 세력 유입,100,53.55,104.11,0.602,-24044302500.0,43671917250.0,krx,0,104.1,102.5,0,-37.7,12.3,53.6,False,14,0.04,0,감소,,,,neutral,47,27.0,공포(롱 회피·falling knife),True,1.612,53.01,-7.42,3.0,공포(고공/급등 — F1: 롱 회피 검토),3.0,-0.91,333290.0,4.5,43.3,2026-08-27,2026-08-27,1597,928,0.58,outflow,-78289.0,-38664.1,1,8,4.55,-240,437,1087,-836,3,0.04,-35.0,-1.79,1차 철강 제조업,-0.26,-0.9,925.1,53.6,0,12.31,-36.92,4.11,4.6,-1.79,-0.28,-25.52,21.37,265855,메가(10조+),KOSPI,True,,2026-08-26,5,True,matured,6,-0.59,,,,1.04,1.33,-0.59,,,1.33,3,-1.9,-2.22,2,3.64,-0.15,,,3.04,-3.63,-0.59,-0.59,-0.59,-0.59,-0.59,,False,False,335500.0,236398,272308,274103,1.19,0.95,-536,426,140,-0.89,-2.37,True,-1.93,-3.63,,,,
012330_2026-08-31_short_h5,012330_2026-08-31_short,3,2026-08-31,short,012330,현대모비스,숏,단기,5,0.45,450500.0,False,,ok,"외국인 853억원·기관 1,717억원을 5거래일 동안 동시에 순매도해 분산 강도가 조사 대상 최하위이고, 개별주식 옵션 미결제도 풋이 콜의 2.31배로 쌓였으며 미국의 캐나다 관세가 부품업계를 압박한다. 다만 상대강도 36.5의 과매도권이고 공매도 잔고는 10일간 45% 줄어 반등 위험이 있어 확신을 낮게 뒀다",,,,,,,,,,,,,,,,,-46.0,강한 분산 — 떠넘기기 의심,-100,36.55,90.94,1.079,-85344243750.0,89164866500.0,krx,0,90.9,86.7,0,-45.2,1.2,36.5,False,0,0.2,0,감소,,,,neutral,47,27.0,공포(롱 회피·falling knife),True,1.612,53.01,-7.42,3.0,공포(고공/급등 — F1: 롱 회피 검토),3.0,-0.91,333290.0,4.5,43.3,2026-08-27,2026-08-27,1597,928,0.58,outflow,-78289.0,-38664.1,1,8,4.55,-853,892,-1717,2555,1,0.2,-45.4,-1.79,자동차 신품 부품 제조업,-0.63,1.89,1353.4,36.5,0,1.24,-41.34,-9.06,0.5,-1.79,-0.28,-25.52,21.37,388025,메가(10조+),KOSPI,True,,2026-08-26,5,True,matured,6,-4.11,,,,-1.55,-5.99,-4.11,,,-1.55,1,-6.31,-7.77,2,3.97,-6.33,,,3.04,-7.15,-4.11,-4.11,-4.11,,,,False,True,432000.0,490499,309473,300422,0.93,1.5,349,-928,553,-2.11,-3.77,,-1.93,-7.15,,,,
012450_2026-09-01_pick_h5,012450_2026-09-01_pick,22,2026-09-01,pick,012450,한화에어로스페이스,단기스윙,단기,5,0.48,1102000.0,False,부분,ok,"K9 스페인(인드라) 6,675억원+ 수출계약(서유럽 첫) + 공정위 KAI 지분취득 승인 — 재료 확정 후 섹터성 눌림(-4.75%) 진입",눌림후상승,4,9,-4,당일눌림,up,0.55,2.0,F5:수급분산 conviction-0.10;F6:force<+20 경고 병기;F3:외인매도 경고 — 단기 한정,v11.33+retro32,F5;F6;F3,9.0,-6.0,-5.0,7.0,6.0,-21.7,분산 우위 — 경계,-100,44.64,99.68,0.891,-28082112000.0,67061222000.0,krx,0,99.7,105.3,0,-33.4,20.2,44.6,False,4,0.01,0,감소,,,,neutral,52,32.5,공포(롱 회피·falling knife),True,1.618,50.08,-13.7,3.0,공포(고공/급등 — F1: 롱 회피 검토),3.0,-0.51,333380.0,2.84,46.7,2026-08-28,2026-08-28,1107,1378,1.24,outflow,-50897.7,-120169.0,2,30,2.58,-281,671,25,251,2,0.01,-40.4,1.84,"항공기,우주선 및 부품 제조업",-0.13,0.12,2147.3,44.6,0,20.17,-28.3,-0.32,7.6,0.46,-1.34,-25.17,21.93,535744,메가(10조+),KOSPI,True,,2026-08-27,5,True,matured,5,-6.81,,,,-6.99,-4.26,-6.81,,,-4.26,3,-2.65,-6.99,1,2.93,-5.72,,,,,-6.81,-6.81,-6.81,-6.99,-6.99,1,False,False,1027000.0,113852,190998,194855,0.33,0.48,-801,0,795,0.82,-4.72,True,,,,,,
009150_2026-09-01_pick_h5,009150_2026-09-01_pick,17,2026-09-01,pick,009150,삼성전기,단기스윙,단기,5,0.55,1458000.0,False,부분,ok,"외인 +4,149억·기관 +2,303억 5일 동반 순매수(세력강도 +53.6 매집·krx) + AI 서버·전장 MLCC 사이클 — 수급 실측 기반",계단식,4,7,-3,당일눌림,,,,,v11.33+retro32,,7.0,-4.5,-5.0,6.0,7.0,53.6,강한 매집 — 세력 유입,100,61.89,108.1,1.093,414921212500.0,-1582230258000.0,krx,0,108.1,92.9,3,-39.7,27.7,61.9,False,6,0.13,0,증가,,,,neutral,52,32.5,공포(롱 회피·falling knife),True,1.618,50.08,-13.7,3.0,공포(고공/급등 — F1: 롱 회피 검토),3.0,-0.51,333380.0,2.84,46.7,2026-08-28,2026-08-28,1107,1378,1.24,outflow,-50897.7,-120169.0,2,30,2.58,4149,-15822,2304,-6343,0,0.13,20.4,1.84,전자부품 제조업,0.35,-0.53,11945.6,61.9,3,27.67,-35.77,8.1,24.8,0.46,-1.34,-25.17,21.93,1086046,메가(10조+),KOSPI,True,,2026-08-27,5,True,matured,5,-6.04,,,,-3.98,-3.91,-6.04,,,-0.27,4,-5.78,-7.54,2,7.86,-0.27,,,,,-6.04,-6.04,-6.04,-7.54,-7.54,2,False,False,1370000.0,595818,808674,819317,0.68,0.76,-1745,-1282,2957,-1.23,-3.43,True,,,,,,
034020_2026-09-01_pick_h5,034020_2026-09-01_pick,13,2026-09-01,pick,034020,두산에너빌리티,단기스윙,단기,5,0.45,82500.0,False,부분,ok,"기관 5일 +3,219억 매집 + 신용·대차 동반 감소(숏커버) + 원전 수주 사이클 — 어제 -6.46%는 건설·기계 섹터 동반 차익실현 성격",눌림후상승,4,9,-5,당일눌림,,,,F3:당일 외인 대량매도 경고,v11.33+retro32,F3,9.0,-6.0,-6.0,7.0,5.0,55.2,강한 매집 — 세력 유입,100,53.49,104.95,1.349,-66664170200.0,-229943112200.0,krx,0,104.9,102.1,0,-40.7,23.0,53.5,False,6,0.46,0,증가,,,,neutral,52,32.5,공포(롱 회피·falling knife),True,1.618,50.08,-13.7,3.0,공포(고공/급등 — F1: 롱 회피 검토),3.0,-0.51,333380.0,2.84,46.7,2026-08-28,2026-08-28,1107,1378,1.24,outflow,-50897.7,-120169.0,2,30,2.58,-667,-2299,3219,-2563,1,0.46,43.9,1.84,일반 목적용 기계 제조업,-0.31,-1.2,2141.5,53.5,0,22.95,-39.52,4.95,8.6,0.46,-1.34,-25.17,21.93,563053,메가(10조+),KOSPI,True,,2026-08-27,5,True,matured,5,8.48,,,,-7.15,-4.0,8.48,,,8.48,5,0.0,-7.15,1,16.84,6.55,,,,,8.48,8.48,8.48,-7.15,-7.15,1,False,True,89500.0,1522827,2544613,2595703,2.26,0.75,-1127,2136,-1061,0.12,-2.91,True,,,,,,
196170_2026-09-01_pick_h5,196170_2026-09-01_pick,20,2026-09-01,pick,196170,알테오젠,단기스윙,단기,5,0.44,307500.0,False,미반영,ok,세력강도 +64 매집(krx) + RSI 36.8 과매도 눌림 + 외인 5일 +183억 — 헬스케어(코스닥) RS 2위 섹터의 되돌림 자리,눌림후상승,5,8,-5,당일눌림,,,,F8:고유촉매 부재 — 소액 제한,v11.33+retro32,F8,8.0,-5.0,-6.0,7.0,4.0,64.0,강한 매집 — 세력 유입,100,36.81,100.02,1.107,18259871000.0,38699687500.0,krx,0,100.0,114.4,0,-29.8,29.5,36.8,False,14,2.26,8,혼조,,,,neutral,52,32.5,공포(롱 회피·falling knife),True,1.618,50.08,-13.7,3.0,공포(고공/급등 — F1: 롱 회피 검토),3.0,-0.51,333380.0,2.84,46.7,2026-08-28,2026-08-28,1107,1378,1.24,outflow,-50897.7,-120169.0,2,30,2.58,183,387,10,-223,1,2.26,2.3,1.84,우량기업부,0.1,-0.13,1764.8,36.8,0,29.54,-28.51,0.02,11.1,0.46,-1.34,-25.17,21.93,199214,메가(10조+),KOSDAQ,True,,2026-08-27,5,True,matured,5,-9.92,,,,-2.93,-6.18,-9.92,,,-2.93,1,-7.2,-9.92,5,0.0,-6.99,5,-9.92,,,-9.92,-9.92,-9.92,-7.97,-7.97,2,False,False,277000.0,281391,559993,573923,3.96,1.17,-1267,-1683,3083,-1.3,-3.25,True,,,,,,
083450_2026-09-01_pick_h5,083450_2026-09-01_pick,1,2026-09-01,pick,083450,GST,단기스윙,단기,5,0.42,44200.0,False,부분,ok,엔비디아 H200 액침냉각 장비 가동 실적 + 하반기 TSMC 수주 기대(IBK 등 3리포트 매수) + 어제 외인 +3.8만주(0231/0261 캡처) — 중소형 고변동,계단식,5,10,-6,당일눌림,,,,F8:중소형 고변동 — 소액 제한,v11.33+retro32,F8,10.0,-6.5,-7.0,8.0,4.0,,,,,,,,,,,,,,,,,,,,,,,,,neutral,52,32.5,공포(롱 회피·falling knife),True,1.618,50.08,-13.7,3.0,공포(고공/급등 — F1: 롱 회피 검토),3.0,-0.51,333380.0,2.84,46.7,2026-08-28,2026-08-28,1107,1378,1.24,outflow,-50897.7,-120169.0,2,30,2.58,23,67,-32,9,0,0.17,-68.5,1.84,우량기업부,0.39,0.15,58.9,29.3,0,3.15,-33.53,-5.23,1.2,0.46,-1.34,-25.17,21.93,8063,중형(3천억+),KOSDAQ,True,,,,True,matured,5,-3.28,,,,0.57,-2.71,-3.28,,,0.57,1,-7.42,-6.9,2,6.32,-1.02,,,,,-3.28,-3.28,-3.28,-6.9,-6.9,2,False,False,42750.0,46528,129078,133206,0.96,1.13,-5,-10,14,-0.45,-3.39,True,,,,,,
047810_2026-09-01_short_h5,047810_2026-09-01_short,19,2026-09-01,short,047810,한국항공우주,숏,단기,5,0.4,131000.0,False,,ok,"세력강도 -48.7 강한 분산 + 공매도 잔고비중 6.24%(관심군 최고) + 방산 4사 중 유일 글로벌 순위 하락(62→74위) — 컨센(매수)과 반대인 단기 수급 콜, 스퀴즈 대비 손절 +8% 넓게·분할",,,,,,,,,,,,,,,,,-48.7,강한 분산 — 떠넘기기 의심,-97.9,33.43,94.28,2.83,-3044917250.0,-85023366700.0,krx,0,94.3,91.6,0,-39.2,2.9,33.4,False,6,6.24,25,혼조,,,,neutral,52,32.5,공포(롱 회피·falling knife),True,1.618,50.08,-13.7,3.0,공포(고공/급등 — F1: 롱 회피 검토),3.0,-0.51,333380.0,2.84,46.7,2026-08-28,2026-08-28,1107,1378,1.24,outflow,-50897.7,-120169.0,2,30,2.58,-30,-850,-37,67,0,6.24,0.8,1.84,"항공기,우주선 및 부품 제조업",-0.05,0.12,557.3,33.4,0,2.91,-35.15,-5.72,1.1,0.46,-1.34,-25.17,21.93,126133,메가(10조+),KOSPI,True,,2026-08-27,5,True,matured,5,-2.44,,,,-6.41,-3.44,-2.44,,,-1.22,4,-1.24,-6.41,1,5.55,-1.22,,,,,-2.44,-2.44,-2.44,,,,False,True,127800.0,543734,431078,425445,0.55,0.76,-125,-231,350,2.37,-4.2,,,,,,,
373220_2026-09-02_pick_h5,373220_2026-09-02_pick,8,2026-09-02,pick,373220,LG에너지솔루션,단기스윙,단기,5,0.52,367000.0,False,부분,ok,"미 스맥오버 탄산리튬 10년·8만톤(약 2조) 계약 + 미국 중국산 배터리 배제로 ESS 반사수혜. 기관 5일 +1,191억·force +64(krx)·OBV 100 매집 실측",눌림후상승,4,8,-4,당일눌림,down,0.2,-2.5,F1:공포국면-눌림분할·롱축소,v11.33+retro33,F1,8.0,-6.0,-5.0,6.0,6.0,64.0,강한 매집 — 세력 유입,100,54.94,102.77,1.139,-12798089000.0,-42847454000.0,krx,0,102.8,103.5,0,-30.4,16.1,54.9,False,4,1.7,8,혼조,,,,neutral,48,29.5,공포(롱 회피·falling knife),True,1.616,46.05,-18.87,3.0,공포(고공/급등 — F1: 롱 회피 검토),3.0,-0.51,332530.0,1.92,43.3,2026-08-31,2026-08-31,1132,1372,1.21,outflow,-20503.2,-96158.5,3,18,-0.71,-128,-428,1191,-698,0,1.7,3.4,1.38,일차전지 및 이차전지 제조업,-0.12,-0.65,1075.5,54.9,0,16.14,-28.6,2.77,6.1,0.23,0.69,-25.0,22.21,848250,메가(10조+),KOSPI,True,,2026-08-28,5,False,maturing,4,,-5.04,2026-09-08,348500.0,-0.41,-1.23,,,,-0.41,1,-4.65,-5.04,4,0.0,,,,,,,,,,,,,,,423643,299264,293045,1.43,1.3,-94,-141,511,-2.04,-5.86,True,,,,,,
105560_2026-09-02_pick_h5,105560_2026-09-02_pick,8,2026-09-02,pick,105560,KB금융,단기스윙,단기,5,0.45,171200.0,False,미반영,ok,금리 상승기 이자이익 개선 + 어제 은행·보험 업종 +2.15% 실측 + 기관 5일 +562억·force +64·개별옵션 콜 우위. 리스크: 부실채권 8년 최대 보도,계단식,4,6,-3,당일눌림,down,0.25,-1.2,F1:공포국면-눌림분할·롱축소,v11.33+retro33,F1,6.0,-5.0,-4.0,5.0,5.0,64.0,강한 매집 — 세력 유입,100,57.82,101.69,1.305,-16656574400.0,-5138561050.0,krx,0,101.7,102.7,0,-12.0,1.0,57.8,False,19,0.0,0,감소,,,,neutral,48,29.5,공포(롱 회피·falling knife),True,1.616,46.05,-18.87,3.0,공포(고공/급등 — F1: 롱 회피 검토),3.0,-0.51,332530.0,1.92,43.3,2026-08-31,2026-08-31,1132,1372,1.21,outflow,-20503.2,-96158.5,3,18,-0.71,-167,-51,562,-381,3,0.0,-69.9,1.38,기타 금융업,-0.09,-0.21,1783.9,57.8,0,1.0,-8.06,1.69,8.0,0.23,0.69,-25.0,22.21,623896,메가(10조+),KOSPI,True,,2026-08-28,5,False,maturing,4,,1.46,2026-09-08,173700.0,3.91,2.75,,,,3.91,1,-3.32,0.47,2,2.27,,,,,,,,,,,,,,,1402814,1059158,1041975,1.44,1.27,-820,1194,-364,-0.99,-1.46,True,,,,,,
083450_2026-09-02_pick_h5,083450_2026-09-02_pick,2,2026-09-02,pick,083450,GST,단기스윙,단기,5,0.38,43350.0,False,부분,ok,"엔비디아 H200 서버 액침냉각 장비 가동 실적 + S-OIL 실증 MOU + 하반기 TSMC 수주 기대(IBK 매수). 세력강도 풀 밖 — 수급 정성 추정, 코스닥 고베타 갭하락 위험으로 소액",눌림후상승,4,9,-5,당일눌림,,,,F1:공포국면-눌림분할·롱축소,v11.33+retro33,F1,9.0,-7.0,-6.0,7.0,3.0,,,,,,,,,,,,,,,,,,,,,,,,,neutral,48,29.5,공포(롱 회피·falling knife),True,1.616,46.05,-18.87,3.0,공포(고공/급등 — F1: 롱 회피 검토),3.0,-0.51,332530.0,1.92,43.3,2026-08-31,2026-08-31,1132,1372,1.21,outflow,-20503.2,-96158.5,3,18,-0.71,23,66,-22,0,1,0.16,-71.3,1.38,우량기업부,0.41,0.0,56.5,19.8,0,-1.37,-34.81,-6.99,0.0,0.23,0.69,-25.0,22.21,8063,중형(3천억+),KOSDAQ,True,,,,False,maturing,4,,-1.38,2026-09-08,42750.0,-5.07,0.92,,,,0.92,3,-2.29,-5.07,1,6.32,,,,,,,,,,,,,,,123286,129903,130234,0.91,1.12,-5,-10,14,-2.77,-3.34,True,,,,,,
083450_2026-09-03_pick_h5,083450_2026-09-03_pick,3,2026-09-03,pick,083450,GST,단기스윙,단기,5,0.48,44450.0,False,부분,ok,엔비디아 H200 서버 액침냉각 장비 가동+TSMC 수주 기대 — 급락일 +2.54% 역주행에 외인·기관 동반 순매수[캡처],계단식,4,12,-4,당일눌림,up,0.52,2.0,F1:롱축소·분할;F8:conviction상한0.5,v11.33+retro33,F1;F8,10.0,-6.0,-5.0,7.0,4.0,,,,,,,,,,,,,,,,,,,,,,,,,risk-off,31,59.5,공포(롱 회피·falling knife),False,1.576,44.03,-21.78,3.0,공포(고공/급등 — F1: 롱 회피 검토),3.0,-0.93,334300.0,1.77,51.7,2026-09-01,2026-09-01,498,2033,4.08,outflow,-37197.6,-108318.1,4,18,-2.77,24,68,-14,-11,0,0.17,-62.8,-3.61,우량기업부,0.41,-0.19,58.0,25.8,1,-2.52,-33.16,-4.52,2.5,-3.99,-3.77,-28.0,17.33,8063,중형(3천억+),KOSDAQ,True,,,,False,maturing,3,,-3.82,2026-09-08,42750.0,-3.26,-3.82,,,,-1.57,2,-2.29,-3.82,3,0.0,,,,,,,,,,,,,,,145354,131176,130468,0.9,0.56,-7,-17,23,0.0,-8.21,True,,,,,,
373220_2026-09-03_pick_h5,373220_2026-09-03_pick,9,2026-09-03,pick,373220,LG에너지솔루션,단기스윙,단기,5,0.45,347500.0,False,부분,ok,"세력강도 +61.7 강한 매집(외인 5일 +136억·기관 +894억) — AIDC/ESS 수요 서사에 급락일 눌림, 손실분 대부분 지수 베타",눌림후상승,4,9,-3,당일눌림,up,0.5,1.5,F1:롱축소·분할;F8:conviction상한0.5,v11.33+retro33,F1;F8,8.0,-6.0,-5.0,7.0,4.0,61.7,강한 매집 — 세력 유입,100,46.13,97.05,1.446,13592415000.0,-24842165500.0,krx,0,97.0,98.2,0,-34.1,5.8,46.1,False,4,1.72,8,혼조,,,,risk-off,31,59.5,공포(롱 회피·falling knife),False,1.576,44.03,-21.78,3.0,공포(고공/급등 — F1: 롱 회피 검토),3.0,-0.93,334300.0,1.77,51.7,2026-09-01,2026-09-01,498,2033,4.08,outflow,-37197.6,-108318.1,4,18,-2.77,136,-248,894,-640,0,1.72,4.2,-3.61,일차전지 및 이차전지 제조업,0.13,-0.61,1044.9,46.1,0,5.78,-32.39,-2.95,2.2,-3.99,-3.77,-28.0,17.33,848250,메가(10조+),KOSPI,True,,2026-08-31,3,False,maturing,3,,0.29,2026-09-08,348500.0,3.17,0.29,,,,4.32,2,-3.86,0.29,3,0.0,,,,,,,,,,,,,,,426976,306713,300700,0.58,1.27,-288,12,477,1.87,0.29,False,,,,,,
105560_2026-09-03_pick_h5,105560_2026-09-03_pick,9,2026-09-03,pick,105560,KB금융,단기스윙,단기,5,0.42,169100.0,False,부분,ok,"폭락장 방어(지수 대비 +2.8%p)+세력강도 +57 기관 매집, 은행·보험 섹터 상대강도 2위 — 배당 재투자·고금리 마진 우호",계단식,4,7,-3,당일눌림,up,0.5,1.0,F1:롱축소·분할;F8:conviction상한0.5,v11.33+retro33,F1;F8,6.0,-5.0,-4.0,5.0,5.0,57.4,강한 매집 — 세력 유입,100,55.02,100.43,1.346,-23619377450.0,-22515840950.0,krx,0,100.4,101.2,0,-13.1,0.2,55.0,False,19,0.0,0,감소,,,,risk-off,31,59.5,공포(롱 회피·falling knife),False,1.576,44.03,-21.78,3.0,공포(고공/급등 — F1: 롱 회피 검토),3.0,-0.93,334300.0,1.77,51.7,2026-09-01,2026-09-01,498,2033,4.08,outflow,-37197.6,-108318.1,4,18,-2.77,-236,-225,587,-358,4,0.0,-40.5,-3.61,기타 금융업,-0.13,-0.2,1817.7,55.0,0,0.18,-9.18,0.43,2.1,-3.99,-3.77,-28.0,17.33,623896,메가(10조+),KOSPI,True,,2026-08-31,3,False,maturing,3,,2.72,2026-09-08,173700.0,1.71,2.72,,,,4.02,2,-1.25,1.71,1,2.27,,,,,,,,,,,,,,,1523951,1096305,1074923,0.59,1.23,-737,1097,-330,1.48,0.18,False,,,,,,
000270_2026-09-04_pick_h5,000270_2026-09-04_pick,20,2026-09-04,pick,000270,기아,단기스윙,단기,5,0.48,127400.0,False,미반영,ok,"세력강도 +64(krx)·외국인 5일 +336억/20일 +1,300억 매집, 대차잔고 -52만주(커버링, 캡처)에 8월 미국 판매 기아 역대 최다·임단협 무분규 타결(8/28) — RSI 38로 과열 없음",계단식,4,8,-3,당일눌림,up,0.52,1.5,F1:공포국면-축소운영(소액·분할);F8:롱확신상한0.5;F5:옵션풋우위-확신하향,v11.33+retro35,F1;F8;F5,8.0,-5.0,-4.0,5.0,5.0,64.0,강한 매집 — 세력 유입,100,38.32,96.11,1.015,33642862350.0,129989396200.0,krx,0,96.1,90.6,1,-40.0,-4.2,38.3,False,6,0.03,0,증가,,,,risk-off,36,32.5,공포(롱 회피·falling knife),True,1.539,43.37,-21.98,3.0,공포(고공/급등 — F1: 롱 회피 검토),3.0,-1.1,334400.0,1.02,53.3,2026-09-02,2026-09-02,954,1541,1.62,outflow,-42245.5,-120509.9,0,30,-5.66,336,1300,2,-337,0,0.03,207.9,-4.82,자동차용 엔진 및 자동차 제조업,0.33,-0.33,1021.5,38.3,1,-4.21,-38.16,-3.89,2.5,0.26,-3.75,-27.81,17.63,501290,메가(10조+),KOSPI,True,,2026-09-01,3,False,maturing,2,,-1.57,2026-09-08,125400.0,0.78,,,,,0.78,1,-2.34,-1.57,2,0.0,,,,,,,,,,,,,,,977137,810140,801790,0.89,0.66,-119,-200,317,4.16,-1.33,True,,,,,,
032830_2026-09-04_pick_h5,032830_2026-09-04_pick,8,2026-09-04,pick,032830,삼성생명,단기스윙,단기,5,0.42,303000.0,False,부분,ok,"세력강도 +64(krx, 기관 5일 +338억)·은행·보험 업종 RS 1위 순환매·60일선 이격 89로 미과열·옵션 PCR 0.91 중립 — 급락장에서 기관이 담는 방어적 금융주",계단식,4,7,-3,당일눌림,up,0.48,1.0,F1:공포국면-축소운영(소액·분할);F8:롱확신상한0.5,v11.33+retro35,F1;F8,7.0,-4.5,-4.0,4.0,4.0,64.0,강한 매집 — 세력 유입,100,52.72,101.86,0.747,-15984024000.0,-94238068750.0,krx,0,101.9,88.9,1,-41.3,3.1,52.7,False,6,0.05,0,증가,,,,risk-off,36,32.5,공포(롱 회피·falling knife),True,1.539,43.37,-21.98,3.0,공포(고공/급등 — F1: 롱 회피 검토),3.0,-1.1,334400.0,1.02,53.3,2026-09-02,2026-09-02,954,1541,1.62,outflow,-42245.5,-120509.9,0,30,-5.66,-160,-942,338,-173,0,0.05,35.3,-4.82,보험업,-0.11,-0.12,1418.6,52.7,1,3.06,-39.03,1.86,3.6,0.26,-3.75,-27.81,17.63,624000,메가(10조+),KOSPI,True,,2026-09-01,3,False,maturing,2,,1.65,2026-09-08,308000.0,2.97,,,,,2.97,1,-1.28,1.65,2,0.0,,,,,,,,,,,,,,,292663,459830,468188,0.56,0.57,-139,253,-130,0.66,-2.81,True,,,,,,
042660_2026-09-04_pick_h5,042660_2026-09-04_pick,14,2026-09-04,pick,042660,한화오션,단기스윙,단기,5,0.4,86500.0,False,부분,ok,"대만 양밍 LNG추진 컨테이너선 6척 1.55조 수주(9/3, 다수 매체)로 사흘새 2조 수주·세력강도 +50(krx)·외국인 20일 +1,598억 — 단 Arctic LNG 2 의 10억달러(1.37조) 중재 청구 공시가 상존",눌림후상승,4,8,-4,당일눌림,up,0.5,1.5,F1:공포국면-축소운영(소액·분할);F8:롱확신상한0.5;오버행:중재청구-확신하향,v11.33+retro35,F1;F8;OTHER,8.0,-5.0,-5.0,6.0,4.0,50.2,강한 매집 — 세력 유입,100,44.26,97.65,1.284,9921262950.0,159768474600.0,krx,0,97.7,91.7,1,-44.1,-5.9,44.3,False,6,0.57,0,감소,,,,risk-off,36,32.5,공포(롱 회피·falling knife),True,1.539,43.37,-21.98,3.0,공포(고공/급등 — F1: 롱 회피 검토),3.0,-1.1,334400.0,1.02,53.3,2026-09-02,2026-09-02,954,1541,1.62,outflow,-42245.5,-120509.9,0,30,-5.66,99,1598,28,-119,0,0.57,-23.1,-4.82,선박 및 보트 건조업,0.13,-0.15,769.1,44.3,1,-5.88,-42.29,-2.35,2.5,0.26,-3.75,-27.81,17.63,267499,메가(10조+),KOSPI,True,,2026-09-01,3,False,maturing,2,,-0.46,2026-09-08,86100.0,0.92,,,,,0.92,1,-1.37,-0.46,2,0.0,,,,,,,,,,,,,,,386896,865240,889157,0.6,0.77,36,36,-73,0.35,-1.39,True,,,,,,
005930_2026-09-07_pick_h20,005930_2026-09-07_pick,20,2026-09-07,pick,005930,삼성전자,장투가능,중기,20,0.55,266500.0,False,부분,ok,"오픈AI 차세대 모델 공개로 메모리 수요 기대가 재점화된 가운데, 금요일 국내 장에서 외국인 69.7만주·기관 306만주가 개인 물량을 받아냈다. 52주 고가 대비 -31.8%로 가격 위치가 낮아 소진성 매수가 아닌 회복성 매수로 판단한다.",눌림후상승,12,12,-5,당일눌림,up,0.46,0.4,F7:테마편중-반도체3종-합산13%,v11.38+retro36,F7,10.0,-6.0,-6.0,7.0,6.0,-25.8,분산 우위 — 경계,-100,42.34,99.37,0.638,-515959730500.0,-451638368500.0,krx,0,99.4,91.9,1,-31.8,10.8,42.3,False,0,0.13,0,혼조,,,,neutral,44,4.5,눌림목(역추세 롱 기회),True,,42.42,-19.98,3.0,공포(고공/급등 — F1: 롱 회피 검토),3.0,-1.51,335420.0,0.64,55.0,2026-09-03,2026-09-03,1748,745,0.43,outflow,-25107.5,-77261.1,0,18,-2.97,-5160,-4516,-10051,-10037,1,0.13,1.8,-1.5,통신 및 방송 장비 제조업,-0.09,-0.18,56987.9,42.3,1,10.85,-29.52,-0.63,6.6,1.64,1.9,-26.63,19.55,15784952,메가(10조+),KOSPI,True,,2026-09-02,5,False,maturing,1,,1.13,2026-09-08,269500.0,1.13,,,,,1.13,1,0.0,1.13,1,0.0,,,,,,,,,,,,,,,18314016,21237643,21383824,1.07,1.07,18039,18863,-46948,0.19,-0.94,True,,,,,,
357780_2026-09-07_pick_h20,357780_2026-09-07_pick,2,2026-09-07,pick,357780,솔브레인,장투가능,중기,20,0.5,343000.0,False,부분,ok,"갭 이전 5거래일 외국인 순매수 +125억으로, 오늘 검토한 반도체 체인 후보 중 유일하게 재료 전부터 자금이 들어와 있던 종목이다. 고순도 불산계 식각액 국내 점유율 85% 상회, HBM 확대 시 연마용 슬러리 비중이 함께 커지는 구조다.",눌림후상승,12,14,-6,당일눌림,,,,F7:테마편중-반도체3종-합산13%,v11.38+retro36,F7,12.0,-7.0,-6.0,7.0,4.0,23.2,매집 우위,12.2,51.92,99.18,0.817,12550121250.0,21908187500.0,krx,0,99.2,101.5,1,-38.7,9.2,51.9,False,0,0.48,0,증가,,,,neutral,44,4.5,눌림목(역추세 롱 기회),True,,42.42,-19.98,3.0,공포(고공/급등 — F1: 롱 회피 검토),3.0,-1.51,335420.0,0.64,55.0,2026-09-03,2026-09-03,1748,745,0.43,outflow,-25107.5,-77261.1,0,18,-2.97,126,219,-113,-13,0,0.48,14.9,-1.5,우량기업부,1.28,-0.13,98.6,51.9,1,9.24,-35.13,-0.82,6.0,1.64,1.9,-26.63,19.55,26486,대형(1조+),KOSDAQ,True,,2026-09-02,5,False,maturing,1,,-5.1,2026-09-08,325500.0,-5.1,,,,,-5.1,1,0.0,-5.1,1,0.0,,,,,,,,,,,,,,,38474,29217,28755,0.87,0.87,10,6,-16,-2.48,-3.35,True,,,,,,
095340_2026-09-07_pick_h5,095340_2026-09-07_pick,12,2026-09-07,pick,095340,ISC,단기스윙,단기,5,0.44,188300.0,False,부분,ok,반도체 검사용 소켓 소모품으로 메모리 생산 증가가 물량으로 직결된다. 대차잔고가 10일간 -60.7% 감소해 하락 베팅이 빠져나간 자리에 기관이 5일간 232억을 순매수했다. 2025년 영업이익률 27.3%·부채비율 15.9%로 재무 완충도 두껍다.,눌림후상승,3,9,-5,당일눌림,,,,F6:과열경고-3일연속상승;F7:테마편중-반도체3종-합산13%,v11.38+retro36,F6;F7,8.0,-6.0,-5.0,7.0,3.0,44.8,강한 매집 — 세력 유입,57.5,60.3,112.38,1.078,-17475138450.0,-30260007350.0,krx,30,112.4,113.4,3,-37.8,33.5,60.3,False,6,0.1,0,감소,,,,neutral,44,4.5,눌림목(역추세 롱 기회),True,,42.42,-19.98,3.0,공포(고공/급등 — F1: 롱 회피 검토),3.0,-1.51,335420.0,0.64,55.0,2026-09-03,2026-09-03,1748,745,0.43,outflow,-25107.5,-77261.1,0,18,-2.97,-175,-303,232,-56,2,0.1,-60.7,-1.5,우량기업부,-0.57,-0.18,305.2,60.3,3,33.53,-32.84,12.38,25.4,1.64,1.9,-26.63,19.55,39427,대형(1조+),KOSDAQ,True,,2026-09-02,5,False,maturing,1,,-2.81,2026-09-08,183000.0,-2.81,,,,,-2.81,1,0.0,-2.81,1,0.0,,,,,,,,,,,,,,,156080,161796,162082,0.64,0.64,-88,67,19,-0.16,-1.43,True,,,,,,
000660_2026-09-08_pick_h5,000660_2026-09-08_pick,19,2026-09-08,pick,000660,SK하이닉스,단기스윙,단기,5,0.58,1783000.0,False,부분,ok,"외인 5일 +5,779억 순매수 전환 + 9/7 외인 99.8만주·기관 57.1만주 동반 매수[캡처] + 대차잔고 감소(숏커버) + 목표가 230만 상향. 세력강도 +59.7 강한 매집(krx)",눌림후상승,4,9,-3.5,당일눌림,up,0.55,1.5,F6③:강세추격 경고(k5 +2.57%);예외2:저점권 회복 국면(52주고가 대비 -40%),v11.33+retro31,F6;OTHER,8.0,-5.0,-5.0,6.0,8.0,59.7,강한 매집 — 세력 유입,100,56.64,109.4,0.898,577891565500.0,-2330385615000.0,krx,0,109.4,91.6,2,-40.3,25.4,56.6,False,39,0.06,0,혼조,,,,risk-on,79,17.0,중립,True,1.481,39.33,-21.47,3.0,공포(고공/급등 — F1: 롱 회피 검토),3.0,-1.55,335960.0,0.77,58.3,2026-09-04,2026-09-04,1311,1188,0.91,inflow,7029.0,-40905.1,0,8,-1.45,5779,-23304,-2179,-56998,0,0.06,8.5,2.57,반도체 제조업,,,,56.6,2,25.39,-38.92,9.4,16.1,4.61,6.32,-23.25,25.06,13024679,메가(10조+),KOSPI,True,,2026-09-03,5,False,maturing,0,,,,,,,,,,,,,,,,,,,,,,,,,,,,,,,,,,,,,,0.9,-0.34,True,,,,,,
009150_2026-09-08_pick_h5,009150_2026-09-08_pick,18,2026-09-08,pick,009150,삼성전기,단기스윙,단기,5,0.5,1454000.0,False,부분,ok,"AI 서버 MLCC·FC-BGA 수요 + 외인 5일 +1,314억 순매수 전환(force +51.4 krx). RSI 51·이격도 105%로 반도체 대장보다 덜 올라 따라잡기 여지",계단식,4,8,-3,당일눌림,up,0.52,1.2,F6③:강세추격 경고(k5 +2.57%),v11.33+retro31,F6,7.0,-5.0,-5.0,6.0,6.0,51.4,강한 매집 — 세력 유입,100,51.24,104.69,0.716,131411195000.0,-546675690500.0,krx,0,104.7,94.6,2,-39.8,13.8,51.2,False,6,0.11,0,감소,,,,risk-on,79,17.0,중립,True,1.481,39.33,-21.47,3.0,공포(고공/급등 — F1: 롱 회피 검토),3.0,-1.55,335960.0,0.77,58.3,2026-09-04,2026-09-04,1311,1188,0.91,inflow,7029.0,-40905.1,0,8,-1.45,1314,-5467,-38,-1396,0,0.11,-17.9,2.57,전자부품 제조업,,,,51.2,2,13.77,-35.95,4.69,10.2,4.61,6.32,-23.25,25.06,1086046,메가(10조+),KOSPI,True,,2026-09-03,5,False,maturing,0,,,,,,,,,,,,,,,,,,,,,,,,,,,,,,,,,,,,,,0.14,-5.85,True,,,,,,
042660_2026-09-08_pick_h5,042660_2026-09-08_pick,15,2026-09-08,pick,042660,한화오션,단기스윙,단기,5,0.48,87300.0,False,미반영,ok,9/3 1.5조 수주 + 기관 5일 +151억 매집(force +50.6 krx) + RSI 43·20일 -2.3%로 눌림 자리. 업종(기계·조선) 20일 모멘텀 +11.9% RS 1위,계단식,5,8,-3,당일시가,up,0.5,1.0,,v11.33+retro31,,7.0,-5.0,-5.0,6.0,6.0,50.6,강한 매집 — 세력 유입,100,43.43,98.89,0.597,59614800.0,143251044650.0,krx,0,98.9,93.2,3,-43.6,-2.3,43.4,False,6,0.55,0,감소,,,,risk-on,79,17.0,중립,True,1.481,39.33,-21.47,3.0,공포(고공/급등 — F1: 롱 회피 검토),3.0,-1.55,335960.0,0.77,58.3,2026-09-04,2026-09-04,1311,1188,0.91,inflow,7029.0,-40905.1,0,8,-1.45,1,1433,151,-149,2,0.55,-24.4,2.57,선박 및 보트 건조업,,,,43.4,3,-2.35,-41.76,-1.11,7.5,4.61,6.32,-23.25,25.06,267499,메가(10조+),KOSPI,True,,2026-09-03,5,False,maturing,0,,,,,,,,,,,,,,,,,,,,,,,,,,,,,,,,,,,,,,1.37,-1.37,True,,,,,,
034020_2026-09-08_pick_h5,034020_2026-09-08_pick,14,2026-09-08,pick,034020,두산에너빌리티,단기스윙,단기,5,0.4,87900.0,False,부분,ok,"대미투자 1호 텍사스 가스발전소 유력 + 대형 원전 8기 검토(연합·조선 9/7 교차) — 다음 주 발표 가능. 9/7 외인 34만주·기관 115만주 매수[캡처]. 단 force +5 중립, 거래량 2.4배(F6① 경계 근접), KRX 기준 외인 6일 연속 순매도와 캡처가 어긋남",눌림후상승,5,10,-5,당일눌림,up,0.48,1.0,F6①:vol_ratio 2.42 경고·분할;F6②:force<20 경고·최소비중;F6③:강세추격 경고;F5:외인분배 -0.1,v11.33+retro31,F6;F5,8.0,-6.0,-6.0,7.0,3.0,5.0,중립/관망,-21.7,61.63,109.51,2.416,-93423597550.0,-301636341500.0,krx,0,109.5,109.9,1,-36.9,14.0,61.6,False,6,0.53,20,증가,,,,risk-on,79,17.0,중립,True,1.481,39.33,-21.47,3.0,공포(고공/급등 — F1: 롱 회피 검토),3.0,-1.55,335960.0,0.77,58.3,2026-09-04,2026-09-04,1311,1188,0.91,inflow,7029.0,-40905.1,0,8,-1.45,-934,-3016,913,-57,6,0.53,31.0,2.57,일반 목적용 기계 제조업,,,,61.6,1,14.01,-35.56,9.51,14.4,4.61,6.32,-23.25,25.06,563053,메가(10조+),KOSPI,True,,2026-09-03,5,False,maturing,0,,,,,,,,,,,,,,,,,,,,,,,,,,,,,,,,,,,,,,3.75,1.71,False,,,,,,
207940_2026-09-08_short_h5,207940_2026-09-08_short,36,2026-09-08,short,207940,삼성바이오로직스,숏,단기,5,0.4,1466000.0,False,,ok,"3조 유상증자 결정(8/28 공시, 확실) 오버행 + 기관 5일 -328억 분배 + 20일선 아래·20일 -5.8%·RSI 41. 코스피 +4.6%일에 +1.3% 상대약세. 리스크: 대차잔고 -26.6만천주 감소(숏커버)와 risk-on 랠리의 스퀴즈 — 손절 +8% 넓게",,,,,,,,,,,,,,,,,-16.0,분산 우위 — 경계,-100,40.79,95.18,0.654,21401216000.0,127215299000.0,krx,0,95.2,100.9,1,-26.2,-5.8,40.8,False,31,0.62,0,혼조,,,,risk-on,79,17.0,중립,True,1.481,39.33,-21.47,3.0,공포(고공/급등 — F1: 롱 회피 검토),3.0,-1.55,335960.0,0.77,58.3,2026-09-04,2026-09-04,1311,1188,0.91,inflow,7029.0,-40905.1,0,8,-1.45,214,1272,-328,104,0,0.62,0.1,2.57,기초 의약물질 제조업,,,,40.8,1,-5.78,-25.39,-4.82,2.5,4.61,6.32,-23.25,25.06,678625,메가(10조+),KOSPI,True,,2026-09-03,5,False,maturing,0,,,,,,,,,,,,,,,,,,,,,,,,,,,,,,,,,,,,,,0.61,-1.84,,,,,,,
042660_2026-09-09_pick_h5,042660_2026-09-09_pick,16,2026-09-09,pick,042660,한화오션,단기스윙,단기,5,0.45,86100.0,False,미반영,ok,"태국 차기 호위함 사업자 선정(167.3억 바트, 최대 4척 후속 3.3조 규모 — 서울신문 9/9, 태국 정부 전자조달 공고 인용) + 9/3 1.5조 수주 + 외인 5일 +122억·기관 +86억 매집(force +51.2 krx) + 공매도잔고 10일 -28% 감소(9/4). RSI 46·20일선 87,865 아래 눌림 자리. 리스크: 계약 전 이의신청",계단식,5,8,-3,당일시가,up,0.5,1.2,F1:allow_up=false — 비중 축소(6→4%);F6③:강세추격 경고(k5 +1.74%),v11.33+retro31,F1;F6,8.0,-5.0,-5.0,6.0,4.0,51.2,강한 매집 — 세력 유입,100,46.12,97.99,0.783,12250863000.0,125505009650.0,krx,0,98.0,92.4,0,-44.4,-8.8,46.1,False,6,0.55,0,감소,,,,risk-on,65,45.0,공포(롱 회피·falling knife),False,1.438,42.67,-7.34,9.1,공포(고공/급등 — F1: 롱 회피 검토),3.0,-2.26,331900.0,-0.19,41.7,2026-09-07,2026-09-07,737,1775,2.41,inflow,21552.2,-18942.2,0,0,-1.14,123,1255,86,-207,0,0.55,-28.3,2.57,선박 및 보트 건조업,,,,46.1,0,-8.79,-42.56,-2.01,0.0,4.61,6.32,-23.25,25.06,267499,메가(10조+),KOSPI,True,,2026-09-04,5,,no_label,,,,,,,,,,,,,,,,,,,,,,,,,,,,,,,,,,,,,,,,,,,,,,,
028050_2026-09-09_pick_h5,028050_2026-09-09_pick,2,2026-09-09,pick,028050,삼성E&A,단기스윙,단기,5,0.42,49150.0,False,부분,ok,"대미투자 1호 가스발전·2호 원전 8기(APR1400 2기+웨스팅하우스 지분) 윤곽(뉴스1·파이낸셜뉴스 9/8~9 교차) — 시공 후보 + 건설 업종 RS 1위(어제 +3.04%, 20일 +11.5%) + 외인 5일 +259억·기관 +422억(force +45.1 krx) + 목표가 8만원 리포트(파이낸셜뉴스 9/8). RSI 51.5·이격도 103.5% ",눌림후상승,5,8,-4,당일눌림,up,0.48,1.0,F1:allow_up=false — 최소비중 3%;F6①:vol_ratio 2.21 경고·분할;F6③:강세추격 경고,v11.33+retro31,F1;F6,8.0,-6.0,-6.0,6.0,3.0,45.1,강한 매집 — 세력 유입,100,51.52,103.46,2.211,25889390175.0,10888157000.0,krx,0,103.5,105.8,2,-27.0,0.7,51.5,False,6,0.24,0,혼조,,,,risk-on,65,45.0,공포(롱 회피·falling knife),False,1.438,42.67,-7.34,9.1,공포(고공/급등 — F1: 롱 회피 검토),3.0,-2.26,331900.0,-0.19,41.7,2026-09-07,2026-09-07,737,1775,2.41,inflow,21552.2,-18942.2,0,0,-1.14,259,109,422,-678,0,0.24,5.5,2.57,"건축기술, 엔지니어링 및 관련 기술 서비스업",,,,51.5,2,0.72,-23.68,3.46,5.3,4.61,6.32,-23.25,25.06,94080,대형(1조+),KOSPI,True,,2026-09-04,5,,no_label,,,,,,,,,,,,,,,,,,,,,,,,,,,,,,,,,,,,,,,,,,,,,,,
196170_2026-09-09_short_h5,196170_2026-09-09_short,21,2026-09-09,short,196170,알테오젠,숏,단기,5,0.45,277000.0,False,,ok,"외인 5일 -1,386억·기관 -1,441억 동반 분배(force -46 강한 분산, krx) + 공매도잔고비중 3.0%·10일 +57% 급증(9/4 기준, 2거래일 지연) + 코스닥 헬스케어 업종 20일 -19.1% 최약 + 어제 -3.15% 저가 마감. 9/1 롱 픽(-9.9%)이 손절선 아래로 논지 실패를 인정하고 방향을 바꾼다. 리스크: RSI 40",,,,,,,,,,,,,,,,,-46.0,강한 분산 — 떠넘기기 의심,-100,40.5,90.11,0.97,-138573423000.0,-88739295000.0,krx,0,90.1,101.6,0,-36.7,-20.4,40.5,False,14,3.04,35,증가,,,,risk-on,65,45.0,공포(롱 회피·falling knife),False,1.438,42.67,-7.34,9.1,공포(고공/급등 — F1: 롱 회피 검토),3.0,-2.26,331900.0,-0.19,41.7,2026-09-07,2026-09-07,737,1775,2.41,inflow,21552.2,-18942.2,0,0,-1.14,-1386,-887,-1441,2948,0,3.04,57.0,2.57,우량기업부,,,,40.5,0,-20.4,-35.6,-9.89,0.0,4.61,6.32,-23.25,25.06,199214,메가(10조+),KOSDAQ,True,,2026-09-04,5,,no_label,,,,,,,,,,,,,,,,,,,,,,,,,,,,,,,,,,,,,,,,,,,,,,,
005380_2026-09-09_short_h5,005380_2026-09-09_short,8,2026-09-09,short,005380,현대차,숏,단기,5,0.38,385000.0,False,,ok,"외인 5일 -874억·기관 -1,606억 분배(force -34.4, krx) + 9/8 외인 -145천주·기관 -91천주[캡처 0261] + 공매도잔고비중 1.8%·10일 +28% 증가(9/4) + 자동차 업종 20일 -10.7% RS 13위 + 원화 강세(원/달러 5일 -2.3%)·노조 갈등. 리스크: RSI 34 로 반등 자리 가까움 — 확신 낮게, ",,,,,,,,,,,,,,,,,-34.4,분산 우위 — 경계,-100,34.07,94.68,0.821,-87442465750.0,-303060492500.0,krx,0,94.7,86.6,0,-50.8,-5.6,34.1,False,24,1.78,18,증가,,,,risk-on,65,45.0,공포(롱 회피·falling knife),False,1.438,42.67,-7.34,9.1,공포(고공/급등 — F1: 롱 회피 검토),3.0,-2.26,331900.0,-0.19,41.7,2026-09-07,2026-09-07,737,1775,2.41,inflow,21552.2,-18942.2,0,0,-1.14,-874,-3031,-1606,2494,1,1.78,27.8,2.57,자동차용 엔진 및 자동차 제조업,,,,34.1,0,-5.64,-48.67,-5.32,0.0,4.61,6.32,-23.25,25.06,804698,메가(10조+),KOSPI,True,,2026-09-04,5,,no_label,,,,,,,,,,,,,,,,,,,,,,,,,,,,,,,,,,,,,,,,,,,,,,,
005930_2026-05-30_pick_h20,005930_2026-05-30_pick,1,2026-05-30,pick,005930,삼성전자,장투가능,,20,,317000.0,True,,ok,,,,,,,,,,,,,,,,,,20.7,매집 우위,0.0,65.9,114.3,1.015,,,,,,,,,,,,,,,,,,,,,,,,,,,,,,,,,,,,,,,,,,,,,-23956,-156935,20543,3212,3,0.0,-100.0,8.45,통신 및 방송 장비 제조업,-0.23,0.03,105456.6,65.9,1,42.79,0.0,14.3,53.4,3.55,3.01,0.0,67.76,15784952,메가(10조+),KOSPI,True,,,,True,matured,68,5.36,,,,13.72,3.79,1.58,8.2,5.36,14.35,12,-14.48,-6.78,4,22.67,-6.78,,,0.0,5.36,5.36,13.72,12.0,,,,True,True,334000.0,45052488,33828284,33267073,0.97,1.15,-207740,32737,171194,-2.21,-5.36,,-14.76,5.36,19,['대주주/대량보유'],"['임원ㆍ주요주주특정증권등소유상황보고서', '임원ㆍ주요주주특정증권등소유상황보고서', '임원ㆍ주요주주특정증권등소유상황보고서']",False
028260_2026-05-30_pick_h1,028260_2026-05-30_pick,1,2026-05-30,pick,028260,삼성물산,장전선취매,,1,,432500.0,True,,ok,,,,,,,,,,,,,,,,,,20.9,매집 우위,0.0,52.02,109.12,1.316,,,,,,,,,,,,,,,,,,,,,,,,,,,,,,,,,,,,,,,,,,,,,388,536,-94,-271,0,0.13,16.6,8.45,기타 전문 도매업,0.12,-0.08,3329.3,52.0,1,39.74,-4.31,9.12,31.6,3.55,3.01,0.0,67.76,622724,메가(10조+),KOSPI,True,,,,True,matured,68,12.25,,,,12.25,,,,,12.25,1,0.0,12.25,1,0.0,,,,3.84,8.41,12.25,12.25,12.0,,,,False,True,485500.0,1005218,781000,769789,1.11,1.11,118,863,-886,0.23,0.23,,-4.54,8.41,1,['대주주/대량보유'],['임원ㆍ주요주주특정증권등소유상황보고서'],False
196170_2026-05-30_pick_h20,196170_2026-05-30_pick,1,2026-05-30,pick,196170,알테오젠,장투가능,,20,,369000.0,True,,ok,,,,,,,,,,,,,,,,,,20.1,매집 우위,0.0,57.94,101.84,0.929,,,,,,,,,,,,,,,,,,,,,,,,,,,,,,,,,,,,,,,,,,,,,344,-1,1325,-1691,2,2.4,-7.6,8.45,우량기업부,0.16,-0.8,2125.8,57.9,0,-1.99,-33.99,1.84,2.9,3.55,3.01,0.0,67.76,199214,메가(10조+),KOSDAQ,True,,,,True,matured,68,-2.17,,,,-3.25,-9.89,-11.52,-4.47,-2.17,1.63,17,-8.4,-21.54,4,29.53,-21.54,3,-9.89,0.0,-2.17,-9.89,-9.89,-9.89,,,,False,False,361000.0,637892,579034,576091,1.49,0.99,108,2024,-2079,-34.84,-40.36,,-14.76,12.59,0,[],[],False
034730_2026-05-30_pick_h1,034730_2026-05-30_pick,1,2026-05-30,pick,034730,SK,장전선취매,,1,,676000.0,True,,ok,,,,,,,,,,,,,,,,,,17.2,매집 우위,0.0,68.86,121.65,1.311,,,,,,,,,,,,,,,,,,,,,,,,,,,,,,,,,,,,,,,,,,,,,469,1722,382,-833,1,0.01,33.7,8.45,기타 금융업,0.23,-0.41,2044.9,68.9,1,63.29,-0.59,21.65,54.9,3.55,3.01,0.0,67.76,442992,메가(10조+),KOSPI,True,,,,True,matured,68,-1.18,,,,-1.18,,,,,-1.18,1,0.0,-1.18,1,0.0,,,,3.84,-5.02,-1.18,-1.18,-1.18,,,,False,False,668000.0,212446,298213,302501,0.73,0.73,390,-216,-178,-0.15,-1.48,,-4.54,-5.02,0,[],[],False
005380_2026-05-30_pick_h20,005380_2026-05-30_pick,1,2026-05-30,pick,005380,현대차,장투가능,,20,,723000.0,True,,ok,,,,,,,,,,,,,,,,,,12.4,중립/관망,0.0,63.89,113.63,1.27,,,,,,,,,,,,,,,,,,,,,,,,,,,,,,,,,,,,,,,,,,,,,-5453,-16458,3417,1926,0,1.87,16.4,8.45,자동차용 엔진 및 자동차 제조업,-0.31,0.11,17458.3,63.9,1,30.27,0.0,13.63,47.8,3.55,3.01,0.0,67.76,804698,메가(10조+),KOSPI,True,,,,True,matured,68,-31.54,,,,0.83,-3.18,-11.62,-11.48,-31.54,0.83,1,-34.09,-33.54,18,3.43,-11.62,4,-11.62,0.0,-31.54,-11.62,-11.62,-11.62,,,,False,False,495000.0,2720257,2429255,2414705,0.95,0.65,-14860,-10515,25404,-14.11,-14.25,,-14.76,-31.54,0,[],[],False
047810_2026-05-30_pick_h1,047810_2026-05-30_pick,1,2026-05-30,pick,047810,한국항공우주,장전선취매,,1,,168300.0,True,,ok,,,,,,,,,,,,,,,,,,11.4,중립/관망,0.0,51.45,100.51,1.389,,,,,,,,,,,,,,,,,,,,,,,,,,,,,,,,,,,,,,,,,,,,,-692,-1974,895,-195,5,2.91,-3.6,8.45,"항공기,우주선 및 부품 제조업",-0.54,-0.15,1279.6,51.5,2,0.18,-16.68,0.51,5.1,3.55,3.01,0.0,67.76,126133,메가(10조+),KOSPI,True,,,,True,matured,68,-12.66,,,,-12.66,,,,,-12.66,1,0.0,-12.66,1,0.0,,1,-12.66,3.84,-16.5,-12.66,-12.66,-12.66,,,,False,False,147000.0,712066,758015,760312,1.14,1.14,13,4,-29,-25.31,-27.69,,-4.54,-16.5,2,['대주주/대량보유'],"['임원ㆍ주요주주특정증권등소유상황보고서', '임원ㆍ주요주주특정증권등소유상황보고서']",False
034020_2026-05-30_pick_h1,034020_2026-05-30_pick,1,2026-05-30,pick,034020,두산에너빌리티,장전선취매,,1,,105600.0,True,,ok,,,,,,,,,,,,,,,,,,6.5,중립/관망,0.0,25.61,89.87,1.109,,,,,,,,,,,,,,,,,,,,,,,,,,,,,,,,,,,,,,,,,,,,,-870,-4445,-586,1512,3,0.08,170.3,8.45,일반 목적용 기계 제조업,-0.2,0.35,4356.3,25.6,0,-17.37,-22.58,-10.13,0.0,3.55,3.01,0.0,67.76,563053,메가(10조+),KOSPI,True,,,,True,matured,68,-5.3,,,,-5.3,,,,,-5.3,1,0.0,-5.3,1,0.0,,,,3.84,-9.14,-5.3,-5.3,-5.3,,,,False,False,100000.0,4623394,4149011,4125292,1.2,1.2,-1309,-513,1806,-4.92,-7.58,,-4.54,-9.14,1,['대주주/대량보유'],['주식등의대량보유상황보고서(일반)'],False
000270_2026-05-30_pick_h20,000270_2026-05-30_pick,1,2026-05-30,pick,000270,기아,장투가능,,20,,169200.0,True,,ok,,,,,,,,,,,,,,,,,,9.3,중립/관망,0.0,52.63,103.4,1.382,,,,,,,,,,,,,,,,,,,,,,,,,,,,,,,,,,,,,,,,,,,,,838,-868,-395,-404,0,0.03,6.5,8.45,자동차용 엔진 및 자동차 제조업,0.27,-0.13,3084.7,52.6,1,8.74,-17.86,3.4,5.8,3.55,3.01,0.0,67.76,501290,메가(10조+),KOSPI,True,,,,True,matured,68,-18.44,,,,-0.24,-4.79,-2.9,0.59,-18.44,0.59,10,-20.51,-20.04,18,3.92,-10.52,4,-10.52,0.0,-18.44,-10.52,-10.52,-10.52,,,,False,False,138000.0,1733940,1818842,1823087,0.62,0.62,2006,-948,-1034,-11.17,-18.85,,-14.76,-18.44,1,['대주주/대량보유'],['임원ㆍ주요주주특정증권등소유상황보고서'],False
012450_2026-05-30_pick_h20,012450_2026-05-30_pick,1,2026-05-30,pick,012450,한화에어로스페이스,장투가능,,20,,1173000.0,True,,ok,,,,,,,,,,,,,,,,,,-0.7,중립/관망,0.0,31.39,90.56,1.53,,,,,,,,,,,,,,,,,,,,,,,,,,,,,,,,,,,,,,,,,,,,,89,-689,-715,640,2,0.08,10.1,8.45,"항공기,우주선 및 부품 제조업",0.03,0.24,2721.7,31.4,0,-15.91,-23.68,-9.44,0.0,3.55,3.01,0.0,67.76,535744,메가(10조+),KOSPI,True,,,,True,matured,68,-15.17,,,,-8.78,-10.57,-13.38,0.85,-15.17,4.35,11,-18.71,-15.17,20,0.0,-14.24,3,-10.57,0.0,-15.17,-8.78,-8.78,-8.78,,,,False,False,995000.0,338833,237118,232032,1.23,0.75,1443,-606,-811,-4.26,-9.12,,-14.76,-15.17,1,['대주주/대량보유'],['임원ㆍ주요주주특정증권등소유상황보고서'],False
272210_2026-05-30_pick_h1,272210_2026-05-30_pick,1,2026-05-30,pick,272210,한화시스템,장전선취매,,1,,105000.0,True,,ok,,,,,,,,,,,,,,,,,,8.4,중립/관망,0.0,40.04,94.25,1.284,,,,,,,,,,,,,,,,,,,,,,,,,,,,,,,,,,,,,,,,,,,,,304,621,-71,-228,0,1.3,-29.1,8.45,전자부품 제조업,0.33,-0.24,931.5,40.0,0,-12.43,-35.46,-5.75,0.0,3.55,3.01,0.0,67.76,133377,메가(10조+),KOSPI,True,,,,True,matured,68,-7.24,,,,-7.24,,,,,-7.24,1,0.0,-7.24,1,0.0,,,,3.84,-11.08,-7.24,-7.24,-7.24,,,,False,False,97400.0,932135,889301,887160,1.09,1.09,351,-249,-103,-13.14,-15.33,,-4.54,-11.08,0,,,
058470_2026-05-30_pick_h5,058470_2026-05-30_pick,1,2026-05-30,pick,058470,리노공업,,,5,,97400.0,True,,ok,,,,,,,,,,,,,,,,,,8.2,중립/관망,0.0,37.86,90.15,0.944,,,,,,,,,,,,,,,,,,,,,,,,,,,,,,,,,,,,,,,,,,,,,852,646,-1731,846,0,2.56,31.1,8.45,우량기업부,0.8,0.79,1067.1,37.9,0,-12.57,-23.31,-9.85,0.0,3.55,3.01,0.0,67.76,52129,대형(1조+),KOSDAQ,True,,,,True,matured,68,1.64,,,,-4.72,-3.39,1.64,,,2.26,2,-14.56,-12.63,4,16.33,-12.63,4,-12.63,-4.47,6.11,-12.63,-12.63,-12.63,,,,False,True,99000.0,1054359,1093643,1095607,1.06,0.85,15,292,-296,-8.83,-12.63,,-9.95,11.59,2,['대주주/대량보유'],"['임원ㆍ주요주주특정증권등소유상황보고서', '주식등의대량보유상황보고서(일반)']",False
095340_2026-05-30_pick_h5,095340_2026-05-30_pick,1,2026-05-30,pick,095340,ISC,,,5,,202500.0,True,,ok,,,,,,,,,,,,,,,,,,5.6,중립/관망,0.0,35.69,87.73,1.159,,,,,,,,,,,,,,,,,,,,,,,,,,,,,,,,,,,,,,,,,,,,,453,469,-507,52,0,1.13,12.9,8.45,우량기업부,0.94,0.11,484.4,35.7,0,-14.74,-25.28,-12.27,0.0,3.55,3.01,0.0,67.76,39427,대형(1조+),KOSDAQ,True,,,,True,matured,68,-10.02,,,,4.44,-0.25,-10.02,,,5.68,2,-18.27,-13.63,4,4.17,-13.63,4,-13.63,-4.47,-5.55,-13.63,-13.63,-13.63,,,,False,False,182200.0,215661,238098,239220,1.16,0.99,305,-167,-113,12.59,2.22,,-9.95,-0.07,1,['대주주/대량보유'],['주식등의대량보유상황보고서(약식)'],False
486990_2026-05-30_pick_h5,486990_2026-05-30_pick,1,2026-05-30,pick,486990,노타,,,5,,38500.0,True,,ok,,,,,,,,,,,,,,,,,,,,,,,,,,,,,,,,,,,,,,,,,,,,,,,,,,,,,,,,,,,,,,,,,,,,-31,-15,-15,113,4,1.32,7.0,8.45,기술성장기업부,-0.17,0.63,180.3,58.7,2,7.39,-31.74,21.2,11.5,3.55,3.01,0.0,67.76,3797,중형(3천억+),KOSDAQ,True,,,,True,matured,68,-21.56,,,,-9.35,-10.26,-21.56,,,1.56,2,-23.27,-22.08,4,0.67,-22.08,1,-9.35,-4.47,-17.09,-9.35,-9.35,-9.35,,,,False,False,30200.0,2181444,549865,468286,2.65,0.69,11,-90,99,3.64,-2.86,,-9.95,-11.61,0,[],[],False
009150_2026-05-30_short_h5,009150_2026-05-30_short,1,2026-05-30,short,009150,삼성전기,숏,,5,,2127000.0,True,,ok,,,,,,,,,,,,,,,,,,-0.8,중립/관망,0.0,94.37,184.62,2.357,,,,,,,,,,,,,,,,,,,,,,,,,,,,,,,,,,,,,,,,,,,,,1652,-5841,-3042,1305,0,0.19,-41.5,8.45,전자부품 제조업,0.06,0.05,28409.6,94.4,7,153.52,0.0,84.62,94.4,3.55,3.01,0.0,67.76,1086046,메가(10조+),KOSPI,True,,,,True,matured,68,-7.38,,,,-14.76,-17.4,-7.38,,,-7.38,5,0.0,-21.77,4,18.39,-21.77,1,-14.76,-4.47,-2.91,-14.76,-14.76,-14.76,,,,False,True,1970000.0,1639739,1350146,1335667,1.22,0.93,-3147,66,2917,-26.85,-27.03,,-9.95,-2.91,1,['대주주/대량보유'],['임원ㆍ주요주주특정증권등소유상황보고서'],False
018260_2026-05-30_short_h5,018260_2026-05-30_short,1,2026-05-30,short,018260,삼성에스디에스,숏,,5,,299000.0,True,,ok,,,,,,,,,,,,,,,,,,-7.0,중립/관망,0.0,80.69,155.88,5.384,,,,,,,,,,,,,,,,,,,,,,,,,,,,,,,,,,,,,,,,,,,,,-2107,-3363,867,1087,4,1.17,40.8,8.45,"컴퓨터 프로그래밍, 시스템 통합 및 관리업",-0.79,0.41,2654.3,80.7,1,73.33,0.0,55.88,68.2,3.55,3.01,0.0,67.76,187641,메가(10조+),KOSPI,True,,,,True,matured,68,-15.55,,,,0.5,-15.55,-15.55,,,0.5,1,-21.46,-21.07,4,6.99,-21.07,2,-10.37,-4.47,-11.08,-10.37,-10.37,-10.37,,,,False,True,252500.0,2957725,986309,887738,2.06,0.69,-974,-404,1375,-17.89,-20.23,,-9.95,-11.08,0,[],[],False
032830_2026-05-30_short_h5,032830_2026-05-30_short,1,2026-05-30,short,032830,삼성생명,숏,,5,,388500.0,True,,ok,,,,,,,,,,,,,,,,,,4.1,중립/관망,0.0,77.58,123.14,1.448,,,,,,,,,,,,,,,,,,,,,,,,,,,,,,,,,,,,,,,,,,,,,-115,-1676,124,-34,1,0.25,-0.8,8.45,보험업,-0.05,-0.02,2187.8,77.6,3,54.17,0.0,23.14,70.1,3.55,3.01,0.0,67.76,624000,메가(10조+),KOSPI,True,,,,True,matured,68,1.16,,,,23.55,6.18,1.16,,,23.55,1,-21.77,-3.35,4,4.66,-3.35,,,-4.47,5.63,1.16,23.55,12.0,,,,True,False,393000.0,669413,568191,563130,1.36,0.97,-397,861,-429,9.91,8.49,,-9.95,5.63,0,[],[],False
443060_2026-05-30_short_h5,443060_2026-05-30_short,1,2026-05-30,short,443060,HD현대마린솔루션,숏,,5,,224000.0,True,,ok,,,,,,,,,,,,,,,,,,-26.0,분산 우위 — 경계,0.0,44.0,92.7,5.121,,,,,,,,,,,,,,,,,,,,,,,,,,,,,,,,,,,,,,,,,,,,,-14,63,43,-131,0,1.0,7.0,8.45,"건축기술, 엔지니어링 및 관련 기술 서비스업",-0.02,-0.16,842.0,44.0,0,-18.84,-20.14,-7.3,0.0,3.55,3.01,0.0,67.76,95047,대형(1조+),KOSPI,True,,,,True,matured,68,-6.25,,,,1.34,-0.89,-6.25,,,1.34,1,-8.59,-7.37,4,1.2,-7.37,,,-4.47,-1.78,-6.25,-6.25,-6.25,,,,False,True,210000.0,326034,373524,375899,0.71,0.32,-191,324,-56,-0.22,-7.59,,-9.95,-1.78,1,['대주주/대량보유'],['주식등의대량보유상황보고서(약식)'],False
035720_2026-05-30_short_h5,035720_2026-05-30_short,1,2026-05-30,short,035720,카카오,숏,,5,,41950.0,True,,ok,,,,,,,,,,,,,,,,,,-21.0,분산 우위 — 경계,0.0,38.19,96.07,3.449,,,,,,,,,,,,,,,,,,,,,,,,,,,,,,,,,,,,,,,,,,,,,94,-1026,-376,264,1,0.36,27.4,8.45,"자료처리, 호스팅, 포털 및 기타 인터넷 정보매개 서비스업",0.09,0.26,1022.7,38.2,1,-14.12,-40.41,-3.93,2.5,3.55,3.01,0.0,67.76,161916,메가(10조+),KOSPI,True,,,,True,matured,68,-5.84,,,,1.43,-4.05,-5.84,,,1.43,1,-9.28,-7.99,4,2.33,-7.99,,,-4.47,-1.37,-5.84,-5.84,-5.84,,,,False,True,39500.0,11795777,2883473,2437858,1.19,0.91,-906,-323,1224,-2.03,-3.58,,-9.95,-1.37,0,[],[],False
011200_2026-05-30_short_h5,011200_2026-05-30_short,1,2026-05-30,short,011200,HMM,숏,,5,,19560.0,True,,ok,,,,,,,,,,,,,,,,,,-17.1,분산 우위 — 경계,0.0,34.88,96.96,3.226,,,,,,,,,,,,,,,,,,,,,,,,,,,,,,,,,,,,,,,,,,,,,8,37,-108,106,4,0.77,-14.6,8.45,해상 운송업,0.02,0.33,321.0,34.9,0,-5.73,-24.62,-3.04,0.0,3.55,3.01,0.0,67.76,202325,메가(10조+),KOSPI,True,,,,True,matured,68,-2.71,,,,-0.26,-0.56,-2.71,,,0.31,2,-4.94,-4.65,4,2.04,-4.65,,,-4.47,1.76,-2.71,-2.71,-2.71,,,,False,True,19030.0,1869134,1651925,1641064,1.04,0.84,221,-20,-199,-3.37,-5.78,,-9.95,1.76,0,[],[],False
242040_2026-05-30_short_h5,242040_2026-05-30_short,1,2026-05-30,short,242040,나무기술,숏,,5,,8780.0,True,,ok,,,,,,,,,,,,,,,,,,,,,,,,,,,,,,,,,,,,,,,,,,,,,,,,,,,,,,,,,,,,,,,,,,,,79,88,0,-80,0,1.0,-20.8,8.45,기술성장기업부,0.2,-0.2,393.7,87.1,6,68.2,0.0,68.6,87.1,3.55,3.01,0.0,67.76,1059,소형,KOSDAQ,True,,,,True,matured,68,-4.21,,,,-19.13,-2.39,-4.21,,,-2.39,3,-1.98,-19.13,1,20.7,-4.33,1,-19.13,-4.47,0.26,-19.13,-19.13,-19.13,,,,False,True,8410.0,24453927,5434703,4483742,1.87,2.41,-16,0,28,2.51,-25.4,,-9.95,5.74,0,[],[],False
028260_2026-05-31_pick_h20,028260_2026-05-31_pick,2,2026-05-31,pick,028260,삼성물산,장투가능,,20,,432500.0,True,,ok,,,,,,,,,,,,,,,,,,60.9,강한 매집 — 세력 유입,100,52.02,109.12,1.316,38795007500.0,53605222500.0,krx,,,,,,,,,,,,,,,,,,,,,,,,,,,,,,,,,,,,,,,,,,388,536,-94,-271,0,0.13,16.6,8.45,기타 전문 도매업,0.12,-0.08,3329.3,52.0,1,39.74,-4.31,9.12,31.6,3.55,3.01,0.0,67.76,622724,메가(10조+),KOSPI,False,force_scores.json,,,True,matured,68,8.32,,,,12.25,6.47,-0.81,14.91,8.32,23.7,2,-23.83,-5.78,6,27.61,-5.55,,,0.0,8.32,8.32,12.25,12.0,,,,True,True,468500.0,1005218,781000,769789,1.71,0.81,-4219,1925,2317,0.23,0.23,,-14.76,8.32,1,['대주주/대량보유'],['임원ㆍ주요주주특정증권등소유상황보고서'],False
196170_2026-05-31_pick_h5,196170_2026-05-31_pick,2,2026-05-31,pick,196170,알테오젠,단기스윙,,5,,369000.0,True,,ok,,,,,,,,,,,,,,,,,,60.1,강한 매집 — 세력 유입,100,57.94,101.84,0.929,34350552000.0,-57601250.0,krx,,,,,,,,,,,,,,,,,,,,,,,,,,,,,,,,,,,,,,,,,,344,-1,1325,-1691,2,2.4,-7.6,8.45,우량기업부,0.16,-0.8,2125.8,57.9,0,-1.99,-33.99,1.84,2.9,3.55,3.01,0.0,67.76,199214,메가(10조+),KOSDAQ,False,force_scores.json,,,True,matured,68,-11.52,,,,-3.25,-9.89,-11.52,,,-3.25,1,-18.91,-21.54,4,12.78,-21.54,3,-9.89,-4.47,-7.05,-9.89,-9.89,-9.89,,,,False,False,326500.0,637892,579034,576091,0.9,0.99,112,34,-54,-34.84,-40.36,,-9.95,-1.57,0,[],[],False
034730_2026-05-31_pick_h20,034730_2026-05-31_pick,2,2026-05-31,pick,034730,SK,장투가능,,20,,676000.0,True,,ok,,,,,,,,,,,,,,,,,,57.2,강한 매집 — 세력 유입,100,68.86,121.65,1.311,46873071500.0,172230276250.0,krx,,,,,,,,,,,,,,,,,,,,,,,,,,,,,,,,,,,,,,,,,,469,1722,382,-833,1,0.01,33.7,8.45,기타 금융업,0.23,-0.41,2044.9,68.9,1,63.29,-0.59,21.65,54.9,3.55,3.01,0.0,67.76,442992,메가(10조+),KOSPI,False,force_scores.json,,,True,matured,68,23.37,,,,-1.18,-7.54,-12.13,-0.44,23.37,26.92,17,-8.51,-15.38,4,50.0,-15.38,4,-15.38,0.0,23.37,-15.38,-15.38,-15.38,,,,True,True,834000.0,212446,298213,302501,2.86,0.81,-977,1608,-640,-0.15,-1.48,,-14.76,23.37,0,[],[],False
047810_2026-05-31_pick_h20,047810_2026-05-31_pick,2,2026-05-31,pick,047810,한국항공우주,장투가능,,20,,168300.0,True,,ok,,,,,,,,,,,,,,,,,,51.4,강한 매집 — 세력 유입,100,51.45,100.51,1.389,-69173313050.0,-197396450800.0,krx,,,,,,,,,,,,,,,,,,,,,,,,,,,,,,,,,,,,,,,,,,-692,-1974,895,-195,5,2.91,-3.6,8.45,"항공기,우주선 및 부품 제조업",-0.54,-0.15,1279.6,51.5,2,0.18,-16.68,0.51,5.1,3.55,3.01,0.0,67.76,126133,메가(10조+),KOSPI,False,force_scores.json,,,True,matured,68,-13.01,,,,-12.66,-17.41,-24.12,-7.96,-13.01,-7.55,11,-9.77,-25.73,4,24.48,-25.73,1,-12.66,0.0,-13.01,-12.66,-12.66,-12.66,,,,False,False,146400.0,712066,758015,760312,0.76,0.99,-964,1661,-857,-25.31,-27.69,,-14.76,-13.01,5,['대주주/대량보유'],"['주식등의대량보유상황보고서(일반)', '주식등의대량보유상황보고서(일반)', '주식등의대량보유상황보고서(일반)']",False
000270_2026-05-31_pick_h20,000270_2026-05-31_pick,2,2026-05-31,pick,000270,기아,장투가능,,20,,169200.0,True,,ok,,,,,,,,,,,,,,,,,,49.3,강한 매집 — 세력 유입,100,52.63,103.4,1.382,83770075050.0,-86842423250.0,krx,,,,,,,,,,,,,,,,,,,,,,,,,,,,,,,,,,,,,,,,,,838,-868,-395,-404,0,0.03,6.5,8.45,자동차용 엔진 및 자동차 제조업,0.27,-0.13,3084.7,52.6,1,8.74,-17.86,3.4,5.8,3.55,3.01,0.0,67.76,501290,메가(10조+),KOSPI,False,force_scores.json,,,True,matured,68,-18.44,,,,-0.24,-4.79,-2.9,0.59,-18.44,0.59,10,-20.51,-20.04,18,3.92,-10.52,4,-10.52,0.0,-18.44,-10.52,-10.52,-10.52,,,,False,False,138000.0,1733940,1818842,1823087,0.62,0.62,2006,-948,-1034,-11.17,-18.85,,-14.76,-18.44,1,['대주주/대량보유'],['임원ㆍ주요주주특정증권등소유상황보고서'],False
272210_2026-05-31_pick_h20,272210_2026-05-31_pick,2,2026-05-31,pick,272210,한화시스템,장투가능,,20,,105000.0,True,,ok,,,,,,,,,,,,,,,,,,48.4,강한 매집 — 세력 유입,100,40.04,94.25,1.284,30363072400.0,62136802800.0,krx,,,,,,,,,,,,,,,,,,,,,,,,,,,,,,,,,,,,,,,,,,304,621,-71,-228,0,1.3,-29.1,8.45,전자부품 제조업,0.33,-0.24,931.5,40.0,0,-12.43,-35.46,-5.75,0.0,3.55,3.01,0.0,67.76,133377,메가(10조+),KOSPI,False,force_scores.json,,,True,matured,68,-30.48,,,,-7.24,-9.9,-17.52,1.33,-30.48,1.33,10,-31.39,-30.48,20,0.0,-17.62,3,-9.9,0.0,-30.48,-8.48,-8.48,-8.48,,,,False,False,73000.0,932135,889301,887160,2.28,0.91,1450,-924,-521,-13.14,-15.33,,-14.76,-30.48,0,[],[],False
042660_2026-05-31_pick_h20,042660_2026-05-31_pick,1,2026-05-31,pick,042660,한화오션,장투가능,,20,,123300.0,True,,ok,,,,,,,,,,,,,,,,,,42.5,강한 매집 — 세력 유입,100,47.68,99.16,0.926,140359143750.0,42815256950.0,krx,,,,,,,,,,,,,,,,,,,,,,,,,,,,,,,,,,,,,,,,,,1404,428,59,-541,2,0.67,16.1,8.45,선박 및 보트 건조업,0.6,-0.23,2333.4,47.7,0,-7.92,-17.75,-0.84,0.0,3.55,3.01,0.0,67.76,267499,메가(10조+),KOSPI,False,force_scores.json,,,True,matured,68,-18.65,,,,-5.92,-9.0,-17.11,4.79,-18.65,7.95,11,-26.37,-20.52,18,7.65,-16.38,3,-9.0,0.0,-18.65,-9.0,-9.0,-9.0,,,,True,False,100300.0,1902393,1892945,1892473,3.15,0.87,-1317,-1107,3497,-17.84,-17.84,,-14.76,-18.65,1,['대주주/대량보유'],['주식등의대량보유상황보고서(약식)'],False
068270_2026-05-31_pick_h20,068270_2026-05-31_pick,1,2026-05-31,pick,068270,셀트리온,장투가능,,20,,192900.0,True,,ok,,,,,,,,,,,,,,,,,,40.0,강한 매집 — 세력 유입,100,45.64,99.88,1.432,51484383950.0,46094692450.0,krx,,,,,,,,,,,,,,,,,,,,,,,,,,,,,,,,,,,,,,,,,,515,461,-96,-427,0,0.12,-18.0,8.45,기초 의약물질 제조업,0.36,-0.3,1434.5,45.6,1,-6.81,-22.37,-0.12,2.5,3.55,3.01,0.0,67.76,433366,메가(10조+),KOSPI,False,force_scores.json,,,True,matured,68,-10.16,,,,-2.59,-11.15,-11.87,-9.54,-10.16,-2.59,1,-15.17,-17.37,4,12.42,-17.37,3,-11.15,0.0,-10.16,-8.5,-8.5,-8.5,,,,False,False,173300.0,858959,749156,743666,0.94,1.02,825,-643,-2143,-16.69,-17.83,,-14.76,-10.16,58,['대주주/대량보유'],"['임원ㆍ주요주주특정증권등소유상황보고서', '임원ㆍ주요주주특정증권등소유상황보고서', '임원ㆍ주요주주특정증권등소유상황보고서']",False
055550_2026-05-31_pick_h1,055550_2026-05-31_pick,1,2026-05-31,pick,055550,신한지주,장전선취매,,1,,93600.0,True,,ok,,,,,,,,,,,,,,,,,,37.0,매집 우위,100,38.66,97.27,1.914,35206943050.0,8620343150.0,krx,,,,,,,,,,,,,,,,,,,,,,,,,,,,,,,,,,,,,,,,,,352,86,-211,-107,0,0.04,-7.1,8.45,기타 금융업,0.27,-0.08,1324.9,38.7,1,-6.31,-11.7,-2.73,2.5,3.55,3.01,0.0,67.76,534704,메가(10조+),KOSPI,False,force_scores.json,,,True,matured,68,2.99,,,,2.99,,,,,2.99,1,0.0,2.99,1,0.0,,,,3.84,-0.85,2.99,2.99,2.99,,,,False,True,96400.0,1612094,1424895,1415535,0.98,0.98,228,-46,-179,11.86,3.1,,-4.54,-0.85,0,[],[],False
145020_2026-05-31_pick_h5,145020_2026-05-31_pick,1,2026-05-31,pick,145020,휴젤,,,5,,248500.0,True,,ok,,,,,,,,,,,,,,,,,,12.7,중립/관망,-33.3,28.5,93.25,0.701,-499882500.0,31111777500.0,krx,,,,,,,,,,,,,,,,,,,,,,,,,,,,,,,,,,,,,,,,,,-5,311,2,4,1,0.38,-27.6,8.45,우량기업부,-0.03,0.02,174.8,28.5,0,-6.4,-35.95,-6.75,0.0,3.55,3.01,0.0,67.76,30412,대형(1조+),KOSDAQ,False,force_scores.json,,,True,matured,68,-2.62,,,,-2.21,-1.01,-2.62,,,1.21,2,-9.34,-8.25,4,6.14,-8.25,,,-4.47,1.85,-8.25,-8.25,-8.25,,,,False,False,242000.0,56532,69691,70348,1.0,0.84,-23,121,-96,0.0,-1.81,,-9.95,7.33,2,['대주주/대량보유'],"['최대주주변경을수반하는주식담보제공계약체결', '최대주주변경을수반하는주식담보제공계약해제ㆍ취소등']",False
141080_2026-05-31_pick_h5,141080_2026-05-31_pick,1,2026-05-31,pick,141080,리가켐바이오,,,5,,151100.0,True,,ok,,,,,,,,,,,,,,,,,,43.9,강한 매집 — 세력 유입,100,35.76,87.57,0.56,-46613718050.0,-41272803550.0,krx,,,,,,,,,,,,,,,,,,,,,,,,,,,,,,,,,,,,,,,,,,-466,-413,610,-158,6,0.64,133.0,8.45,기술성장기업부,-0.64,-0.22,731.2,35.8,0,-25.75,-29.23,-12.43,0.0,3.55,3.01,0.0,67.76,34169,대형(1조+),KOSDAQ,False,force_scores.json,,,True,matured,68,-15.29,,,,-2.25,-9.93,-15.29,,,-2.25,1,-21.12,-22.9,4,9.87,-22.9,3,-9.93,-4.47,-10.82,-9.93,-9.93,-9.93,,,,False,False,128000.0,399855,479912,483915,0.97,1.1,449,-479,6,-12.91,-13.43,,-9.95,-5.34,0,[],[],False
247540_2026-05-31_pick_h5,247540_2026-05-31_pick,1,2026-05-31,pick,247540,에코프로비엠,,,5,,217000.0,True,,ok,,,,,,,,,,,,,,,,,,44.1,강한 매집 — 세력 유입,100,42.73,103.6,1.723,138805002500.0,157456535250.0,krx,,,,,,,,,,,,,,,,,,,,,,,,,,,,,,,,,,,,,,,,,,1388,1575,515,-1578,0,2.53,0.5,8.45,중견기업부,0.82,-0.93,1696.4,42.7,0,1.64,-11.79,3.6,0.6,3.55,3.01,0.0,67.76,104385,메가(10조+),KOSDAQ,False,force_scores.json,,,True,matured,68,-22.76,,,,-8.76,-17.0,-22.76,,,-8.76,1,-19.34,-26.41,4,4.95,-26.41,2,-9.03,-4.47,-18.29,-8.76,-8.76,-8.76,,,,False,False,167600.0,662016,776067,781770,1.12,0.84,-1154,49,1318,-19.08,-19.76,,-9.95,-12.81,3,['대주주/대량보유'],"['주식등의대량보유상황보고서(일반)', '주식등의대량보유상황보고서(일반)', '주식등의대량보유상황보고서(일반)']",False
009150_2026-05-31_short_h5,009150_2026-05-31_short,2,2026-05-31,short,009150,삼성전기,숏,,5,,2127000.0,True,,ok,,,,,,,,,,,,,,,,,,-40.8,강한 분산 — 떠넘기기 의심,-100,94.37,184.62,2.357,165176785500.0,-584127239500.0,krx,,,,,,,,,,,,,,,,,,,,,,,,,,,,,,,,,,,,,,,,,,1652,-5841,-3042,1305,0,0.19,-41.5,8.45,전자부품 제조업,0.06,0.05,28409.6,94.4,7,153.52,0.0,84.62,94.4,3.55,3.01,0.0,67.76,1086046,메가(10조+),KOSPI,False,force_scores.json,,,True,matured,68,-7.38,,,,-14.76,-17.4,-7.38,,,-7.38,5,0.0,-21.77,4,18.39,-21.77,1,-14.76,-4.47,-2.91,-14.76,-14.76,-14.76,,,,False,True,1970000.0,1639739,1350146,1335667,1.22,0.93,-3147,66,2917,-26.85,-27.03,,-9.95,-2.91,1,['대주주/대량보유'],['임원ㆍ주요주주특정증권등소유상황보고서'],False
018260_2026-05-31_short_h5,018260_2026-05-31_short,2,2026-05-31,short,018260,삼성에스디에스,숏,,5,,299000.0,True,,ok,,,,,,,,,,,,,,,,,,-47.0,강한 분산 — 떠넘기기 의심,-100,80.69,155.88,5.384,-210656257800.0,-336273870850.0,krx,,,,,,,,,,,,,,,,,,,,,,,,,,,,,,,,,,,,,,,,,,-2107,-3363,867,1087,4,1.17,40.8,8.45,"컴퓨터 프로그래밍, 시스템 통합 및 관리업",-0.79,0.41,2654.3,80.7,1,73.33,0.0,55.88,68.2,3.55,3.01,0.0,67.76,187641,메가(10조+),KOSPI,False,force_scores.json,,,True,matured,68,-15.55,,,,0.5,-15.55,-15.55,,,0.5,1,-21.46,-21.07,4,6.99,-21.07,2,-10.37,-4.47,-11.08,-10.37,-10.37,-10.37,,,,False,True,252500.0,2957725,986309,887738,2.06,0.69,-974,-404,1375,-17.89,-20.23,,-9.95,-11.08,0,[],[],False
000660_2026-05-31_short_h5,000660_2026-05-31_short,1,2026-05-31,short,000660,SK하이닉스,숏,,5,,2333000.0,True,,ok,,,,,,,,,,,,,,,,,,-37.6,분산 우위 — 경계,-100,76.07,127.57,1.255,-3318197404760.0,-21220702964760.0,krx,,,,,,,,,,,,,,,,,,,,,,,,,,,,,,,,,,,,,,,,,,-33182,-212207,22500,10486,16,0.01,-24.3,8.45,반도체 제조업,-0.24,0.08,137831.3,76.1,6,79.46,0.0,27.57,76.1,3.55,3.01,0.0,67.76,13024679,메가(10조+),KOSPI,False,force_scores.json,,,True,matured,68,-5.06,,,,1.16,-11.27,-5.06,,,1.16,1,-19.03,-18.09,4,15.91,-18.09,3,-11.27,-4.47,-0.59,-11.27,-11.27,-11.27,,,,False,True,2215000.0,5602897,5893377,5907901,0.99,1.12,-63878,33302,28157,-20.45,-20.49,,-9.95,-0.59,6,['대주주/대량보유'],"['임원ㆍ주요주주특정증권등소유상황보고서', '임원ㆍ주요주주특정증권등소유상황보고서', '임원ㆍ주요주주특정증권등소유상황보고서']",False
028260_2026-06-03_pick_h20,028260_2026-06-03_pick,3,2026-06-03,pick,028260,삼성물산,장투가능,,20,,485500.0,True,,ok,,,,,,,,,,,,,,,,,,64.0,강한 매집 — 세력 유입,100,59.92,117.55,1.075,69231411000.0,58052969750.0,krx,,,,,,,,,,,,,,,,,,,,,,,,,,,,,,,,,,,,,,,,,,692,581,729,-1306,0,0.13,20.4,9.37,기타 전문 도매업,0.17,-0.33,4001.0,59.9,3,62.65,0.0,17.55,52.4,0.15,3.84,0.0,74.2,622724,메가(10조+),KOSPI,True,,,,True,matured,66,-16.27,,,,-5.15,-11.64,-15.55,0.0,-16.27,7.11,12,-21.83,-16.27,20,0.0,-16.07,2,-15.86,-13.1,-3.17,-15.86,-15.86,-15.86,,,,True,False,406500.0,1331923,848287,824106,0.94,0.88,-3443,-343,3670,-10.71,-10.71,,-15.53,-3.17,0,[],[],False
000270_2026-06-03_pick_h5,000270_2026-06-03_pick,3,2026-06-03,pick,000270,기아,단기스윙,,5,,168800.0,True,,ok,,,,,,,,,,,,,,,,,,52.2,강한 매집 — 세력 유입,100,50.34,102.22,0.769,101131047600.0,-7933667050.0,krx,,,,,,,,,,,,,,,,,,,,,,,,,,,,,,,,,,,,,,,,,,1011,-79,-212,-742,0,0.02,-29.1,9.37,자동차용 엔진 및 자동차 제조업,0.32,-0.23,3183.7,50.3,0,11.2,-18.06,2.22,4.2,0.15,3.84,0.0,74.2,501290,메가(10조+),KOSPI,True,,,,True,matured,66,-7.58,,,,-4.56,-2.67,-7.58,,,-2.67,3,-5.05,-10.31,2,8.52,-5.39,2,-10.31,-11.79,4.21,-10.31,-10.31,-10.31,,,,False,False,156000.0,1477518,1866644,1886101,1.25,0.7,731,-76,-643,-10.96,-18.66,,-2.84,4.21,1,['대주주/대량보유'],['임원ㆍ주요주주특정증권등소유상황보고서'],False
196170_2026-06-03_pick_h20,196170_2026-06-03_pick,3,2026-06-03,pick,196170,알테오젠,장투가능,,20,,357000.0,True,,ok,,,,,,,,,,,,,,,,,,51.0,강한 매집 — 세력 유입,100,54.72,98.87,0.877,-5513497250.0,-10630262500.0,krx,,,,,,,,,,,,,,,,,,,,,,,,,,,,,,,,,,,,,,,,,,-55,-106,1364,-1297,4,2.34,-13.3,9.37,우량기업부,-0.03,-0.6,2162.4,54.7,0,-3.12,-36.14,-1.13,0.0,0.15,3.84,0.0,74.2,199214,메가(10조+),KOSDAQ,True,,,,True,matured,66,-1.54,,,,-6.86,-8.54,-2.8,3.5,-1.54,5.04,15,-8.4,-18.91,2,29.53,-11.76,2,-18.91,-13.1,11.56,-18.91,-18.91,-18.91,,,,False,False,351500.0,393271,595591,605707,1.45,0.96,-154,1847,-1680,-32.65,-38.36,,-15.53,13.99,0,[],[],False
272210_2026-06-03_pick_h5,272210_2026-06-03_pick,3,2026-06-03,pick,272210,한화시스템,단기스윙,,5,,97400.0,True,,ok,,,,,,,,,,,,,,,,,,48.0,강한 매집 — 세력 유입,100,37.61,88.86,1.085,46703591300.0,114989240500.0,krx,,,,,,,,,,,,,,,,,,,,,,,,,,,,,,,,,,,,,,,,,,467,1150,-364,-97,0,1.3,-21.5,9.37,전자부품 제조업,0.53,-0.11,876.6,37.6,0,-16.97,-40.14,-11.14,0.0,0.15,3.84,0.0,74.2,133377,메가(10조+),KOSPI,True,,,,True,matured,66,-9.03,,,,-2.87,-11.09,-9.03,,,-2.87,1,-8.56,-11.19,2,5.9,-5.95,2,-11.19,-11.79,2.76,-11.19,-11.19,-11.19,,,,False,False,88600.0,768124,893677,899955,0.63,0.69,280,-78,-199,-6.37,-8.73,,-2.84,2.76,0,,,
068270_2026-06-03_pick_h20,068270_2026-06-03_pick,2,2026-06-03,pick,068270,셀트리온,장투가능,,20,,187900.0,True,,ok,,,,,,,,,,,,,,,,,,39.0,매집 우위,100,45.42,97.92,0.921,48203175050.0,89176617750.0,krx,,,,,,,,,,,,,,,,,,,,,,,,,,,,,,,,,,,,,,,,,,482,892,-212,-287,1,0.12,-18.1,9.37,기초 의약물질 제조업,0.33,-0.2,1464.8,45.4,0,-6.28,-24.39,-2.08,0.0,0.15,3.84,0.0,74.2,433366,메가(10조+),KOSPI,True,,,,True,matured,66,-6.01,,,,-8.78,-9.53,-11.55,-7.61,-6.01,-4.63,17,-3.29,-15.17,2,12.42,-10.96,2,-15.17,-13.1,7.09,-8.78,-8.78,-8.78,,,,False,False,176600.0,581517,770109,779538,0.99,0.99,517,-329,-2350,-14.48,-15.65,,-15.53,7.09,59,['대주주/대량보유'],"['임원ㆍ주요주주특정증권등소유상황보고서', '임원ㆍ주요주주특정증권등소유상황보고서', '임원ㆍ주요주주특정증권등소유상황보고서']",False
064350_2026-06-03_pick_h20,064350_2026-06-03_pick,1,2026-06-03,pick,064350,현대로템,장투가능,,20,,203000.0,True,,ok,,,,,,,,,,,,,,,,,,39.9,매집 우위,100,42.86,94.76,0.87,192152807000.0,177981149950.0,krx,,,,,,,,,,,,,,,,,,,,,,,,,,,,,,,,,,,,,,,,,,1922,1780,-1159,-751,0,0.11,174.1,9.37,그외 기타 운송장비 제조업,1.24,-0.48,1553.8,42.9,0,-24.39,-24.54,-5.24,0.0,0.15,3.84,0.0,74.2,138829,메가(10조+),KOSPI,True,,,,True,matured,66,-2.76,,,,-5.71,-10.89,-7.19,4.19,-2.76,11.58,8,-25.03,-16.35,16,16.25,-6.7,2,-13.79,-13.1,10.34,-13.79,-13.79,-13.79,,,,True,False,197400.0,664121,760579,765402,1.26,1.14,1944,-270,-1682,-13.79,-15.47,,-15.53,10.34,38,['대주주/대량보유'],"['임원ㆍ주요주주특정증권등소유상황보고서', '임원ㆍ주요주주특정증권등소유상황보고서', '임원ㆍ주요주주특정증권등소유상황보고서']",False
145020_2026-06-03_pick_h20,145020_2026-06-03_pick,2,2026-06-03,pick,145020,휴젤,장투가능,,20,,243000.0,True,,ok,,,,,,,,,,,,,,,,,,28.0,매집 우위,4.9,28.57,91.59,0.848,-4797274500.0,23094879750.0,krx,,,,,,,,,,,,,,,,,,,,,,,,,,,,,,,,,,,,,,,,,,-48,231,53,-5,3,0.36,3.1,9.37,우량기업부,-0.27,-0.03,176.0,28.6,0,-3.76,-37.37,-8.41,0.0,0.15,3.84,0.0,74.2,30412,대형(1조+),KOSDAQ,True,,,,True,matured,66,11.11,,,,1.23,-0.41,1.03,3.29,11.11,12.96,17,-3.83,-6.17,2,20.39,-1.44,,,-13.1,24.21,11.11,12.96,12.0,,,,False,True,270000.0,69435,72299,72442,1.16,0.81,116,110,-222,2.26,0.41,,-15.53,26.64,6,['대주주/대량보유'],"['[기재정정]주식등의대량보유상황보고서(일반)', '[기재정정]주식등의대량보유상황보고서(일반)', '[기재정정]주식등의대량보유상황보고서(일반)']",False
141080_2026-06-03_pick_h20,141080_2026-06-03_pick,2,2026-06-03,pick,141080,리가켐바이오,장투가능,,20,,147700.0,True,,ok,,,,,,,,,,,,,,,,,,46.6,강한 매집 — 세력 유입,100,24.5,87.72,0.96,2324400550.0,-24062029450.0,krx,,,,,,,,,,,,,,,,,,,,,,,,,,,,,,,,,,,,,,,,,,23,-241,86,-136,0,0.72,197.2,9.37,기술성장기업부,0.03,-0.19,730.3,24.5,1,-19.47,-30.82,-12.28,2.5,0.15,3.84,0.0,74.2,34169,대형(1조+),KOSDAQ,True,,,,True,matured,66,-3.25,,,,-7.85,-13.34,-8.73,-8.94,-3.25,10.29,17,-12.28,-21.12,2,39.83,-11.37,2,-21.12,-13.1,9.85,-21.12,-21.12,-21.12,,,,True,False,142900.0,329168,486563,494433,2.37,1.09,-947,130,717,-10.9,-11.44,,-15.53,12.28,2,"['메자닌(전환물량)', '증자(희석)']","['주요사항보고서(유상증자결정)', '주요사항보고서(전환사채권발행결정)']",False
006400_2026-06-03_pick_h5,006400_2026-06-03_pick,1,2026-06-03,pick,006400,삼성SDI,단기스윙,,5,,602000.0,True,,ok,,,,,,,,,,,,,,,,,,47.9,강한 매집 — 세력 유입,100,45.66,93.37,1.206,-685689500.0,359891413500.0,krx,,,,,,,,,,,,,,,,,,,,,,,,,,,,,,,,,,,,,,,,,,-7,3599,1259,-1257,3,0.01,-76.1,9.37,일차전지 및 이차전지 제조업,-0.0,-0.24,5133.0,45.7,0,-13.38,-15.45,-6.63,0.0,0.15,3.84,0.0,74.2,435968,메가(10조+),KOSPI,True,,,,True,matured,66,-17.19,,,,-5.65,-14.45,-17.19,,,-5.65,1,-12.59,-17.52,4,0.4,-17.52,2,-16.45,-11.79,-5.4,-16.45,-16.45,-16.45,,,,False,False,498500.0,466801,834285,852659,0.65,0.62,1433,-1110,-254,-16.78,-20.6,,-2.84,-5.4,0,[],[],False
055550_2026-06-03_pick_h20,055550_2026-06-03_pick,2,2026-06-03,pick,055550,신한지주,장투가능,,20,,96400.0,True,,ok,,,,,,,,,,,,,,,,,,45.2,강한 매집 — 세력 유입,100,49.34,100.75,0.981,55816621800.0,22702762950.0,krx,,,,,,,,,,,,,,,,,,,,,,,,,,,,,,,,,,,,,,,,,,558,227,-385,-171,0,0.02,-41.5,9.37,기타 금융업,0.41,-0.13,1353.7,49.3,1,-3.5,-9.06,0.75,4.8,0.15,3.84,0.0,74.2,534704,메가(10조+),KOSPI,True,,,,True,matured,66,6.02,,,,11.51,4.98,0.52,4.56,6.02,11.51,1,-14.79,-4.98,16,11.57,1.87,,,-13.1,19.12,6.02,6.02,6.02,,,,True,True,102200.0,2050259,1435004,1404242,2.52,0.92,143,1309,-1317,8.61,0.1,,-15.53,19.12,0,[],[],False
112040_2026-06-03_pick_h5,112040_2026-06-03_pick,1,2026-06-03,pick,112040,위메이드,,,5,,19520.0,True,,ok,,,,,,,,,,,,,,,,,,1.6,중립/관망,15.1,36.95,93.48,1.11,128549395.0,559237275.0,krx,,,,,,,,,,,,,,,,,,,,,,,,,,,,,,,,,,,,,,,,,,1,6,14,-16,0,3.69,7.0,9.37,중견기업부,0.03,-0.51,31.2,37.0,1,-21.76,-54.6,-6.52,2.5,0.15,3.84,0.0,74.2,5160,중형(3천억+),KOSDAQ,True,,,,True,matured,66,-8.35,,,,-5.64,-12.81,-8.35,,,-5.64,1,-8.52,-13.68,4,6.17,-13.68,2,-12.14,-11.79,3.44,-12.14,-12.14,-12.14,,,,False,False,17890.0,130557,158493,159889,0.72,0.93,9,5,-17,-18.8,-21.26,,-2.84,-5.51,2,['대주주/대량보유'],"['주식등의대량보유상황보고서(일반)', '주식등의대량보유상황보고서(일반)']",False
138080_2026-06-03_pick_h5,138080_2026-06-03_pick,1,2026-06-03,pick,138080,오이솔루션,,,5,,34500.0,True,,ok,,,,,,,,,,,,,,,,,,,,,,,,,,,,,,,,,,,,,,,,,,,,,,,,,,,,,,,,,,,,,,,,,,,,-5,66,-23,27,1,0.95,703.8,9.37,벤처기업부,-0.01,0.07,393.0,21.9,1,-10.85,-36.11,-18.01,2.5,0.15,3.84,0.0,74.2,2649,소형,KOSDAQ,True,,,,True,matured,66,-11.3,,,,0.0,-4.93,-11.3,,,0.0,1,-15.36,-15.36,4,4.79,-15.36,2,-10.14,-11.79,0.49,-10.14,-10.14,-10.14,,,,False,False,30600.0,1376716,1150430,1139115,0.41,0.41,27,13,-43,4.78,1.74,,-2.84,-8.46,0,,,
226950_2026-06-03_pick_h5,226950_2026-06-03_pick,1,2026-06-03,pick,226950,올릭스,,,5,,156000.0,True,,ok,,,,,,,,,,,,,,,,,,,,,,,,,,,,,,,,,,,,,,,,,,,,,,,,,,,,,,,,,,,,,,,,,,,,-86,340,260,-162,1,1.07,-6.3,9.37,기술성장기업부,-0.15,-0.29,568.3,44.6,0,-9.57,-24.64,-4.9,0.0,0.15,3.84,0.0,74.2,20536,대형(1조+),KOSDAQ,True,,,,True,matured,66,-20.32,,,,-4.62,-15.58,-20.32,,,-4.62,1,-17.74,-21.54,2,7.6,-21.03,2,-21.54,-11.79,-8.53,-21.54,-21.54,-21.54,,,,False,False,124300.0,283215,360432,364293,1.15,1.21,156,-190,43,4.17,0.58,,-2.84,-17.48,0,[],[],False
017670_2026-06-03_short_h5,017670_2026-06-03_short,1,2026-06-03,short,017670,SK텔레콤,숏,,5,,125200.0,True,,ok,,,,,,,,,,,,,,,,,,-47.4,강한 분산 — 떠넘기기 의심,-100,71.89,123.33,6.153,-251769965900.0,-189711170300.0,krx,,,,,,,,,,,,,,,,,,,,,,,,,,,,,,,,,,,,,,,,,,-2518,-1897,-489,2911,3,0.05,-32.8,9.37,전기 통신업,-1.2,1.39,2097.1,71.9,3,31.65,0.0,23.33,61.3,0.15,3.84,0.0,74.2,201473,메가(10조+),KOSPI,True,,,,True,matured,66,-20.13,,,,-15.02,-13.66,-20.13,,,-13.66,3,-7.49,-20.13,5,0.0,-15.58,1,-15.02,-11.79,-8.34,-15.02,-15.02,-15.02,,,,False,True,100000.0,3053343,1740665,1675031,2.13,1.13,-2552,497,2038,-16.13,-20.05,,-2.84,-8.34,0,[],[],False
035420_2026-06-03_short_h5,035420_2026-06-03_short,1,2026-06-03,short,035420,NAVER,숏,,5,,280500.0,True,,ok,,,,,,,,,,,,,,,,,,-47.0,강한 분산 — 떠넘기기 의심,-100,78.78,131.85,4.532,-699312717650.0,-873205035050.0,krx,,,,,,,,,,,,,,,,,,,,,,,,,,,,,,,,,,,,,,,,,,-6993,-8732,4089,2944,2,0.33,26.6,9.37,"자료처리, 호스팅, 포털 및 기타 인터넷 정보매개 서비스업",-1.02,0.43,6847.6,78.8,4,32.94,-3.44,31.85,62.6,0.15,3.84,0.0,74.2,331527,메가(10조+),KOSPI,True,,,,True,matured,66,-20.14,,,,-8.91,-8.38,-20.14,,,-0.53,2,-19.71,-20.14,5,0.0,-19.07,4,-19.07,-11.79,-8.35,-8.91,-8.91,-8.91,,,,False,True,224000.0,3324373,2483274,2441219,4.09,0.89,-1933,4085,-2256,-21.93,-28.16,,-2.84,-8.35,10,['대주주/대량보유'],"['임원ㆍ주요주주특정증권등소유상황보고서', '임원ㆍ주요주주특정증권등소유상황보고서', '임원ㆍ주요주주특정증권등소유상황보고서']",False
009150_2026-06-03_short_h5,009150_2026-06-03_short,3,2026-06-03,short,009150,삼성전기,숏,,5,,1813000.0,True,,ok,,,,,,,,,,,,,,,,,,-40.2,강한 분산 — 떠넘기기 의심,-100,76.57,143.88,1.406,381184307000.0,-510202772500.0,krx,,,,,,,,,,,,,,,,,,,,,,,,,,,,,,,,,,,,,,,,,,3812,-5102,-4494,700,0,0.22,-3.0,9.37,전자부품 제조업,0.15,0.03,26164.5,76.6,0,117.91,-14.76,43.88,36.6,0.15,3.84,0.0,74.2,1086046,메가(10조+),KOSPI,True,,,,True,matured,66,-0.44,,,,-3.09,8.66,-0.44,,,8.66,3,-8.38,-8.22,2,18.39,-0.44,,,-11.79,11.35,-8.22,-8.22,-8.22,,,,True,True,1805000.0,1435204,1442784,1443163,1.14,0.87,-6588,1868,4515,-14.18,-14.4,,-2.84,11.35,1,['대주주/대량보유'],['임원ㆍ주요주주특정증권등소유상황보고서'],False
066570_2026-06-03_short_h5,066570_2026-06-03_short,1,2026-06-03,short,066570,LG전자,숏,,5,,392500.0,True,,ok,,,,,,,,,,,,,,,,,,-37.0,분산 우위 — 경계,-100,79.27,177.64,2.453,-1224441831500.0,-1718431038500.0,krx,,,,,,,,,,,,,,,,,,,,,,,,,,,,,,,,,,,,,,,,,,-12244,-17184,-813,11096,3,1.1,105.5,9.37,통신 및 방송 장비 제조업,-0.68,0.62,17898.2,79.3,3,178.57,0.0,77.64,71.8,0.15,3.84,0.0,74.2,348573,메가(10조+),KOSPI,True,,,,True,matured,66,-42.42,,,,-22.8,-36.82,-42.42,,,-22.8,1,-26.07,-42.93,4,0.89,-42.93,1,-22.8,-11.79,-30.63,-22.8,-22.8,-22.8,,,,False,True,226000.0,4294026,4547384,4560052,1.33,0.81,-8098,-1314,9499,-51.08,-53.78,,-2.84,-30.63,1,['대주주/대량보유'],['임원ㆍ주요주주특정증권등소유상황보고서'],False
000270_2026-06-04_pick_h20,000270_2026-06-04_pick,4,2026-06-04,pick,000270,기아,장투가능,,20,,168800.0,True,,ok,,,,,,,,,,,,,,,,,,52.2,강한 매집 — 세력 유입,100,50.34,102.22,0.769,101131047600.0,-7933667050.0,krx,,,,,,,,,,,,,,,,,,,,,,,,,,,,,,,,,,,,,,,,,,1011,-79,-212,-742,0,0.02,-29.1,9.37,자동차용 엔진 및 자동차 제조업,0.32,-0.23,3183.7,50.3,0,11.2,-18.06,2.22,4.2,0.15,3.84,0.0,74.2,501290,메가(10조+),KOSPI,True,,,,True,matured,66,-13.98,,,,-4.56,-2.67,-7.58,-5.92,-13.98,0.83,8,-20.51,-19.85,16,7.32,-5.39,2,-10.31,-13.1,-0.88,-10.31,-10.31,-10.31,,,,False,False,145200.0,1477518,1866644,1886101,0.61,0.61,2091,-750,-1334,-10.96,-18.66,,-15.53,-0.88,1,['대주주/대량보유'],['임원ㆍ주요주주특정증권등소유상황보고서'],False
196170_2026-06-04_pick_h5,196170_2026-06-04_pick,4,2026-06-04,pick,196170,알테오젠,단기스윙,,5,,357000.0,True,,ok,,,,,,,,,,,,,,,,,,51.0,강한 매집 — 세력 유입,100,54.72,98.87,0.877,-5513497250.0,-10630262500.0,krx,,,,,,,,,,,,,,,,,,,,,,,,,,,,,,,,,,,,,,,,,,-55,-106,1364,-1297,4,2.34,-13.3,9.37,우량기업부,-0.03,-0.6,2162.4,54.7,0,-3.12,-36.14,-1.13,0.0,0.15,3.84,0.0,74.2,199214,메가(10조+),KOSDAQ,True,,,,True,matured,66,-2.8,,,,-6.86,-8.54,-2.8,,,-2.8,5,0.0,-18.91,2,19.86,-11.76,2,-18.91,-11.79,8.99,-18.91,-18.91,-18.91,,,,False,False,347000.0,393271,595591,605707,1.56,0.96,466,-218,-199,-32.65,-38.36,,-2.84,0.04,0,[],[],False
141080_2026-06-04_pick_h1,141080_2026-06-04_pick,3,2026-06-04,pick,141080,리가켐바이오,장전선취매,,1,,147700.0,True,,ok,,,,,,,,,,,,,,,,,,46.6,강한 매집 — 세력 유입,100,24.5,87.72,0.96,2324400550.0,-24062029450.0,krx,,,,,,,,,,,,,,,,,,,,,,,,,,,,,,,,,,,,,,,,,,23,-241,86,-136,0,0.72,197.2,9.37,기술성장기업부,0.03,-0.19,730.3,24.5,1,-19.47,-30.82,-12.28,2.5,0.15,3.84,0.0,74.2,34169,대형(1조+),KOSDAQ,True,,,,True,matured,66,-7.85,,,,-7.85,,,,,-7.85,1,0.0,-7.85,1,0.0,,,,-7.28,-0.57,-7.85,-7.85,-7.85,,,,False,False,136100.0,329168,486563,494433,0.8,0.8,-40,-129,181,-10.9,-11.44,,-2.3,-5.55,0,,,
028260_2026-06-04_pick_h5,028260_2026-06-04_pick,4,2026-06-04,pick,028260,삼성물산,단기스윙,,5,,485500.0,True,,ok,,,,,,,,,,,,,,,,,,64.0,강한 매집 — 세력 유입,100,59.92,117.55,1.075,69231411000.0,58052969750.0,krx,,,,,,,,,,,,,,,,,,,,,,,,,,,,,,,,,,,,,,,,,,692,581,729,-1306,0,0.13,20.4,9.37,기타 전문 도매업,0.17,-0.33,4001.0,59.9,3,62.65,0.0,17.55,52.4,0.15,3.84,0.0,74.2,622724,메가(10조+),KOSPI,True,,,,True,matured,66,-15.55,,,,-5.15,-11.64,-15.55,,,-5.15,1,-11.51,-16.07,4,0.61,-16.07,2,-15.86,-11.79,-3.76,-15.86,-15.86,-15.86,,,,False,False,410000.0,1331923,848287,824106,0.99,0.74,39,-473,393,-10.71,-10.71,,-2.84,-3.76,0,[],[],False
064350_2026-06-04_pick_h5,064350_2026-06-04_pick,2,2026-06-04,pick,064350,현대로템,단기스윙,,5,,203000.0,True,,ok,,,,,,,,,,,,,,,,,,39.9,매집 우위,100,42.86,94.76,0.87,192152807000.0,177981149950.0,krx,,,,,,,,,,,,,,,,,,,,,,,,,,,,,,,,,,,,,,,,,,1922,1780,-1159,-751,0,0.11,174.1,9.37,그외 기타 운송장비 제조업,1.24,-0.48,1553.8,42.9,0,-24.39,-24.54,-5.24,0.0,0.15,3.84,0.0,74.2,138829,메가(10조+),KOSPI,True,,,,True,matured,66,-7.19,,,,-5.71,-10.89,-7.19,,,-5.71,1,-8.57,-13.79,2,8.23,-6.7,2,-13.79,-11.79,4.6,-13.79,-13.79,-13.79,,,,False,False,188400.0,664121,760579,765402,0.54,0.63,91,-191,59,-13.79,-15.47,,-2.84,4.6,38,['대주주/대량보유'],"['임원ㆍ주요주주특정증권등소유상황보고서', '임원ㆍ주요주주특정증권등소유상황보고서', '임원ㆍ주요주주특정증권등소유상황보고서']",False
272210_2026-06-04_pick_h5,272210_2026-06-04_pick,4,2026-06-04,pick,272210,한화시스템,단기스윙,,5,,97400.0,True,,ok,,,,,,,,,,,,,,,,,,48.0,강한 매집 — 세력 유입,100,37.61,88.86,1.085,46703591300.0,114989240500.0,krx,,,,,,,,,,,,,,,,,,,,,,,,,,,,,,,,,,,,,,,,,,467,1150,-364,-97,0,1.3,-21.5,9.37,전자부품 제조업,0.53,-0.11,876.6,37.6,0,-16.97,-40.14,-11.14,0.0,0.15,3.84,0.0,74.2,133377,메가(10조+),KOSPI,True,,,,True,matured,66,-9.03,,,,-2.87,-11.09,-9.03,,,-2.87,1,-8.56,-11.19,2,5.9,-5.95,2,-11.19,-11.79,2.76,-11.19,-11.19,-11.19,,,,False,False,88600.0,768124,893677,899955,0.63,0.69,280,-78,-199,-6.37,-8.73,,-2.84,2.76,0,,,
128940_2026-06-04_pick_h5,128940_2026-06-04_pick,1,2026-06-04,pick,128940,한미약품,단기스윙,,5,,507000.0,True,,ok,,,,,,,,,,,,,,,,,,,,,,,,,,,,,,,,,,,,,,,,,,,,,,,,,,,,,,,,,,,,,,,,,,,,-643,-219,407,251,0,0.37,277.5,9.37,의약품 제조업,-0.71,0.28,909.5,59.6,0,10.22,-19.01,10.84,8.4,0.15,3.84,0.0,74.2,60916,대형(1조+),KOSPI,True,,,,True,matured,66,-18.93,,,,-2.56,-15.48,-18.93,,,-2.56,1,-16.8,-18.93,5,0.0,-18.84,2,-18.54,-11.79,-7.14,-18.54,-18.54,-18.54,,,,False,False,411000.0,211491,180924,179396,3.02,0.94,131,-336,185,0.2,-6.11,,-2.84,-7.14,2,['대주주/대량보유'],"['임원ㆍ주요주주특정증권등소유상황보고서', '임원ㆍ주요주주특정증권등소유상황보고서']",False
373220_2026-06-04_pick_h5,373220_2026-06-04_pick,1,2026-06-04,pick,373220,LG에너지솔루션,단기스윙,,5,,442500.0,True,,ok,,,,,,,,,,,,,,,,,,23.7,매집 우위,100,49.88,101.89,2.619,163288213000.0,265890434750.0,krx,,,,,,,,,,,,,,,,,,,,,,,,,,,,,,,,,,,,,,,,,,1633,2659,935,-1047,0,1.33,8.0,9.37,일차전지 및 이차전지 제조업,0.59,-0.38,2752.4,49.9,0,-3.91,-13.91,1.89,0.0,0.15,3.84,0.0,74.2,848250,메가(10조+),KOSPI,True,,,,True,matured,66,-13.11,,,,-6.44,-10.4,-13.11,,,-6.44,1,-7.13,-13.11,5,0.0,-12.88,2,-12.2,-11.79,-1.32,-12.2,-12.2,-12.2,,,,False,False,384500.0,708012,626113,622018,0.71,0.72,49,-282,828,-21.24,-23.39,,-2.84,-1.32,2,['대주주/대량보유'],"['임원ㆍ주요주주특정증권등소유상황보고서', '임원ㆍ주요주주특정증권등소유상황보고서']",False
440110_2026-06-04_pick_h5,440110_2026-06-04_pick,1,2026-06-04,pick,440110,파두,,,5,,107100.0,True,,ok,,,,,,,,,,,,,,,,,,,,,,,,,,,,,,,,,,,,,,,,,,,,,,,,,,,,,,,,,,,,,,,,,,,,2128,5129,-1483,-618,0,0.0,,9.37,기술성장기업부,1.06,-0.31,2016.1,59.4,0,36.96,-16.52,3.26,18.3,0.15,3.84,0.0,74.2,35028,대형(1조+),KOSDAQ,True,,,,True,matured,66,-7.28,,,,2.52,-3.64,-7.28,,,2.52,1,-9.56,-7.28,5,0.0,-7.0,,,-11.79,4.51,-7.28,-7.28,-7.28,,,,False,False,99300.0,1298515,1854661,1882468,0.57,0.53,835,-548,-296,-0.47,-1.96,,-2.84,-4.44,2,['대주주/대량보유'],"['임원ㆍ주요주주특정증권등소유상황보고서', '임원ㆍ주요주주특정증권등소유상황보고서']",False
170920_2026-06-04_pick_h5,170920_2026-06-04_pick,1,2026-06-04,pick,170920,엘티씨,,,5,,41450.0,True,,ok,,,,,,,,,,,,,,,,,,,,,,,,,,,,,,,,,,,,,,,,,,,,,,,,,,,,,,,,,,,,,,,,,,,,63,50,-4,-58,1,0.28,-20.5,9.37,벤처기업부,0.53,-0.49,119.5,51.0,2,-9.5,-16.52,-3.58,5.0,0.15,3.84,0.0,74.2,3951,중형(3천억+),KOSDAQ,True,,,,True,matured,66,39.45,,,,12.18,23.04,39.45,,,39.45,5,0.0,9.05,2,27.88,20.87,,,-11.79,51.24,39.45,12.18,12.0,,,,False,True,57800.0,913408,318112,288348,2.28,1.18,2,112,-99,5.79,5.31,,-2.84,42.29,0,,,
043260_2026-06-04_pick_h5,043260_2026-06-04_pick,1,2026-06-04,pick,043260,성호전자,,,5,,47500.0,True,,ok,,,,,,,,,,,,,,,,,,,,,,,,,,,,,,,,,,,,,,,,,,,,,,,,,,,,,,,,,,,,,,,,,,,,121,503,379,-516,0,0.04,-27.0,9.37,우량기업부,0.08,-0.35,1480.0,49.8,2,16.14,-10.71,14.69,11.1,0.15,3.84,0.0,74.2,11654,대형(1조+),KOSDAQ,True,,,,True,matured,66,-4.11,,,,2.74,-0.42,-4.11,,,2.74,1,-16.8,-14.53,4,12.19,-14.53,2,-12.21,-11.79,7.68,-12.21,-12.21,-12.21,,,,False,False,45550.0,13090038,3590760,3115796,1.68,1.59,-249,502,-281,-0.11,-6.0,,-2.84,-1.27,3,"['대주주/대량보유', '메자닌(전환물량)']","['기타경영사항(자율공시)              (제14회차 신주인수권부사', '주요사항보고서(자기전환사채만기전취득결정)', '임원ㆍ주요주주특정증권등소유상황보고서']",False
035420_2026-06-04_short_h5,035420_2026-06-04_short,2,2026-06-04,short,035420,NAVER,숏,,5,,280500.0,True,,ok,,,,,,,,,,,,,,,,,,-47.0,강한 분산 — 떠넘기기 의심,-100,78.78,131.85,4.532,-699312717650.0,-873205035050.0,krx,,,,,,,,,,,,,,,,,,,,,,,,,,,,,,,,,,,,,,,,,,-6993,-8732,4089,2944,2,0.33,26.6,9.37,"자료처리, 호스팅, 포털 및 기타 인터넷 정보매개 서비스업",-1.02,0.43,6847.6,78.8,4,32.94,-3.44,31.85,62.6,0.15,3.84,0.0,74.2,331527,메가(10조+),KOSPI,True,,,,True,matured,66,-20.14,,,,-8.91,-8.38,-20.14,,,-0.53,2,-19.71,-20.14,5,0.0,-19.07,4,-19.07,-11.79,-8.35,-8.91,-8.91,-8.91,,,,False,True,224000.0,3324373,2483274,2441219,4.09,0.89,-1933,4085,-2256,-21.93,-28.16,,-2.84,-8.35,10,['대주주/대량보유'],"['임원ㆍ주요주주특정증권등소유상황보고서', '임원ㆍ주요주주특정증권등소유상황보고서', '임원ㆍ주요주주특정증권등소유상황보고서']",False
017670_2026-06-04_short_h5,017670_2026-06-04_short,2,2026-06-04,short,017670,SK텔레콤,숏,,5,,125200.0,True,,ok,,,,,,,,,,,,,,,,,,-47.4,강한 분산 — 떠넘기기 의심,-100,71.89,123.33,6.153,-251769965900.0,-189711170300.0,krx,,,,,,,,,,,,,,,,,,,,,,,,,,,,,,,,,,,,,,,,,,-2518,-1897,-489,2911,3,0.05,-32.8,9.37,전기 통신업,-1.2,1.39,2097.1,71.9,3,31.65,0.0,23.33,61.3,0.15,3.84,0.0,74.2,201473,메가(10조+),KOSPI,True,,,,True,matured,66,-20.13,,,,-15.02,-13.66,-20.13,,,-13.66,3,-7.49,-20.13,5,0.0,-15.58,1,-15.02,-11.79,-8.34,-15.02,-15.02,-15.02,,,,False,True,100000.0,3053343,1740665,1675031,2.13,1.13,-2552,497,2038,-16.13,-20.05,,-2.84,-8.34,0,[],[],False
009150_2026-06-04_short_h5,009150_2026-06-04_short,4,2026-06-04,short,009150,삼성전기,숏,,5,,1813000.0,True,,ok,,,,,,,,,,,,,,,,,,-40.2,강한 분산 — 떠넘기기 의심,-100,76.57,143.88,1.406,381184307000.0,-510202772500.0,krx,,,,,,,,,,,,,,,,,,,,,,,,,,,,,,,,,,,,,,,,,,3812,-5102,-4494,700,0,0.22,-3.0,9.37,전자부품 제조업,0.15,0.03,26164.5,76.6,0,117.91,-14.76,43.88,36.6,0.15,3.84,0.0,74.2,1086046,메가(10조+),KOSPI,True,,,,True,matured,66,-0.44,,,,-3.09,8.66,-0.44,,,8.66,3,-8.38,-8.22,2,18.39,-0.44,,,-11.79,11.35,-8.22,-8.22,-8.22,,,,True,True,1805000.0,1435204,1442784,1443163,1.14,0.87,-6588,1868,4515,-14.18,-14.4,,-2.84,11.35,1,['대주주/대량보유'],['임원ㆍ주요주주특정증권등소유상황보고서'],False
066570_2026-06-04_short_h5,066570_2026-06-04_short,2,2026-06-04,short,066570,LG전자,숏,,5,,392500.0,True,,ok,,,,,,,,,,,,,,,,,,-37.0,분산 우위 — 경계,-100,79.27,177.64,2.453,-1224441831500.0,-1718431038500.0,krx,,,,,,,,,,,,,,,,,,,,,,,,,,,,,,,,,,,,,,,,,,-12244,-17184,-813,11096,3,1.1,105.5,9.37,통신 및 방송 장비 제조업,-0.68,0.62,17898.2,79.3,3,178.57,0.0,77.64,71.8,0.15,3.84,0.0,74.2,348573,메가(10조+),KOSPI,True,,,,True,matured,66,-42.42,,,,-22.8,-36.82,-42.42,,,-22.8,1,-26.07,-42.93,4,0.89,-42.93,1,-22.8,-11.79,-30.63,-22.8,-22.8,-22.8,,,,False,True,226000.0,4294026,4547384,4560052,1.33,0.81,-8098,-1314,9499,-51.08,-53.78,,-2.84,-30.63,1,['대주주/대량보유'],['임원ㆍ주요주주특정증권등소유상황보고서'],False
012450_2026-06-05_pick_h20,012450_2026-06-05_pick,2,2026-06-05,pick,012450,한화에어로스페이스,장투가능,,20,,1068000.0,True,,ok,,,,,,,,,,,,,,,,,,,,,,,,,,,,,,,,,,,,,,,,,,,,,,,,,,,,,,,,,,,,,,,,,,,,655,-874,-1103,429,1,0.05,-36.6,4.99,"항공기,우주선 및 부품 제조업",0.25,0.16,2614.4,24.3,0,-27.1,-30.51,-14.14,0.0,-1.84,-1.7,-1.84,70.99,535744,메가(10조+),KOSPI,,,,,True,matured,65,10.02,,,,-5.81,-3.46,0.94,5.06,10.02,14.61,8,-18.71,-6.84,17,18.09,-5.06,,,-6.38,16.4,10.02,14.61,12.0,,,,True,True,1175000.0,185271,241960,244795,1.2,0.73,-13,2053,-1944,5.15,-0.19,,-17.27,16.4,1,['대주주/대량보유'],['임원ㆍ주요주주특정증권등소유상황보고서'],False
034020_2026-06-05_pick_h5,034020_2026-06-05_pick,2,2026-06-05,pick,034020,두산에너빌리티,단기스윙,,5,,99200.0,True,,ok,,,,,,,,,,,,,,,,,,,,,,,,,,,,,,,,,,,,,,,,,,,,,,,,,,,,,,,,,,,,,,,,,,,,-2013,-6436,-586,2554,6,0.06,102.4,4.99,일반 목적용 기계 제조업,-0.48,0.61,4215.1,28.6,0,-22.01,-27.27,-12.7,0.0,-1.84,-1.7,-1.84,70.99,563053,메가(10조+),KOSPI,,,,,True,matured,65,-6.15,,,,-13.51,-8.17,-6.15,,,-6.15,5,0.0,-13.51,1,8.51,-10.69,1,-13.51,-5.97,-0.18,-13.51,-13.51,-13.51,,,,False,False,93100.0,3954422,4235082,4249115,0.71,0.93,-1111,-282,1307,1.21,-1.61,,-1.97,-0.18,1,['대주주/대량보유'],['주식등의대량보유상황보고서(일반)'],False
000660_2026-06-05_pick_h5,000660_2026-06-05_pick,2,2026-06-05,pick,000660,SK하이닉스,단기스윙,,5,,2298000.0,True,,ok,,,,,,,,,,,,,,,,,,,,,,,,,,,,,,,,,,,,,,,,,,,,,,,,,,,,,,,,,,,,,,,,,,,,-61307,-257338,24498,35788,19,0.0,-97.7,4.99,반도체 제조업,-0.44,0.26,139510.5,66.8,0,58.81,-2.75,16.15,44.9,-1.84,-1.7,-1.84,70.99,13024679,메가(10조+),KOSPI,,,,,True,matured,65,-6.44,,,,-16.84,-10.88,-6.44,,,-3.61,2,-7.54,-16.84,1,15.91,-8.57,1,-16.84,-5.97,-0.47,-16.84,-16.84,-16.84,,,,False,False,2150000.0,5778751,6057036,6070951,0.97,1.09,-17414,-22124,36835,-19.23,-19.28,,-1.97,-0.47,7,"['대주주/대량보유', '증자(희석)']","['주요사항보고서(유상증자결정)', '임원ㆍ주요주주특정증권등소유상황보고서', '임원ㆍ주요주주특정증권등소유상황보고서']",False
005930_2026-06-05_pick_h5,005930_2026-06-05_pick,2,2026-06-05,pick,005930,삼성전자,단기스윙,,5,,351500.0,True,,ok,,,,,,,,,,,,,,,,,,,,,,,,,,,,,,,,,,,,,,,,,,,,,,,,,,,,,,,,,,,,,,,,,,,,-102486,-255428,47409,55359,6,0.0,-100.0,4.99,통신 및 방송 장비 제조업,-0.82,0.44,125562.6,69.1,0,51.18,-2.5,18.57,47.8,-1.84,-1.7,-1.84,70.99,15784952,메가(10조+),KOSPI,,,,,True,matured,65,-8.25,,,,-15.93,-13.94,-8.25,,,-8.25,5,0.0,-15.93,1,9.14,-14.94,1,-15.93,-5.97,-2.28,-15.93,-15.93,-15.93,,,,False,False,322500.0,33725012,35626845,35721936,0.87,1.09,-23014,-24895,44949,-11.81,-14.65,,-1.97,-2.28,8,['대주주/대량보유'],"['임원ㆍ주요주주특정증권등소유상황보고서', '임원ㆍ주요주주특정증권등소유상황보고서', '임원ㆍ주요주주특정증권등소유상황보고서']",False
010120_2026-06-05_pick_h5,010120_2026-06-05_pick,1,2026-06-05,pick,010120,LS일렉트릭,단기스윙,,5,,239500.0,True,,ok,,,,,,,,,,,,,,,,,,,,,,,,,,,,,,,,,,,,,,,,,,,,,,,,,,,,,,,,,,,,,,,,,,,,1311,-4626,-1106,-267,2,0.35,-19.6,4.99,"전동기, 발전기 및 전기 변환 · 공급 · 제어 장치 제조업",0.39,-0.08,3380.4,38.0,0,-18.54,-24.8,-11.86,0.0,-1.84,-1.7,-1.84,70.99,310500,메가(10조+),KOSPI,,,,,True,matured,65,-7.1,,,,-13.15,-1.46,-7.1,,,-1.46,3,-5.72,-13.15,1,13.46,-4.18,1,-13.15,-5.97,-1.13,-13.15,-13.15,-13.15,,,,False,False,222500.0,675315,1376390,1411443,0.97,0.5,1386,-2650,1216,-3.13,-9.39,,-1.97,-1.13,0,[],[],False
196170_2026-06-05_pick_h5,196170_2026-06-05_pick,5,2026-06-05,pick,196170,알테오젠,단기스윙,,5,,346500.0,True,,ok,,,,,,,,,,,,,,,,,,,,,,,,,,,,,,,,,,,,,,,,,,,,,,,,,,,,,,,,,,,,,,,,,,,,-713,-537,586,171,5,2.52,5.4,4.99,우량기업부,-0.34,0.08,2106.7,47.6,0,-7.1,-38.01,-3.68,0.0,-1.84,-1.7,-1.84,70.99,199214,메가(10조+),KOSDAQ,,,,,True,matured,65,-2.74,,,,-16.45,-9.09,-2.74,,,0.14,4,-2.88,-16.45,1,19.86,0.14,1,-16.45,-5.97,3.23,-16.45,-16.45,-16.45,,,,False,False,337000.0,317313,594151,607993,1.57,0.96,610,-163,-412,-30.61,-36.49,,-1.97,-0.77,0,[],[],False
005380_2026-06-05_pick_h5,005380_2026-06-05_pick,2,2026-06-05,pick,005380,현대차,단기스윙,,5,,700000.0,True,,ok,,,,,,,,,,,,,,,,,,,,,,,,,,,,,,,,,,,,,,,,,,,,,,,,,,,,,,,,,,,,,,,,,,,,-6725,-16749,1401,5060,3,1.9,6.8,4.99,자동차용 엔진 및 자동차 제조업,-0.37,0.28,17996.1,48.7,0,29.87,-6.67,5.44,19.5,-1.84,-1.7,-1.84,70.99,804698,메가(10조+),KOSPI,,,,,True,matured,65,-13.29,,,,-8.71,-14.0,-13.29,,,-8.71,1,-6.57,-14.71,4,1.68,-14.71,3,-14.0,-5.97,-7.32,-8.71,-8.71,-8.71,,,,False,False,607000.0,1525982,2521114,2570871,0.53,0.56,-7573,-2058,9644,-11.29,-11.43,,-1.97,-7.32,0,[],[],False
240810_2026-06-05_pick_h5,240810_2026-06-05_pick,1,2026-06-05,pick,240810,원익IPS,단기스윙,,5,,127200.0,True,,ok,,,,,,,,,,,,,,,,,,,,,,,,,,,,,,,,,,,,,,,,,,,,,,,,,,,,,,,,,,,,,,,,,,,,847,1258,-687,-159,0,1.35,38.8,4.99,우량기업부,0.86,-0.16,984.4,47.8,1,3.84,-10.17,6.04,3.9,-1.84,-1.7,-1.84,70.99,57723,대형(1조+),KOSDAQ,,,,,True,matured,65,44.1,,,,-17.53,-8.25,44.1,,,44.1,5,0.0,-17.53,1,74.74,10.85,1,-17.53,-5.97,50.07,-17.53,-17.53,-17.53,,,,False,True,183300.0,3153461,887240,773929,4.55,1.82,-1053,2328,-1556,-9.2,-11.16,,-1.97,46.07,0,,,
058470_2026-06-05_pick_h5,058470_2026-06-05_pick,2,2026-06-05,pick,058470,리노공업,,,5,,99600.0,True,,ok,,,,,,,,,,,,,,,,,,,,,,,,,,,,,,,,,,,,,,,,,,,,,,,,,,,,,,,,,,,,,,,,,,,,769,168,-1017,251,1,2.55,20.0,4.99,우량기업부,0.76,0.25,1005.8,39.3,1,-17.55,-21.57,-5.07,2.5,-1.84,-1.7,-1.84,70.99,52129,대형(1조+),KOSDAQ,,,,,True,matured,65,4.92,,,,-14.56,-6.63,4.92,,,4.92,5,0.0,-14.56,1,22.8,0.2,1,-14.56,-5.97,10.89,-14.56,-14.56,-14.56,,,,False,True,104500.0,816528,1000639,1009844,11.53,0.93,5599,1097,-6689,-10.84,-14.56,,-1.97,6.89,2,['대주주/대량보유'],"['임원ㆍ주요주주특정증권등소유상황보고서', '주식등의대량보유상황보고서(일반)']",False
319660_2026-06-05_pick_h5,319660_2026-06-05_pick,1,2026-06-05,pick,319660,피에스케이,,,5,,114400.0,True,,ok,,,,,,,,,,,,,,,,,,,,,,,,,,,,,,,,,,,,,,,,,,,,,,,,,,,,,,,,,,,,,,,,,,,,475,263,-282,-175,1,0.58,-50.1,4.99,우량기업부,0.97,-0.36,491.2,51.8,1,14.29,-2.14,7.81,27.5,-1.84,-1.7,-1.84,70.99,37135,대형(1조+),KOSDAQ,,,,,True,matured,65,48.51,,,,-2.8,27.45,48.51,,,48.51,5,0.0,-2.8,1,52.79,30.94,,,-5.97,54.48,48.51,20.8,12.0,,,,False,True,169900.0,1227232,467403,429412,3.35,1.57,-762,858,-141,-2.62,-4.9,,-1.97,50.48,0,,,
039030_2026-06-05_pick_h5,039030_2026-06-05_pick,1,2026-06-05,pick,039030,이오테크닉스,,,5,,496000.0,True,,ok,,,,,,,,,,,,,,,,,,,,,,,,,,,,,,,,,,,,,,,,,,,,,,,,,,,,,,,,,,,,,,,,,,,,899,1614,-1056,152,0,0.69,-41.9,4.99,우량기업부,1.22,0.21,735.3,52.0,1,4.42,-13.44,2.62,4.2,-1.84,-1.7,-1.84,70.99,56177,대형(1조+),KOSDAQ,,,,,True,matured,65,23.39,,,,-20.06,-11.69,23.39,,,23.39,5,0.0,-20.06,1,54.35,1.61,1,-20.06,-5.97,29.36,-20.06,-20.06,-20.06,,,,False,True,612000.0,206144,150998,148241,5.44,1.14,-254,578,-347,20.56,6.25,,-1.97,25.36,0,,,
084370_2026-06-05_pick_h5,084370_2026-06-05_pick,1,2026-06-05,pick,084370,유진테크,,,5,,155700.0,True,,ok,,,,,,,,,,,,,,,,,,,,,,,,,,,,,,,,,,,,,,,,,,,,,,,,,,,,,,,,,,,,,,,,,,,,479,833,-147,-332,0,0.95,-4.1,4.99,우량기업부,1.21,-0.84,395.4,59.0,1,17.95,0.0,17.09,38.2,-1.84,-1.7,-1.84,70.99,32816,대형(1조+),KOSDAQ,,,,,True,matured,65,25.95,,,,-16.83,-0.51,25.95,,,25.95,5,0.0,-16.83,1,51.43,14.52,1,-16.83,-5.97,31.92,-16.83,-16.83,-16.83,,,,False,True,196100.0,473525,264376,253918,2.15,0.98,-309,411,-133,-6.94,-9.76,,-1.97,27.92,1,['대주주/대량보유'],['주식등의대량보유상황보고서(약식)'],False
105560_2026-06-07_pick_h1,105560_2026-06-07_pick,1,2026-06-07,pick,105560,KB금융,장전선취매,,1,,171600.0,True,,ok,,,,,,,,,,,,,,,,,,59.0,강한 매집 — 세력 유입,100,67.41,109.72,2.103,100956773450.0,114660189850.0,krx,,,,,,,,,,,,,,,,,,,,,,,,,,,,,,,,,,,,,,,,,,1010,1147,128,-1119,0,0.0,-88.9,-0.3,기타 금융업,0.4,-0.44,2527.6,67.4,5,7.99,0.0,9.72,52.9,-5.54,-7.28,-7.28,61.52,623896,메가(10조+),KOSPI,True,,,,True,matured,64,-9.79,,,,-9.79,,,,,-9.79,1,0.0,-9.79,1,0.0,,1,-9.79,-0.78,-9.01,-9.79,-9.79,-9.79,,,,False,False,154800.0,2364470,1515397,1472943,1.17,1.17,-73,-380,465,-1.57,-12.59,,-3.45,-9.01,4,['대주주/대량보유'],"['주식등의대량보유상황보고서(약식)', '임원ㆍ주요주주특정증권등소유상황보고서', '[기재정정]임원ㆍ주요주주특정증권등소유상황보고서']",False
047810_2026-06-07_pick_h20,047810_2026-06-07_pick,3,2026-06-07,pick,047810,한국항공우주,장투가능,,20,,139000.0,True,,ok,,,,,,,,,,,,,,,,,,50.7,강한 매집 — 세력 유입,100,23.9,85.6,0.756,3918556000.0,-107325158350.0,krx,,,,,,,,,,,,,,,,,,,,,,,,,,,,,,,,,,,,,,,,,,39,-1073,100,-167,0,3.18,12.4,-0.3,"항공기,우주선 및 부품 제조업",0.04,-0.18,914.7,23.9,0,-21.29,-31.19,-14.4,0.0,-5.54,-7.28,-7.28,61.52,126133,메가(10조+),KOSPI,True,,,,True,matured,64,15.9,,,,-8.13,2.09,6.19,6.91,15.9,15.9,20,0.0,-8.13,1,26.16,1.37,,,-1.34,17.24,-8.13,-8.13,-8.13,,,,False,True,161100.0,747180,662276,658030,0.68,1.01,-1888,2529,-771,-9.57,-12.45,,-15.5,17.24,5,['대주주/대량보유'],"['주식등의대량보유상황보고서(약식)', '주식등의대량보유상황보고서(일반)', '주식등의대량보유상황보고서(일반)']",False
032830_2026-06-07_pick_h5,032830_2026-06-07_pick,2,2026-06-07,pick,032830,삼성생명,단기스윙,,5,,412500.0,True,,ok,,,,,,,,,,,,,,,,,,56.3,강한 매집 — 세력 유입,100,64.05,118.09,0.876,-36135573500.0,-177896339000.0,krx,,,,,,,,,,,,,,,,,,,,,,,,,,,,,,,,,,,,,,,,,,-361,-1779,822,-451,0,0.34,38.3,-0.3,보험업,-0.16,-0.2,2267.3,64.1,0,38.42,-14.06,18.09,23.5,-5.54,-7.28,-7.28,61.52,624000,메가(10조+),KOSPI,True,,,,True,matured,64,2.55,,,,-4.73,-11.52,2.55,,,2.55,5,0.0,-11.52,3,15.89,-6.55,2,-10.79,4.72,-2.17,-10.79,-10.79,-10.79,,,,False,True,423000.0,551825,549746,549642,0.81,1.39,620,-97,-498,3.52,2.18,,3.15,-2.17,0,,,
145020_2026-06-07_pick_h20,145020_2026-06-07_pick,3,2026-06-07,pick,145020,휴젤,장투가능,,20,,246000.0,True,,ok,,,,,,,,,,,,,,,,,,41.8,강한 매집 — 세력 유입,81.9,28.42,93.06,0.475,-5769010500.0,25200041250.0,krx,,,,,,,,,,,,,,,,,,,,,,,,,,,,,,,,,,,,,,,,,,-58,252,140,-81,1,0.32,-12.9,-0.3,우량기업부,-0.33,-0.46,177.6,28.4,0,-3.53,-36.6,-6.94,0.0,-5.54,-7.28,-7.28,61.52,30412,대형(1조+),KOSDAQ,True,,,,True,matured,64,-0.2,,,,-1.63,-0.2,0.81,2.85,-0.2,11.59,15,-10.56,-2.64,2,14.61,-0.61,,,-1.34,1.14,-0.2,-0.2,-0.2,,,,True,False,245500.0,58458,71559,72215,1.17,0.31,71,48,-115,1.02,-0.81,,-15.5,15.3,6,['대주주/대량보유'],"['[기재정정]주식등의대량보유상황보고서(일반)', '[기재정정]주식등의대량보유상황보고서(일반)', '[기재정정]주식등의대량보유상황보고서(일반)']",False
272210_2026-06-07_pick_h5,272210_2026-06-07_pick,5,2026-06-07,pick,272210,한화시스템,단기스윙,,5,,94600.0,True,,ok,,,,,,,,,,,,,,,,,,49.6,강한 매집 — 세력 유입,100,29.29,88.37,0.622,64062452600.0,104587326650.0,krx,,,,,,,,,,,,,,,,,,,,,,,,,,,,,,,,,,,,,,,,,,641,1046,-334,-305,0,1.36,-16.1,-0.3,전자부품 제조업,0.78,-0.37,819.2,29.3,0,-22.59,-41.86,-11.63,0.0,-5.54,-7.28,-7.28,61.52,133377,메가(10조+),KOSPI,True,,,,True,matured,64,5.18,,,,-8.46,-6.34,5.18,,,5.18,5,0.0,-8.46,1,14.9,1.48,,,4.72,0.46,-8.46,-8.46,-8.46,,,,False,True,99500.0,618086,854148,865951,0.72,0.84,482,-170,-315,-3.59,-6.03,,3.15,0.46,0,[],[],False
055550_2026-06-07_pick_h5,055550_2026-06-07_pick,3,2026-06-07,pick,055550,신한지주,단기스윙,,5,,107500.0,True,,ok,,,,,,,,,,,,,,,,,,48.2,강한 매집 — 세력 유입,100,67.31,111.64,2.018,68942979050.0,62306345600.0,krx,,,,,,,,,,,,,,,,,,,,,,,,,,,,,,,,,,,,,,,,,,689,623,431,-1120,0,0.01,-77.6,-0.3,기타 금융업,0.42,-0.69,1630.8,67.3,3,10.48,0.0,11.64,48.7,-5.54,-7.28,-7.28,61.52,534704,메가(10조+),KOSPI,True,,,,True,matured,64,-1.77,,,,-5.86,-9.86,-1.77,,,-1.77,5,0.0,-9.86,3,8.98,-7.35,3,-9.86,4.72,-6.49,-8.65,-8.65,-8.65,,,,False,False,105600.0,2158180,1547588,1517058,1.32,1.21,64,394,-426,-2.6,-10.23,,3.15,-6.49,0,[],[],False
028260_2026-06-07_pick_h5,028260_2026-06-07_pick,5,2026-06-07,pick,028260,삼성물산,단기스윙,,5,,460500.0,True,,ok,,,,,,,,,,,,,,,,,,54.8,강한 매집 — 세력 유입,100,52.58,107.59,0.956,24536557750.0,-19363210750.0,krx,,,,,,,,,,,,,,,,,,,,,,,,,,,,,,,,,,,,,,,,,,245,-194,670,-867,1,0.11,-12.0,-0.3,기타 전문 도매업,0.07,-0.23,3745.6,52.6,0,22.64,-13.93,7.59,8.5,-5.54,-7.28,-7.28,61.52,622724,메가(10조+),KOSPI,True,,,,True,matured,64,7.49,,,,-6.84,-10.97,7.49,,,7.49,5,0.0,-11.51,2,21.47,-6.19,2,-11.51,4.72,2.77,-11.51,-11.51,-11.51,,,,False,True,495000.0,542410,800469,813372,0.83,0.79,-493,630,-98,-5.86,-5.86,,3.15,2.77,0,[],[],False
181710_2026-06-07_pick_h5,181710_2026-06-07_pick,1,2026-06-07,pick,181710,NHN,단기스윙,,5,,49050.0,True,,ok,,,,,,,,,,,,,,,,,,,,,,,,,,,,,,,,,,,,,,,,,,,,,,,,,,,,,,,,,,,,,,,,,,,,-132,-190,224,-100,4,0.26,60.1,-0.3,소프트웨어 개발 및 공급업,-1.07,-0.81,123.0,62.3,1,19.93,-17.7,17.13,17.3,-5.54,-7.28,-7.28,61.52,23189,대형(1조+),KOSPI,True,,,,True,matured,64,-20.8,,,,-13.35,-18.25,-20.8,,,-13.35,1,-8.59,-20.8,5,0.0,-18.86,1,-13.35,4.72,-25.52,-13.35,-13.35,-13.35,,,,False,False,38850.0,348250,255373,250729,0.81,0.88,-12,-78,83,-8.26,-8.46,,3.15,-25.52,0,,,
011200_2026-06-07_pick_h5,011200_2026-06-07_pick,2,2026-06-07,pick,011200,HMM,단기스윙,,5,,19450.0,True,,ok,,,,,,,,,,,,,,,,,,42.4,강한 매집 — 세력 유입,99.3,39.48,97.52,0.738,13154285955.0,41575522725.0,krx,,,,,,,,,,,,,,,,,,,,,,,,,,,,,,,,,,,,,,,,,,132,416,-32,-99,0,1.01,11.1,-0.3,해상 운송업,0.4,-0.3,326.6,39.5,0,-5.35,-25.05,-2.48,0.0,-5.54,-7.28,-7.28,61.52,202325,메가(10조+),KOSPI,True,,,,True,matured,64,9.51,,,,-2.16,-3.08,9.51,,,9.51,5,0.0,-5.5,2,15.89,3.08,,,4.72,4.79,9.51,9.51,9.51,,,,False,True,21300.0,1381984,1664977,1679127,1.87,0.92,63,122,-427,-2.83,-5.24,,3.15,4.79,0,[],[],False
069960_2026-06-07_pick_h5,069960_2026-06-07_pick,1,2026-06-07,pick,069960,현대백화점,단기스윙,,5,,146500.0,True,,ok,,,,,,,,,,,,,,,,,,,,,,,,,,,,,,,,,,,,,,,,,,,,,,,,,,,,,,,,,,,,,,,,,,,,-267,-461,259,-26,3,0.29,130.9,-0.3,종합 소매업,-0.96,-0.09,278.8,61.5,6,36.03,0.0,26.83,60.0,-5.54,-7.28,-7.28,61.52,21069,대형(1조+),KOSPI,True,,,,True,matured,64,25.05,,,,13.86,27.71,25.05,,,27.71,3,-5.24,13.86,1,12.17,21.02,,,4.72,20.33,25.05,13.86,12.0,,,,True,True,183200.0,296058,195333,190297,2.19,1.86,-444,554,-169,-6.28,-8.05,,3.15,20.33,4,['대주주/대량보유'],"['임원ㆍ주요주주특정증권등소유상황보고서', '주식등의대량보유상황보고서(일반)', '임원ㆍ주요주주특정증권등소유상황보고서']",False
095340_2026-06-07_pick_h5,095340_2026-06-07_pick,2,2026-06-07,pick,095340,ISC,,,5,,202000.0,True,,ok,,,,,,,,,,,,,,,,,,34.0,매집 우위,67.0,37.27,90.52,1.025,25413814100.0,51122220300.0,krx,,,,,,,,,,,,,,,,,,,,,,,,,,,,,,,,,,,,,,,,,,254,511,-187,-57,1,0.83,-13.2,-0.3,우량기업부,0.52,-0.12,486.7,37.3,0,-21.09,-25.46,-9.48,0.0,-5.54,-7.28,-7.28,61.52,39427,대형(1조+),KOSDAQ,True,,,,True,matured,64,3.71,,,,-9.8,-5.69,3.71,,,13.86,4,-8.91,-10.59,2,27.35,13.86,1,-9.8,4.72,-1.01,-9.8,-9.8,-9.8,,,,True,True,209500.0,236296,240716,240937,5.94,0.89,-236,334,-90,12.87,2.48,,3.15,0.56,0,,,
457550_2026-06-07_pick_h5,457550_2026-06-07_pick,1,2026-06-07,pick,457550,우진엔텍,,,5,,21650.0,True,,ok,,,,,,,,,,,,,,,,,,,,,,,,,,,,,,,,,,,,,,,,,,,,,,,,,,,,,,,,,,,,,,,,,,,,22,73,-3,-19,0,2.09,1.8,-0.3,중견기업부,0.77,-0.67,28.5,34.1,0,-23.9,-40.85,-10.38,0.0,-5.54,-7.28,-7.28,61.52,1252,소형,KOSDAQ,True,,,,True,matured,64,3.23,,,,-2.08,-3.0,3.23,,,3.23,5,0.0,-3.23,2,6.68,0.46,,,4.72,-1.49,3.23,3.23,3.23,,,,False,True,22350.0,89516,129472,131470,0.58,0.27,6,-1,-6,-6.24,-9.93,,3.15,0.08,0,,,
347700_2026-06-07_pick_h5,347700_2026-06-07_pick,1,2026-06-07,pick,347700,스피어,,,5,,30700.0,True,,ok,,,,,,,,,,,,,,,,,,,,,,,,,,,,,,,,,,,,,,,,,,,,,,,,,,,,,,,,,,,,,,,,,,,,-53,434,-179,237,0,0.44,8.5,-0.3,기술성장기업부,-0.11,0.47,502.5,34.5,0,-27.42,-42.18,-25.42,0.0,-5.54,-7.28,-7.28,61.52,9826,중형(3천억+),KOSDAQ,True,,,,True,matured,64,14.66,,,,-8.47,25.41,14.66,,,25.41,3,-8.57,-8.47,1,37.01,19.54,,,4.72,9.94,-8.47,-8.47,-8.47,,,,True,True,35200.0,934797,1603331,1636757,2.65,0.78,-33,161,-119,-11.56,-12.05,,3.15,11.51,1,['증자(희석)'],['유상증자결정(종속회사의주요경영사항)'],False
015760_2026-06-07_short_h5,015760_2026-06-07_short,1,2026-06-07,short,015760,한국전력,숏,,5,,38100.0,True,,ok,,,,,,,,,,,,,,,,,,-46.0,강한 분산 — 떠넘기기 의심,-100,44.28,95.7,0.867,6751220725.0,-162394171850.0,krx,,,,,,,,,,,,,,,,,,,,,,,,,,,,,,,,,,,,,,,,,,68,-1624,-146,63,1,0.26,-9.4,-0.3,전기업,0.07,0.07,957.3,44.3,0,-15.43,-43.89,-4.3,0.0,-5.54,-7.28,-7.28,61.52,210243,메가(10조+),KOSPI,True,,,,True,matured,64,8.66,,,,-5.25,-5.77,8.66,,,8.66,5,0.0,-5.77,3,15.32,-1.18,,,4.72,3.94,8.66,8.66,8.66,,,,False,False,41400.0,2314906,2503181,2512595,1.57,0.89,112,619,-728,8.92,4.46,,3.15,3.94,2,['대주주/대량보유'],"['임원ㆍ주요주주특정증권등소유상황보고서', '임원ㆍ주요주주특정증권등소유상황보고서']",False
267260_2026-06-07_short_h5,267260_2026-06-07_short,1,2026-06-07,short,267260,HD현대일렉트릭,숏,,5,,956000.0,True,,ok,,,,,,,,,,,,,,,,,,-44.0,강한 분산 — 떠넘기기 의심,-100,22.77,82.43,0.635,-36038910500.0,-362275013500.0,krx,,,,,,,,,,,,,,,,,,,,,,,,,,,,,,,,,,,,,,,,,,-360,-3623,-576,894,0,0.47,-22.3,-0.3,"전동기, 발전기 및 전기 변환 · 공급 · 제어 장치 제조업",-0.19,0.48,1851.1,22.8,0,-31.17,-32.68,-17.57,0.0,-5.54,-7.28,-7.28,61.52,275040,메가(10조+),KOSPI,True,,,,True,matured,64,24.9,,,,-1.26,8.05,24.9,,,24.9,5,0.0,-1.26,1,26.48,18.2,,,4.72,20.18,24.9,18.2,12.0,,,,False,False,1194000.0,165152,192270,193626,1.64,0.66,-3581,4688,-1116,-3.03,-6.38,,3.15,20.18,0,[],[],False
009150_2026-06-07_short_h5,009150_2026-06-07_short,5,2026-06-07,short,009150,삼성전기,숏,,5,,1757000.0,True,,ok,,,,,,,,,,,,,,,,,,-33.6,분산 우위 — 경계,-100,71.93,130.9,1.096,-417123831000.0,-839040875500.0,krx,,,,,,,,,,,,,,,,,,,,,,,,,,,,,,,,,,,,,,,,,,-4171,-8390,-1652,5774,2,0.43,91.2,-0.3,전자부품 제조업,-0.16,0.22,26203.8,71.9,1,92.65,-17.4,30.9,34.4,-5.54,-7.28,-7.28,61.52,1086046,메가(10조+),KOSPI,True,,,,True,matured,64,13.77,,,,12.12,2.73,13.77,,,13.77,5,0.0,-2.45,4,16.63,-2.45,,,4.72,9.05,13.77,12.12,12.0,,,,False,False,1999000.0,1261953,1480467,1491393,1.01,1.31,12168,-10792,-1213,-11.44,-11.67,,3.15,9.05,0,[],[],False
006800_2026-06-07_short_h5,006800_2026-06-07_short,1,2026-06-07,short,006800,미래에셋증권,숏,,5,,56400.0,True,,ok,,,,,,,,,,,,,,,,,,,,,,,,,,,,,,,,,,,,,,,,,,,,,,,,,,,,,,,,,,,,,,,,,,,,409,-3703,-1175,774,2,2.97,8.0,-0.3,금융 지원 서비스업,0.2,0.37,2067.2,22.7,0,-32.7,-32.7,-16.35,0.0,-5.54,-7.28,-7.28,61.52,188428,메가(10조+),KOSPI,True,,,,True,matured,64,-8.51,,,,-8.69,-9.4,-8.51,,,-7.27,4,-1.34,-9.4,3,2.35,-7.27,2,-9.22,4.72,-13.23,-8.69,-8.69,-8.69,,,,False,True,51600.0,4409363,3700620,3665183,1.11,1.92,662,-1176,472,-11.17,-13.48,,3.15,-13.23,5,['대주주/대량보유'],"['임원ㆍ주요주주특정증권등소유상황보고서', '임원ㆍ주요주주특정증권등소유상황보고서', '[기재정정]주식등의대량보유상황보고서(일반)']",False
105560_2026-06-08_pick_h5,105560_2026-06-08_pick,2,2026-06-08,pick,105560,KB금융,단기스윙,,5,,171600.0,True,,ok,,,,,,,,,,,,,,,,,,59.0,강한 매집 — 세력 유입,100,67.41,109.72,2.103,101482209400.0,114419157500.0,naver,,,,,,,,,,,,,,,,,,,,,,,,,,,,,,,,,,,,,,,,,,1010,1147,128,-1119,0,0.0,-88.9,-0.3,기타 금융업,0.4,-0.44,2527.6,67.4,5,7.99,0.0,9.72,52.9,-5.54,-7.28,-7.28,61.52,623896,메가(10조+),KOSPI,True,,,,True,matured,64,-1.17,,,,-9.79,-11.71,-1.17,,,-1.17,5,0.0,-11.71,3,11.95,-6.06,1,-9.79,4.72,-5.89,-9.79,-9.79,-9.79,,,,False,False,169600.0,2364470,1515397,1472943,0.93,1.17,230,316,-462,-1.57,-12.59,,3.15,-5.89,5,"['대주주/대량보유', '증자(희석)']","['유상증자결정(자회사의 주요경영사항)', '주식등의대량보유상황보고서(약식)', '임원ㆍ주요주주특정증권등소유상황보고서']",False
055550_2026-06-08_pick_h5,055550_2026-06-08_pick,4,2026-06-08,pick,055550,신한지주,단기스윙,,5,,107500.0,True,,ok,,,,,,,,,,,,,,,,,,48.0,강한 매집 — 세력 유입,100,67.31,111.64,2.018,69927201400.0,63661873700.0,naver,,,,,,,,,,,,,,,,,,,,,,,,,,,,,,,,,,,,,,,,,,689,623,431,-1120,0,0.01,-77.6,-0.3,기타 금융업,0.42,-0.69,1630.8,67.3,3,10.48,0.0,11.64,48.7,-5.54,-7.28,-7.28,61.52,534704,메가(10조+),KOSPI,True,,,,True,matured,64,-1.77,,,,-5.86,-9.86,-1.77,,,-1.77,5,0.0,-9.86,3,8.98,-7.35,3,-9.86,4.72,-6.49,-8.65,-8.65,-8.65,,,,False,False,105600.0,2158180,1547588,1517058,1.32,1.21,64,394,-426,-2.6,-10.23,,3.15,-6.49,0,[],[],False
047810_2026-06-08_pick_h5,047810_2026-06-08_pick,4,2026-06-08,pick,047810,한국항공우주,단기스윙,,5,,139000.0,True,,ok,,,,,,,,,,,,,,,,,,50.7,강한 매집 — 세력 유입,100,23.9,85.6,0.756,3701046800.0,-107634339200.0,naver,,,,,,,,,,,,,,,,,,,,,,,,,,,,,,,,,,,,,,,,,,39,-1073,100,-167,0,3.18,12.4,-0.3,"항공기,우주선 및 부품 제조업",0.04,-0.18,914.7,23.9,0,-21.29,-31.19,-14.4,0.0,-5.54,-7.28,-7.28,61.52,126133,메가(10조+),KOSPI,True,,,,True,matured,64,6.19,,,,-8.13,2.09,6.19,,,6.19,5,0.0,-8.13,1,15.58,1.37,,,4.72,1.47,-8.13,-8.13,-8.13,,,,False,True,147600.0,747180,662276,658030,0.66,1.01,-242,350,-99,-9.57,-12.45,,3.15,1.47,2,['대주주/대량보유'],"['주식등의대량보유상황보고서(일반)', '주식등의대량보유상황보고서(일반)']",False
064350_2026-06-08_pick_h20,064350_2026-06-08_pick,3,2026-06-08,pick,064350,현대로템,장투가능,,20,,191400.0,True,,ok,,,,,,,,,,,,,,,,,,39.5,매집 우위,100,38.67,92.52,0.557,95410621700.0,165805847200.0,naver,,,,,,,,,,,,,,,,,,,,,,,,,,,,,,,,,,,,,,,,,,969,1667,-592,-373,0,0.1,143.4,-0.3,그외 기타 운송장비 제조업,0.71,-0.28,1356.2,38.7,0,-26.95,-28.85,-7.48,0.0,-5.54,-7.28,-7.28,61.52,138829,메가(10조+),KOSPI,True,,,,True,matured,64,2.25,,,,-5.49,-1.57,11.29,6.32,2.25,18.34,6,-25.03,-11.29,14,18.08,8.93,14,-11.29,-1.34,3.59,-11.29,18.34,12.0,,,,True,True,195700.0,480753,697711,708559,1.37,1.24,2344,-326,-2045,-8.57,-10.34,,-15.5,3.59,38,['대주주/대량보유'],"['임원ㆍ주요주주특정증권등소유상황보고서', '임원ㆍ주요주주특정증권등소유상황보고서', '임원ㆍ주요주주특정증권등소유상황보고서']",False
028260_2026-06-08_pick_h20,028260_2026-06-08_pick,6,2026-06-08,pick,028260,삼성물산,장투가능,,20,,460500.0,True,,ok,,,,,,,,,,,,,,,,,,54.7,강한 매집 — 세력 유입,100,52.58,107.59,0.956,27101466500.0,-15798010000.0,naver,,,,,,,,,,,,,,,,,,,,,,,,,,,,,,,,,,,,,,,,,,245,-194,670,-867,1,0.11,-12.0,-0.3,기타 전문 도매업,0.07,-0.23,3745.6,52.6,0,22.64,-13.93,7.59,8.5,-5.54,-7.28,-7.28,61.52,622724,메가(10조+),KOSPI,True,,,,True,matured,64,-2.39,,,,-6.84,-10.97,7.49,12.92,-2.39,12.92,10,-21.83,-11.73,18,10.58,-6.19,2,-11.51,-1.34,-1.05,-11.51,-11.51,-11.51,,,,True,False,449500.0,542410,800469,813372,1.0,0.94,-3681,977,2702,-5.86,-5.86,,-15.5,-1.05,0,[],[],False
145020_2026-06-08_pick_h5,145020_2026-06-08_pick,4,2026-06-08,pick,145020,휴젤,단기스윙,,5,,246000.0,True,,ok,,,,,,,,,,,,,,,,,,40.2,강한 매집 — 세력 유입,79.9,28.42,93.06,0.475,-5853769500.0,25579362500.0,naver,,,,,,,,,,,,,,,,,,,,,,,,,,,,,,,,,,,,,,,,,,-58,252,140,-81,1,0.32,-12.9,-0.3,우량기업부,-0.33,-0.46,177.6,28.4,0,-3.53,-36.6,-6.94,0.0,-5.54,-7.28,-7.28,61.52,30412,대형(1조+),KOSDAQ,True,,,,True,matured,64,0.81,,,,-1.63,-0.2,0.81,,,0.81,5,0.0,-2.64,2,3.55,-0.61,,,4.72,-3.91,0.81,0.81,0.81,,,,False,True,248000.0,58458,71559,72215,0.53,0.31,44,-43,3,1.02,-0.81,,3.15,-2.34,3,['대주주/대량보유'],"['주식등의대량보유상황보고서(일반)', '최대주주변경을수반하는주식담보제공계약체결', '최대주주변경을수반하는주식담보제공계약해제ㆍ취소등']",False
034730_2026-06-08_pick_h5,034730_2026-06-08_pick,3,2026-06-08,pick,034730,SK,단기스윙,,5,,625000.0,True,,ok,,,,,,,,,,,,,,,,,,52.5,강한 매집 — 세력 유입,100,62.43,105.17,0.947,38586830000.0,143105551000.0,naver,,,,,,,,,,,,,,,,,,,,,,,,,,,,,,,,,,,,,,,,,,381,1413,-231,-175,0,0.0,-38.2,-0.3,기타 금융업,0.22,-0.1,1772.0,62.4,0,20.19,-8.09,5.17,19.7,-5.54,-7.28,-7.28,61.52,442992,메가(10조+),KOSPI,True,,,,True,matured,64,3.36,,,,-4.96,-8.0,3.36,,,3.36,5,0.0,-8.0,3,12.35,-5.12,,,4.72,-1.36,3.36,3.36,3.36,,,,False,True,646000.0,240242,281453,283513,0.9,0.95,517,-17,-499,8.0,6.56,,3.15,-1.36,0,[],[],False
000660_2026-06-08_pick_h5,000660_2026-06-08_pick,3,2026-06-08,pick,000660,SK하이닉스,단기스윙,,5,,2070000.0,True,,ok,,,,,,,,,,,,,,,,,,-26.1,분산 우위 — 경계,-100,54.24,103.4,0.883,-5709423641000.0,-27327646585000.0,naver,,,,,,,,,,,,,,,,,,,,,,,,,,,,,,,,,,,,,,,,,,-56982,-272239,15474,40139,20,0.0,-95.8,-0.3,반도체 제조업,-0.46,0.32,124785.6,54.2,0,29.29,-12.4,3.4,11.0,-5.54,-7.28,-7.28,61.52,13024679,메가(10조+),KOSPI,True,,,,True,matured,64,10.53,,,,7.0,1.5,10.53,,,10.53,5,0.0,-1.06,2,11.72,3.86,,,4.72,5.81,10.53,10.53,10.53,,,,False,True,2288000.0,6610833,6056032,6028292,0.64,0.81,-93,-9801,8699,-10.34,-10.39,,3.15,5.81,7,"['대주주/대량보유', '증자(희석)']","['주요사항보고서(유상증자결정)', '임원ㆍ주요주주특정증권등소유상황보고서', '임원ㆍ주요주주특정증권등소유상황보고서']",False
005930_2026-06-08_pick_h5,005930_2026-06-08_pick,3,2026-06-08,pick,005930,삼성전자,단기스윙,,5,,329000.0,True,,ok,,,,,,,,,,,,,,,,,,-23.9,분산 우위 — 경계,-100,58.82,109.81,0.876,-10130310750000.0,-30128147010000.0,naver,,,,,,,,,,,,,,,,,,,,,,,,,,,,,,,,,,,,,,,,,,-101044,-300336,47348,53931,7,0.0,-100.0,-0.3,통신 및 방송 장비 제조업,-0.88,0.47,114338.3,58.8,0,23.68,-8.74,9.81,15.8,-5.54,-7.28,-7.28,61.52,15784952,메가(10조+),KOSPI,True,,,,True,matured,64,2.43,,,,-2.13,-9.12,2.43,,,2.43,5,0.0,-9.12,3,12.71,-1.98,3,-9.12,4.72,-2.29,-8.05,-8.05,-8.05,,,,False,True,337000.0,38929682,34952163,34753287,0.62,0.9,-14996,-18291,31406,-5.78,-8.81,,3.15,-2.29,8,['대주주/대량보유'],"['임원ㆍ주요주주특정증권등소유상황보고서', '임원ㆍ주요주주특정증권등소유상황보고서', '임원ㆍ주요주주특정증권등소유상황보고서']",False
011200_2026-06-08_pick_h5,011200_2026-06-08_pick,3,2026-06-08,pick,011200,HMM,단기스윙,,5,,19450.0,True,,ok,,,,,,,,,,,,,,,,,,41.4,강한 매집 — 세력 유입,97.2,39.48,97.52,0.738,12995105690.0,41226525470.0,naver,,,,,,,,,,,,,,,,,,,,,,,,,,,,,,,,,,,,,,,,,,132,416,-32,-99,0,1.01,11.1,-0.3,해상 운송업,0.4,-0.3,326.6,39.5,0,-5.35,-25.05,-2.48,0.0,-5.54,-7.28,-7.28,61.52,202325,메가(10조+),KOSPI,True,,,,True,matured,64,9.51,,,,-2.16,-3.08,9.51,,,9.51,5,0.0,-5.5,2,15.89,3.08,,,4.72,4.79,9.51,9.51,9.51,,,,False,True,21300.0,1381984,1664977,1679127,1.87,0.92,63,122,-427,-2.83,-5.24,,3.15,4.79,0,[],[],False
099320_2026-06-08_pick_h5,099320_2026-06-08_pick,1,2026-06-08,pick,099320,쎄트렉아이,,,5,,119400.0,True,,ok,,,,,,,,,,,,,,,,,,,,,,,,,,,,,,,,,,,,,,,,,,,,,,,,,,,,,,,,,,,,,,,,,,,,264,227,-74,-190,0,0.09,73.5,-0.3,우량기업부,1.55,-1.11,170.6,27.3,0,-30.98,-44.21,-20.42,0.0,-5.54,-7.28,-7.28,61.52,7644,중형(3천억+),KOSDAQ,True,,,,True,matured,64,-9.55,,,,-5.86,-4.77,-9.55,,,-1.34,4,-8.32,-9.55,5,0.0,-1.34,5,-9.55,4.72,-14.27,-9.55,-9.55,-9.55,,,,False,False,108000.0,104132,141043,142889,1.7,1.65,-363,363,1,-12.06,-12.06,,3.15,-12.7,0,,,
189300_2026-06-08_pick_h5,189300_2026-06-08_pick,1,2026-06-08,pick,189300,인텔리안테크,,,5,,111700.0,True,,ok,,,,,,,,,,,,,,,,,,,,,,,,,,,,,,,,,,,,,,,,,,,,,,,,,,,,,,,,,,,,,,,,,,,,179,50,-222,39,0,0.64,619.5,-0.3,우량기업부,0.72,0.16,249.7,26.0,0,-27.28,-35.21,-24.35,0.0,-5.54,-7.28,-7.28,61.52,6818,중형(3천억+),KOSDAQ,True,,,,True,matured,64,-12.0,,,,-8.68,-6.89,-12.0,,,-6.18,4,-6.2,-12.0,2,6.61,-6.18,2,-12.0,4.72,-16.72,-8.68,-8.68,-8.68,,,,False,False,98300.0,148728,219974,223537,0.96,0.88,63,-95,39,-9.22,-11.55,,3.15,-15.15,1,['대주주/대량보유'],['주식등의대량보유상황보고서(일반)'],False
181710_2026-06-08_pick_h5,181710_2026-06-08_pick,2,2026-06-08,pick,181710,NHN,,,5,,49050.0,True,,ok,,,,,,,,,,,,,,,,,,,,,,,,,,,,,,,,,,,,,,,,,,,,,,,,,,,,,,,,,,,,,,,,,,,,-132,-190,224,-100,4,0.26,60.1,-0.3,소프트웨어 개발 및 공급업,-1.07,-0.81,123.0,62.3,1,19.93,-17.7,17.13,17.3,-5.54,-7.28,-7.28,61.52,23189,대형(1조+),KOSPI,True,,,,True,matured,64,-20.8,,,,-13.35,-18.25,-20.8,,,-13.35,1,-8.59,-20.8,5,0.0,-18.86,1,-13.35,4.72,-25.52,-13.35,-13.35,-13.35,,,,False,False,38850.0,348250,255373,250729,0.81,0.88,-12,-78,83,-8.26,-8.46,,3.15,-25.52,0,,,
009150_2026-06-08_short_h5,009150_2026-06-08_short,6,2026-06-08,short,009150,삼성전기,숏,,5,,1757000.0,True,,ok,,,,,,,,,,,,,,,,,,-33.7,분산 우위 — 경계,-100,71.93,130.9,1.096,-397886722000.0,-826836332000.0,naver,,,,,,,,,,,,,,,,,,,,,,,,,,,,,,,,,,,,,,,,,,-4171,-8390,-1652,5774,2,0.43,91.2,-0.3,전자부품 제조업,-0.16,0.22,26203.8,71.9,1,92.65,-17.4,30.9,34.4,-5.54,-7.28,-7.28,61.52,1086046,메가(10조+),KOSPI,True,,,,True,matured,64,13.77,,,,12.12,2.73,13.77,,,13.77,5,0.0,-2.45,4,16.63,-2.45,,,4.72,9.05,13.77,12.12,12.0,,,,False,False,1999000.0,1261953,1480467,1491393,1.01,1.31,12168,-10792,-1213,-11.44,-11.67,,3.15,9.05,0,[],[],False
068270_2026-06-08_short_h5,068270_2026-06-08_short,3,2026-06-08,short,068270,셀트리온,숏,,5,,171400.0,True,,ok,,,,,,,,,,,,,,,,,,-44.3,강한 분산 — 떠넘기기 의심,-100,37.2,94.39,0.74,-11651596200.0,118399236700.0,naver,,,,,,,,,,,,,,,,,,,,,,,,,,,,,,,,,,,,,,,,,,-116,1171,4,122,3,0.1,-36.2,-0.3,기초 의약물질 제조업,-0.09,0.09,1304.7,37.2,0,-7.64,-27.64,-5.61,0.0,-5.54,-7.28,-7.28,61.52,433366,메가(10조+),KOSPI,True,,,,True,matured,64,2.1,,,,-0.82,-3.03,2.1,,,2.1,5,0.0,-3.03,3,5.29,0.93,,,4.72,-2.62,2.1,2.1,2.1,,,,False,False,175000.0,761456,761221,761209,0.53,0.73,106,-459,-580,-6.24,-7.53,,3.15,-2.62,0,[],[],False
035720_2026-06-08_short_h5,035720_2026-06-08_short,2,2026-06-08,short,035720,카카오,숏,,5,,40250.0,True,,ok,,,,,,,,,,,,,,,,,,-30.1,분산 우위 — 경계,-100,30.07,94.51,0.636,-113850606950.0,-161542617350.0,naver,,,,,,,,,,,,,,,,,,,,,,,,,,,,,,,,,,,,,,,,,,-1207,-1695,-310,1511,1,0.73,139.4,-0.3,"자료처리, 호스팅, 포털 및 기타 인터넷 정보매개 서비스업",-0.98,1.22,1237.0,30.1,0,-13.07,-42.83,-5.49,0.0,-5.54,-7.28,-7.28,61.52,161916,메가(10조+),KOSPI,True,,,,True,matured,64,1.24,,,,-1.86,-2.36,1.24,,,3.11,4,-1.81,-5.22,2,8.78,3.11,,,4.72,-3.48,1.24,1.24,1.24,,,,False,False,40750.0,2625755,3051910,3073218,1.34,0.7,106,164,-273,2.11,0.5,,3.15,-3.48,1,['대주주/대량보유'],['임원ㆍ주요주주특정증권등소유상황보고서'],False
009540_2026-06-08_short_h5,009540_2026-06-08_short,1,2026-06-08,short,009540,HD한국조선해양,숏,,5,,379000.0,True,,ok,,,,,,,,,,,,,,,,,,-46.0,강한 분산 — 떠넘기기 의심,-100,32.43,89.31,0.952,-22952073000.0,17684266500.0,naver,,,,,,,,,,,,,,,,,,,,,,,,,,,,,,,,,,,,,,,,,,-230,184,-132,374,3,0.21,-9.7,-0.3,기타 금융업,-0.21,0.34,1101.3,32.4,0,-16.24,-20.96,-10.69,0.0,-5.54,-7.28,-7.28,61.52,248768,메가(10조+),KOSPI,True,,,,True,matured,64,11.35,,,,-4.35,-0.92,11.35,,,11.35,5,0.0,-4.35,1,16.41,5.01,,,4.72,6.63,11.35,11.35,11.35,,,,False,False,422000.0,246086,288460,290579,0.67,0.88,-457,684,-215,-4.49,-6.86,,3.15,6.63,0,[],[],False
267260_2026-06-08_short_h5,267260_2026-06-08_short,2,2026-06-08,short,267260,HD현대일렉트릭,숏,,5,,956000.0,True,,ok,,,,,,,,,,,,,,,,,,-44.0,강한 분산 — 떠넘기기 의심,-100,22.77,82.43,0.635,-35431242000.0,-362124884000.0,naver,,,,,,,,,,,,,,,,,,,,,,,,,,,,,,,,,,,,,,,,,,-360,-3623,-576,894,0,0.47,-22.3,-0.3,"전동기, 발전기 및 전기 변환 · 공급 · 제어 장치 제조업",-0.19,0.48,1851.1,22.8,0,-31.17,-32.68,-17.57,0.0,-5.54,-7.28,-7.28,61.52,275040,메가(10조+),KOSPI,True,,,,True,matured,64,24.9,,,,-1.26,8.05,24.9,,,24.9,5,0.0,-1.26,1,26.48,18.2,,,4.72,20.18,24.9,18.2,12.0,,,,False,False,1194000.0,165152,192270,193626,1.64,0.66,-3581,4688,-1116,-3.03,-6.38,,3.15,20.18,0,[],[],False
047810_2026-06-09_pick_h1,047810_2026-06-09_pick,5,2026-06-09,pick,047810,한국항공우주,장전선취매,,1,,125000.0,True,,ok,,,,,,,,,,,,,,,,,,50.6,강한 매집 — 세력 유입,100,22.86,78.11,1.135,59258538500.0,-78173225200.0,naver,,,,,,,,,,,,,,,,,,,,,,,,,,,,,,,,,,,,,,,,,,592,-781,-247,-365,0,3.14,11.0,-11.7,"항공기,우주선 및 부품 제조업",0.72,-0.44,821.5,22.9,0,-27.24,-38.12,-21.89,0.0,-8.29,-13.37,-14.96,48.13,126133,메가(10조+),KOSPI,True,,,,True,matured,63,10.08,,,,10.08,,,,,10.08,1,0.0,10.08,1,0.0,,,,3.29,6.79,10.08,10.08,10.08,,,,False,True,137600.0,665780,657582,657173,1.07,1.07,-222,324,-72,-1.28,-2.4,,4.42,6.79,2,['대주주/대량보유'],"['주식등의대량보유상황보고서(일반)', '주식등의대량보유상황보고서(일반)']",False
064350_2026-06-09_pick_h20,064350_2026-06-09_pick,4,2026-06-09,pick,064350,현대로템,장투가능,,20,,175000.0,True,,ok,,,,,,,,,,,,,,,,,,38.8,매집 우위,100,36.55,85.83,0.678,57547185200.0,170841167200.0,naver,,,,,,,,,,,,,,,,,,,,,,,,,,,,,,,,,,,,,,,,,,590,1715,-262,-335,0,0.06,43.1,-11.7,그외 기타 운송장비 제조업,0.51,-0.29,1154.3,36.5,0,-25.53,-34.94,-14.17,0.0,-8.29,-13.37,-14.96,48.13,138829,메가(10조+),KOSPI,True,,,,True,matured,63,6.51,,,,8.23,19.14,29.43,10.63,6.51,29.43,5,-25.03,-2.97,13,18.08,21.71,,,2.3,4.21,6.51,19.14,12.0,,,,True,True,186400.0,637669,658570,659615,1.45,1.32,2764,-743,-2042,1.89,-0.69,,-8.8,4.21,38,['대주주/대량보유'],"['임원ㆍ주요주주특정증권등소유상황보고서', '임원ㆍ주요주주특정증권등소유상황보고서', '임원ㆍ주요주주특정증권등소유상황보고서']",False
329180_2026-06-09_pick_h20,329180_2026-06-09_pick,1,2026-06-09,pick,329180,HD현대중공업,장투가능,,20,,621000.0,True,,ok,,,,,,,,,,,,,,,,,,35.1,매집 우위,100,47.2,92.16,0.704,1705571000.0,-55627381000.0,naver,,,,,,,,,,,,,,,,,,,,,,,,,,,,,,,,,,,,,,,,,,-15,-621,327,-246,0,2.57,0.1,-11.7,선박 및 보트 건조업,-0.0,-0.07,3411.1,47.2,0,-10.39,-16.64,-7.84,0.0,-8.29,-13.37,-14.96,48.13,471276,메가(10조+),KOSPI,True,,,,True,matured,63,-11.11,,,,3.22,4.67,12.4,-5.31,-11.11,14.98,4,-22.69,-11.11,20,0.0,14.98,13,-9.18,2.3,-13.41,-9.18,14.98,12.0,,,,True,False,552000.0,339664,539310,549292,0.73,0.76,276,638,-909,0.64,-2.74,,-8.8,-13.41,0,[],[],False
055550_2026-06-09_pick_h20,055550_2026-06-09_pick,5,2026-06-09,pick,055550,신한지주,장투가능,,20,,97100.0,True,,ok,,,,,,,,,,,,,,,,,,53.1,강한 매집 — 세력 유입,100,52.53,100.93,1.423,39493909400.0,26693006600.0,naver,,,,,,,,,,,,,,,,,,,,,,,,,,,,,,,,,,,,,,,,,,385,254,503,-887,1,0.01,-77.4,-11.7,기타 금융업,0.26,-0.59,1500.5,52.5,0,-1.82,-9.67,0.93,0.8,-8.29,-13.37,-14.96,48.13,534704,메가(10조+),KOSPI,True,,,,True,matured,63,11.84,,,,1.13,2.57,9.89,0.62,11.84,11.84,20,0.0,-5.66,13,18.56,8.75,,,2.3,9.54,11.84,11.84,11.84,,,,False,True,108600.0,1853431,1560023,1545353,0.96,0.85,-743,1806,-940,1.85,-0.62,,-8.8,9.54,0,[],[],False
034020_2026-06-09_pick_h5,034020_2026-06-09_pick,3,2026-06-09,pick,034020,두산에너빌리티,단기스윙,,5,,85800.0,True,,ok,,,,,,,,,,,,,,,,,,-34.4,분산 우위 — 경계,-100,26.33,78.33,0.93,-247722783100.0,-862368913700.0,naver,,,,,,,,,,,,,,,,,,,,,,,,,,,,,,,,,,,,,,,,,,-2495,-8646,-1055,3420,8,0.05,66.0,-11.7,일반 목적용 기계 제조업,-0.72,0.98,3482.7,26.3,0,-37.1,-37.1,-21.67,0.0,-8.29,-13.37,-14.96,48.13,563053,메가(10조+),KOSPI,True,,,,True,matured,63,20.4,,,,6.18,8.51,20.4,,,20.4,5,0.0,3.26,2,16.59,16.32,,,16.6,3.8,20.4,16.32,12.0,,,,False,True,103300.0,3082661,4012565,4059060,0.82,0.75,-1227,707,452,17.02,13.75,,11.77,3.8,1,['대주주/대량보유'],['주식등의대량보유상황보고서(일반)'],False
012450_2026-06-09_pick_h5,012450_2026-06-09_pick,3,2026-06-09,pick,012450,한화에어로스페이스,단기스윙,,5,,1006000.0,True,,ok,,,,,,,,,,,,,,,,,,21.3,매집 우위,55.5,22.07,83.2,0.66,109960447000.0,61340825000.0,naver,,,,,,,,,,,,,,,,,,,,,,,,,,,,,,,,,,,,,,,,,,1126,673,-1048,-58,0,0.06,-31.4,-11.7,"항공기,우주선 및 부품 제조업",0.46,-0.02,2423.7,22.1,0,-23.61,-34.55,-16.8,0.0,-8.29,-13.37,-14.96,48.13,535744,메가(10조+),KOSPI,True,,,,True,matured,63,17.59,,,,2.49,7.16,17.59,,,17.59,5,0.0,0.8,2,16.67,7.75,,,16.6,0.99,17.59,17.59,12.0,,,,False,True,1183000.0,201707,239058,240925,1.55,0.9,-432,646,-181,11.63,5.96,,11.77,0.99,1,['대주주/대량보유'],['임원ㆍ주요주주특정증권등소유상황보고서'],False
272210_2026-06-09_pick_h5,272210_2026-06-09_pick,6,2026-06-09,pick,272210,한화시스템,단기스윙,,5,,86500.0,True,,ok,,,,,,,,,,,,,,,,,,47.7,강한 매집 — 세력 유입,100,31.54,81.96,0.714,67810214100.0,139907983800.0,naver,,,,,,,,,,,,,,,,,,,,,,,,,,,,,,,,,,,,,,,,,,679,1378,-364,-311,0,1.25,-21.0,-11.7,전자부품 제조업,0.92,-0.42,739.3,31.5,0,-25.88,-46.83,-18.04,0.0,-8.29,-13.37,-14.96,48.13,133377,메가(10조+),KOSPI,True,,,,True,matured,63,23.01,,,,5.9,10.98,23.01,,,23.01,5,0.0,2.43,2,20.09,15.03,,,16.6,6.41,23.01,15.03,12.0,,,,False,True,106400.0,719905,848244,854661,2.39,1.38,280,-77,-209,5.43,2.77,,11.77,6.41,0,[],[],False
015760_2026-06-09_pick_h5,015760_2026-06-09_pick,2,2026-06-09,pick,015760,한국전력,단기스윙,,5,,36000.0,True,,ok,,,,,,,,,,,,,,,,,,26.0,매집 우위,80.1,40.68,91.42,0.919,27371129550.0,-129538179800.0,naver,,,,,,,,,,,,,,,,,,,,,,,,,,,,,,,,,,,,,,,,,,277,-1297,-194,-86,0,0.26,-11.8,-11.7,전기업,0.31,-0.1,883.5,40.7,0,-19.46,-46.98,-8.58,0.0,-8.29,-13.37,-14.96,48.13,210243,메가(10조+),KOSPI,True,,,,True,matured,63,10.56,,,,1.11,4.58,10.56,,,15.0,4,-3.86,-0.28,2,15.32,15.0,,,16.6,-6.04,10.56,15.0,12.0,,,,False,True,39800.0,3364256,2497454,2454114,1.57,0.9,-246,518,-275,15.28,10.56,,11.77,-6.04,2,['대주주/대량보유'],"['임원ㆍ주요주주특정증권등소유상황보고서', '임원ㆍ주요주주특정증권등소유상황보고서']",False
095340_2026-06-09_pick_h5,095340_2026-06-09_pick,3,2026-06-09,pick,095340,ISC,,,5,,174900.0,True,,ok,,,,,,,,,,,,,,,,,,45.1,강한 매집 — 세력 유입,100,36.43,79.66,0.981,14909569500.0,53297805200.0,naver,,,,,,,,,,,,,,,,,,,,,,,,,,,,,,,,,,,,,,,,,,147,526,5,-140,0,0.71,-38.8,-11.7,우량기업부,0.35,-0.33,423.1,36.4,0,-29.19,-35.46,-20.34,0.0,-8.29,-13.37,-14.96,48.13,39427,대형(1조+),KOSDAQ,True,,,,True,matured,63,14.07,,,,3.26,31.5,14.07,,,31.5,3,-13.26,3.26,1,27.35,19.78,,,16.6,-2.53,14.07,31.5,12.0,,,,True,True,199500.0,280960,243753,241892,5.87,0.88,-264,224,43,30.36,18.35,,11.77,2.3,0,,,
007660_2026-06-09_pick_h5,007660_2026-06-09_pick,1,2026-06-09,pick,007660,이수페타시스,,,5,,105700.0,True,,ok,,,,,,,,,,,,,,,,,,,,,,,,,,,,,,,,,,,,,,,,,,,,,,,,,,,,,,,,,,,,,,,,,,,,771,-2575,-117,-638,0,0.04,1221.8,-11.7,전자부품 제조업,0.55,-0.46,1397.9,38.2,0,-28.29,-34.51,-18.56,0.0,-8.29,-13.37,-14.96,48.13,82145,대형(1조+),KOSPI,True,,,,True,matured,63,16.37,,,,6.91,15.8,16.37,,,16.56,2,-3.49,6.91,1,9.03,12.49,,,16.6,-0.23,16.37,16.56,12.0,,,,False,True,123000.0,1043287,1309263,1322561,1.66,0.76,-1102,406,697,4.07,2.74,,11.77,-0.23,0,,,
181710_2026-06-09_pick_h5,181710_2026-06-09_pick,3,2026-06-09,pick,181710,NHN,,,5,,45000.0,True,,ok,,,,,,,,,,,,,,,,,,,,,,,,,,,,,,,,,,,,,,,,,,,,,,,,,,,,,,,,,,,,,,,,,,,,-191,-227,181,8,5,0.26,44.6,-11.7,소프트웨어 개발 및 공급업,-1.61,0.07,118.8,57.1,0,13.64,-24.5,6.77,7.2,-8.29,-13.37,-14.96,48.13,23189,대형(1조+),KOSPI,True,,,,True,matured,63,-14.0,,,,-9.89,-11.56,-14.0,,,-9.89,1,-4.56,-14.0,5,0.0,-13.67,1,-9.89,16.6,-30.6,-9.89,-9.89,-9.89,,,,False,False,38700.0,207006,261324,264040,0.71,0.34,31,-108,74,3.0,-8.0,,11.77,-30.6,0,,,
035420_2026-06-09_short_h5,035420_2026-06-09_short,3,2026-06-09,short,035420,NAVER,숏,,5,,279000.0,True,,ok,,,,,,,,,,,,,,,,,,-41.0,강한 분산 — 떠넘기기 의심,-100,73.91,125.89,3.788,-809461681500.0,-914478302600.0,naver,,,,,,,,,,,,,,,,,,,,,,,,,,,,,,,,,,,,,,,,,,-7845,-8969,6829,1077,0,1.04,245.7,-11.7,"자료처리, 호스팅, 포털 및 기타 인터넷 정보매개 서비스업",-0.9,0.12,8748.1,73.9,1,34.46,-3.96,25.89,49.4,-8.29,-13.37,-14.96,48.13,331527,메가(10조+),KOSPI,True,,,,True,matured,63,-13.26,,,,-18.64,-11.47,-13.26,,,-11.11,4,-2.42,-19.71,2,10.71,-11.11,1,-18.64,16.6,-29.86,-18.64,-18.64,-18.64,,,,False,True,242000.0,6918079,3315641,3135520,0.6,0.67,374,805,-1118,-21.51,-27.78,,11.77,-29.86,11,['대주주/대량보유'],"['임원ㆍ주요주주특정증권등소유상황보고서', '임원ㆍ주요주주특정증권등소유상황보고서', '임원ㆍ주요주주특정증권등소유상황보고서']",False
247540_2026-06-09_short_h5,247540_2026-06-09_short,2,2026-06-09,short,247540,에코프로비엠,숏,,5,,159700.0,True,,ok,,,,,,,,,,,,,,,,,,-36.0,분산 우위 — 경계,-100,37.91,79.19,0.818,-102912966500.0,-45312148200.0,naver,,,,,,,,,,,,,,,,,,,,,,,,,,,,,,,,,,,,,,,,,,-1052,-475,-58,1328,5,3.04,8.9,-11.7,중견기업부,-0.85,1.08,1233.5,37.9,0,-32.19,-35.08,-20.81,0.0,-8.29,-13.37,-14.96,48.13,104385,메가(10조+),KOSDAQ,True,,,,True,matured,63,12.4,,,,3.01,6.45,12.4,,,16.78,4,-3.75,2.88,2,13.51,16.78,,,16.6,-4.2,12.4,16.78,12.0,,,,False,False,179500.0,663769,767215,772387,0.67,1.17,143,-616,474,9.95,9.03,,11.77,0.63,2,['대주주/대량보유'],"['주식등의대량보유상황보고서(일반)', '주식등의대량보유상황보고서(일반)']",False
105560_2026-06-10_pick_h20,105560_2026-06-10_pick,3,2026-06-10,pick,105560,KB금융,장투가능,,20,,154800.0,True,,ok,,,,,,,,,,,,,,,,,,64.0,강한 매집 — 세력 유입,100,51.38,99.5,1.06,73489868800.0,30054703200.0,naver,,,,,,,,,,,,,,,,,,,,,,,,,,,,,,,,,,,,,,,,,,733,308,-292,-437,2,0.0,-88.5,-7.87,기타 금융업,0.31,-0.18,2401.9,51.4,1,-4.27,-9.79,-0.5,3.0,8.18,-0.78,-8.01,60.26,623896,메가(10조+),KOSPI,True,,,,True,matured,62,10.47,,,,-2.13,9.56,5.94,-1.94,10.47,11.89,19,-1.27,-3.55,12,16.01,11.11,,,-10.5,20.97,10.47,10.47,10.47,,,,False,True,171000.0,1457834,1547128,1551593,1.01,0.71,-2635,3878,-1043,-1.29,-3.55,,-18.89,20.97,5,"['대주주/대량보유', '증자(희석)']","['유상증자결정(자회사의 주요경영사항)', '주식등의대량보유상황보고서(약식)', '임원ㆍ주요주주특정증권등소유상황보고서']",False
055550_2026-06-10_pick_h20,055550_2026-06-10_pick,6,2026-06-10,pick,055550,신한지주,장투가능,,20,,101200.0,True,,ok,,,,,,,,,,,,,,,,,,60.7,강한 매집 — 세력 유입,100,59.71,105.02,1.199,7591818600.0,23543501800.0,naver,,,,,,,,,,,,,,,,,,,,,,,,,,,,,,,,,,,,,,,,,,67,226,900,-956,2,0.01,-76.9,-7.87,기타 금융업,0.04,-0.6,1591.0,59.7,1,3.27,-5.86,5.02,18.8,8.18,-0.78,-8.01,60.26,534704,메가(10조+),KOSPI,True,,,,True,matured,62,6.03,,,,-4.25,4.35,1.88,-5.43,6.03,7.31,19,-1.2,-9.49,12,18.56,5.43,12,-9.49,-10.5,16.53,-9.49,-9.49,-9.49,,,,False,True,107300.0,1631177,1574909,1572096,0.95,0.84,-577,1550,-856,-3.66,-5.83,,-18.89,16.53,0,[],[],False
032830_2026-06-10_pick_h20,032830_2026-06-10_pick,3,2026-06-10,pick,032830,삼성생명,장투가능,,20,,393000.0,True,,ok,,,,,,,,,,,,,,,,,,55.2,강한 매집 — 세력 유입,100,62.25,109.78,0.863,-48575825500.0,-170150890000.0,naver,,,,,,,,,,,,,,,,,,,,,,,,,,,,,,,,,,,,,,,,,,-488,-1714,597,-100,2,0.32,23.5,-7.87,보험업,-0.22,-0.05,2180.9,62.2,1,33.22,-18.13,9.78,22.2,8.18,-0.78,-8.01,60.26,624000,메가(10조+),KOSPI,True,,,,True,matured,62,-11.96,,,,-7.12,7.63,13.74,10.18,-11.96,26.46,7,-30.38,-11.96,20,0.0,9.67,20,-11.96,-10.5,-1.46,-11.96,13.74,12.0,,,,True,False,346000.0,679195,560862,554945,1.22,0.99,1141,219,-1271,8.65,7.25,,-18.89,-1.46,0,[],[],False
047810_2026-06-10_pick_h20,047810_2026-06-10_pick,6,2026-06-10,pick,047810,한국항공우주 KAI,장투가능,,20,,127700.0,True,,ok,,,,,,,,,,,,,,,,,,50.8,강한 매집 — 세력 유입,100,25.22,80.78,1.013,43938362700.0,-76788356800.0,naver,,,,,,,,,,,,,,,,,,,,,,,,,,,,,,,,,,,,,,,,,,432,-769,-268,-176,1,3.0,4.8,-7.87,"항공기,우주선 및 부품 제조업",0.52,-0.21,837.5,25.2,1,-23.44,-36.78,-19.22,2.5,8.18,-0.78,-8.01,60.26,126133,메가(10조+),KOSPI,True,,,,True,matured,62,11.2,,,,11.12,15.58,21.85,12.06,11.2,26.16,18,-11.86,9.95,9,14.74,21.3,,,-10.5,21.7,11.2,15.58,12.0,,,,True,True,142000.0,702438,658084,655867,0.68,0.73,-2175,2745,-691,1.8,0.78,,-18.89,21.7,5,['대주주/대량보유'],"['주식등의대량보유상황보고서(약식)', '주식등의대량보유상황보고서(일반)', '주식등의대량보유상황보고서(일반)']",False
035720_2026-06-10_pick_h20,035720_2026-06-10_pick,3,2026-06-10,pick,035720,카카오,장투가능,,20,,39500.0,True,,ok,,,,,,,,,,,,,,,,,,48.3,강한 매집 — 세력 유입,100,38.95,94.2,0.663,50387383050.0,-58799140000.0,naver,,,,,,,,,,,,,,,,,,,,,,,,,,,,,,,,,,,,,,,,,,503,-659,-80,-421,0,0.6,92.8,-7.87,"자료처리, 호스팅, 포털 및 기타 인터넷 정보매개 서비스업",0.43,-0.36,1172.7,39.0,1,-14.13,-43.89,-5.8,2.5,8.18,-0.78,-8.01,60.26,161916,메가(10조+),KOSPI,True,,,,True,matured,62,-12.28,,,,-0.51,3.16,2.66,-13.92,-12.28,5.06,2,-20.12,-16.08,12,8.14,2.41,9,-13.29,-10.5,-1.78,-13.29,-13.29,-13.29,,,,False,False,34650.0,2127595,2928890,2968955,1.39,0.61,-159,39,187,4.05,2.41,,-18.89,-1.78,3,['대주주/대량보유'],"['임원ㆍ주요주주특정증권등소유상황보고서', '주식등의대량보유상황보고서(약식)', '임원ㆍ주요주주특정증권등소유상황보고서']",False
095340_2026-06-10_pick_h20,095340_2026-06-10_pick,4,2026-06-10,pick,095340,ISC,장투가능,,20,,182200.0,True,,ok,,,,,,,,,,,,,,,,,,47.8,강한 매집 — 세력 유입,100,42.33,84.36,1.162,17944344500.0,62209672200.0,naver,,,,,,,,,,,,,,,,,,,,,,,,,,,,,,,,,,,,,,,,,,178,616,-46,-120,0,0.67,-41.1,-7.87,우량기업부,0.4,-0.27,450.6,42.3,1,-28.13,-32.77,-15.64,2.5,8.18,-0.78,-8.01,60.26,39427,대형(1조+),KOSDAQ,True,,,,True,matured,62,-24.59,,,,4.56,14.98,6.86,4.56,-24.59,26.23,2,-40.26,-24.59,20,0.0,9.5,16,-15.42,-10.5,-14.09,-15.42,26.23,12.0,,,,True,False,137400.0,213607,245698,247302,5.82,1.13,2877,-2938,56,25.14,13.61,,-18.89,-5.7,2,['대주주/대량보유'],"['주식등의대량보유상황보고서(약식)', '주식등의대량보유상황보고서(약식)']",False
145020_2026-06-10_pick_h20,145020_2026-06-10_pick,5,2026-06-10,pick,145020,휴젤,장투가능,,20,,242000.0,True,,ok,,,,,,,,,,,,,,,,,,29.1,매집 우위,87.4,40.2,92.97,0.727,282505000.0,11906701000.0,naver,,,,,,,,,,,,,,,,,,,,,,,,,,,,,,,,,,,,,,,,,,3,118,87,-88,0,0.29,-24.0,-7.87,우량기업부,0.02,-0.62,141.3,40.2,1,-16.98,-37.63,-7.03,2.5,8.18,-0.78,-8.01,60.26,30412,대형(1조+),KOSDAQ,True,,,,True,matured,62,-1.03,,,,1.45,2.48,6.61,7.23,-1.03,13.43,13,-12.75,-1.03,4,14.61,-1.03,,,-10.5,9.47,-1.03,13.43,12.0,,,,True,False,239500.0,22237,56662,58383,1.47,0.96,33,77,-108,2.69,0.83,,-18.89,17.86,7,"['대주주/대량보유', '전환청구(출회)']","['전환청구권행사', '[기재정정]주식등의대량보유상황보고서(일반)', '[기재정정]주식등의대량보유상황보고서(일반)']",False
058470_2026-06-10_pick_h20,058470_2026-06-10_pick,3,2026-06-10,pick,058470,리노공업,장투가능,,20,,99000.0,True,,ok,,,,,,,,,,,,,,,,,,41.7,강한 매집 — 세력 유입,100,48.63,97.36,1.657,-9033636800.0,47493218200.0,naver,,,,,,,,,,,,,,,,,,,,,,,,,,,,,,,,,,,,,,,,,,-98,469,561,-456,1,2.59,14.8,-7.87,우량기업부,-0.1,-0.46,987.9,48.6,1,-12.08,-22.05,-2.64,2.5,8.18,-0.78,-8.01,60.26,52129,대형(1조+),KOSDAQ,True,,,,True,matured,62,-30.1,,,,0.81,-2.22,-4.34,-13.94,-30.1,5.56,2,-33.78,-30.1,20,0.0,-4.34,9,-14.24,-10.5,-19.6,-14.24,-14.24,-14.24,,,,False,False,69200.0,943372,995308,997905,11.59,0.99,7322,-2745,-4662,-3.64,-7.88,,-18.89,-11.21,5,['대주주/대량보유'],"['주식등의대량보유상황보고서(약식)', '주식등의대량보유상황보고서(약식)', '주식등의대량보유상황보고서(약식)']",False
000270_2026-06-10_pick_h5,000270_2026-06-10_pick,5,2026-06-10,pick,000270,기아,단기스윙,,5,,164300.0,True,,ok,,,,,,,,,,,,,,,,,,37.6,매집 우위,100,51.17,99.18,1.224,121981095200.0,52603203200.0,naver,,,,,,,,,,,,,,,,,,,,,,,,,,,,,,,,,,,,,,,,,,1213,460,-228,-941,0,0.01,-86.0,-7.87,자동차용 엔진 및 자동차 제조업,0.4,-0.31,3013.4,51.2,1,-0.12,-20.24,-0.82,2.5,8.18,-0.78,-8.01,60.26,501290,메가(10조+),KOSPI,True,,,,True,matured,62,1.22,,,,-5.05,1.95,1.22,,,3.59,4,-2.29,-5.05,1,9.1,3.59,,,9.48,-8.26,1.22,1.22,1.22,,,,False,True,166300.0,1920797,1838224,1834095,0.61,0.89,1000,133,-1090,-8.52,-16.43,,6.63,-8.26,1,['대주주/대량보유'],['임원ㆍ주요주주특정증권등소유상황보고서'],False
272210_2026-06-10_pick_h5,272210_2026-06-10_pick,7,2026-06-10,pick,272210,한화시스템,단기스윙,,5,,86600.0,True,,ok,,,,,,,,,,,,,,,,,,49.7,강한 매집 — 세력 유입,100,29.03,83.21,0.842,55798722500.0,148086883700.0,naver,,,,,,,,,,,,,,,,,,,,,,,,,,,,,,,,,,,,,,,,,,557,1461,-283,-271,0,1.21,-19.2,-7.87,전자부품 제조업,0.76,-0.37,732.4,29.0,1,-25.28,-46.77,-16.79,2.5,8.18,-0.78,-8.01,60.26,133377,메가(10조+),KOSPI,True,,,,True,matured,62,21.59,,,,2.31,14.9,21.59,,,22.86,4,-1.03,2.31,1,20.09,22.86,,,9.48,12.11,21.59,14.9,12.0,,,,False,True,105300.0,977257,851989,845725,2.38,1.37,274,57,-317,5.31,2.66,,6.63,12.11,0,[],[],False
196170_2026-06-10_pick_h5,196170_2026-06-10_pick,6,2026-06-10,pick,196170,알테오젠,단기스윙,,5,,326500.0,True,,ok,,,,,,,,,,,,,,,,,,41.6,강한 매집 — 세력 유입,71.7,41.97,92.19,1.188,16313039000.0,25400210000.0,naver,,,,,,,,,,,,,,,,,,,,,,,,,,,,,,,,,,,,,,,,,,147,263,-88,17,0,2.57,5.6,-7.87,우량기업부,0.07,0.01,2077.2,42.0,1,-4.11,-41.59,-7.81,2.5,8.18,-0.78,-8.01,60.26,199214,메가(10조+),KOSDAQ,True,,,,True,matured,62,14.24,,,,6.28,6.89,14.24,,,14.24,5,0.0,3.22,2,10.68,7.96,,,9.48,4.76,14.24,14.24,12.0,,,,False,True,373000.0,280940,619279,636196,1.08,0.75,460,329,-808,-24.94,-26.94,,6.63,7.61,0,[],[],False
108860_2026-06-10_pick_h5,108860_2026-06-10_pick,1,2026-06-10,pick,108860,셀바스AI,단기스윙,,5,,8960.0,True,,ok,,,,,,,,,,,,,,,,,,12.5,중립/관망,10.9,33.74,84.28,0.816,582952930.0,-88472600.0,naver,,,,,,,,,,,,,,,,,,,,,,,,,,,,,,,,,,,,,,,,,,6,-1,5,-10,0,5.02,18.7,-7.87,벤처기업부,0.23,-0.39,25.6,33.7,1,-32.38,-46.51,-15.72,2.5,8.18,-0.78,-8.01,60.26,2468,소형,KOSDAQ,True,,,,True,matured,62,11.05,,,,-2.01,16.18,11.05,,,16.18,3,-4.42,-2.01,1,18.56,12.17,,,9.48,1.57,11.05,16.18,12.0,,,,False,True,9950.0,267537,284472,285319,2.17,6.52,41,-30,-12,-28.35,-31.36,,6.63,4.42,0,,,
141080_2026-06-10_pick_h5,141080_2026-06-10_pick,4,2026-06-10,pick,141080,리가켐바이오,단기스윙,,5,,128000.0,True,,ok,,,,,,,,,,,,,,,,,,10.5,중립/관망,17.7,34.63,80.86,1.123,35767181700.0,6653255400.0,naver,,,,,,,,,,,,,,,,,,,,,,,,,,,,,,,,,,,,,,,,,,355,22,-337,-24,0,0.64,17.4,-7.87,기술성장기업부,0.54,-0.04,654.0,34.6,1,-31.59,-40.05,-19.14,2.5,8.18,-0.78,-8.01,60.26,34169,대형(1조+),KOSDAQ,True,,,,True,matured,62,14.14,,,,5.31,3.75,14.14,,,14.14,5,0.0,0.94,2,13.08,9.14,,,9.48,4.66,14.14,14.14,12.0,,,,False,True,146100.0,286782,500300,510976,0.77,0.62,-129,36,89,2.81,2.19,,6.63,7.51,2,"['메자닌(전환물량)', '증자(희석)']","['주요사항보고서(유상증자결정)', '주요사항보고서(전환사채권발행결정)']",False
009150_2026-06-10_short_h5,009150_2026-06-10_short,7,2026-06-10,short,009150,삼성전기,숏,,5,,1970000.0,True,,ok,,,,,,,,,,,,,,,,,,-31.5,분산 우위 — 경계,-100,73.07,137.54,1.086,-101387302000.0,-523157262000.0,naver,,,,,,,,,,,,,,,,,,,,,,,,,,,,,,,,,,,,,,,,,,-1383,-5480,527,716,0,0.31,5.6,-7.87,전자부품 제조업,-0.04,0.02,31054.2,73.1,1,115.54,-7.38,37.54,42.1,8.18,-0.78,-8.01,60.26,1086046,메가(10조+),KOSPI,True,,,,True,matured,62,3.15,,,,-8.38,1.47,3.15,,,3.96,4,-0.78,-12.99,2,19.49,3.96,2,-12.99,9.48,-6.33,-8.38,-8.38,-8.38,,,,False,False,2032000.0,1295394,1562977,1576357,0.69,1.24,17994,-16170,-1477,-2.84,-11.37,,6.63,-6.33,0,[],[],False
035420_2026-06-10_short_h5,035420_2026-06-10_short,4,2026-06-10,short,035420,NAVER,숏,,5,,257000.0,True,,ok,,,,,,,,,,,,,,,,,,-21.0,분산 우위 — 경계,-100,66.16,114.88,2.206,-568253737500.0,-1023553286600.0,naver,,,,,,,,,,,,,,,,,,,,,,,,,,,,,,,,,,,,,,,,,,-5476,-10090,4797,534,1,1.21,313.7,-7.87,"자료처리, 호스팅, 포털 및 기타 인터넷 정보매개 서비스업",-0.63,0.06,8749.0,66.2,0,19.53,-11.53,14.88,18.5,8.18,-0.78,-8.01,60.26,331527,메가(10조+),KOSPI,True,,,,True,matured,62,-5.25,,,,-12.84,-3.5,-5.25,,,-3.5,3,-2.42,-12.84,1,10.71,-5.84,1,-12.84,9.48,-14.73,-12.84,-12.84,-12.84,,,,False,True,243500.0,3562725,3411832,3404288,0.59,0.65,1364,1152,-2539,-14.79,-21.6,,6.63,-14.73,11,['대주주/대량보유'],"['임원ㆍ주요주주특정증권등소유상황보고서', '임원ㆍ주요주주특정증권등소유상황보고서', '임원ㆍ주요주주특정증권등소유상황보고서']",False
042660_2026-06-11_pick_h5,042660_2026-06-11_pick,2,2026-06-11,pick,042660,한화오션,단기스윙,,5,,110200.0,True,,ok,,,,,,,,,,,,,,,,,,,,,,,,,,,,,,,,,,,,,,,,,,,,,,,,,,,,,,,,,,,,,,,,,,,,-987,-2673,-34,1015,6,0.82,-10.8,-12.16,선박 및 보트 건조업,-0.49,0.51,1994.7,48.8,1,-15.56,-26.48,-6.48,2.5,-4.52,3.29,-12.16,53.01,267499,메가(10조+),KOSPI,,,,,True,matured,61,13.52,,,,2.27,17.24,13.52,,,20.78,4,-6.01,2.27,1,18.1,20.78,,,17.24,-3.72,13.52,17.24,12.0,,,,True,True,125100.0,1514159,1795943,1810033,3.32,1.47,1809,172,-923,-1.63,-7.62,,5.18,-3.72,1,['대주주/대량보유'],['주식등의대량보유상황보고서(약식)'],False
329180_2026-06-11_pick_h5,329180_2026-06-11_pick,2,2026-06-11,pick,329180,HD현대중공업,단기스윙,,5,,641000.0,True,,ok,,,,,,,,,,,,,,,,,,,,,,,,,,,,,,,,,,,,,,,,,,,,,,,,,,,,,,,,,,,,,,,,,,,,276,-179,-218,-58,0,2.63,-1.2,-12.16,선박 및 보트 건조업,0.08,-0.02,3393.3,56.4,1,-6.42,-13.96,-4.24,3.9,-4.52,3.29,-12.16,53.01,471276,메가(10조+),KOSPI,,,,,True,matured,61,6.71,,,,1.4,8.89,6.71,,,11.39,2,-4.2,1.4,1,9.85,10.3,,,17.24,-10.53,6.71,6.71,6.71,,,,False,True,684000.0,539382,529852,529375,0.75,0.81,-612,1025,-429,-0.47,-4.99,,5.18,-10.53,0,[],[],False
012450_2026-06-11_pick_h20,012450_2026-06-11_pick,4,2026-06-11,pick,012450,한화에어로스페이스,장투가능,,20,,1031000.0,True,,ok,,,,,,,,,,,,,,,,,,,,,,,,,,,,,,,,,,,,,,,,,,,,,,,,,,,,,,,,,,,,,,,,,,,,217,655,-251,40,1,0.05,-44.4,-12.16,"항공기,우주선 및 부품 제조업",0.09,0.02,2433.0,11.5,2,-21.6,-32.92,-12.66,5.0,-4.52,3.29,-12.16,53.01,535744,메가(10조+),KOSPI,,,,,True,matured,61,-7.57,,,,4.56,14.74,15.32,3.69,-7.57,18.72,4,-22.14,-7.57,20,0.0,18.72,,,-5.68,-1.89,-7.57,14.74,12.0,,,,True,False,953000.0,216006,235035,235986,1.24,1.17,33,1848,-1809,8.92,3.39,,-16.56,-1.89,0,[],[],False
064350_2026-06-11_pick_h20,064350_2026-06-11_pick,5,2026-06-11,pick,064350,현대로템,장투가능,,20,,189400.0,True,,ok,,,,,,,,,,,,,,,,,,,,,,,,,,,,,,,,,,,,,,,,,,,,,,,,,,,,,,,,,,,,,,,,,,,,-131,2020,2,103,1,0.05,25.2,-12.16,그외 기타 운송장비 제조업,-0.11,0.09,1191.6,47.1,2,-13.71,-29.59,-5.43,5.0,-4.52,3.29,-12.16,53.01,138829,메가(10조+),KOSPI,,,,,True,matured,61,-15.21,,,,10.08,19.59,11.67,-3.38,-15.21,19.59,3,-29.09,-15.21,20,0.0,15.63,11,-10.35,-5.68,-9.53,-10.35,12.46,12.0,,,,True,False,160600.0,654863,630369,629144,1.52,0.91,2896,-1091,-1813,-0.9,-5.65,,-16.56,-9.53,38,['대주주/대량보유'],"['임원ㆍ주요주주특정증권등소유상황보고서', '임원ㆍ주요주주특정증권등소유상황보고서', '임원ㆍ주요주주특정증권등소유상황보고서']",False
079550_2026-06-11_pick_h5,079550_2026-06-11_pick,1,2026-06-11,pick,079550,LIG넥스원,단기스윙,,5,,790000.0,True,,ok,,,,,,,,,,,,,,,,,,,,,,,,,,,,,,,,,,,,,,,,,,,,,,,,,,,,,,,,,,,,,,,,,,,,911,2096,89,-1007,0,0.0,-100.0,-12.16,무기 및 총포탄 제조업,0.5,-0.56,1811.4,42.1,2,-9.71,-22.55,-3.67,5.0,-4.52,3.29,-12.16,53.01,144980,메가(10조+),KOSPI,,,,,True,matured,61,11.9,,,,-2.28,26.84,11.9,,,26.84,3,-11.78,-2.28,1,29.79,20.25,,,17.24,-5.34,11.9,26.84,12.0,,,,True,True,884000.0,229357,229298,229295,4.35,0.92,1354,437,-1817,0.76,-7.34,,5.18,-5.34,1,['증자(희석)'],['주요사항보고서(유상증자결정)'],False
010950_2026-06-11_pick_h5,010950_2026-06-11_pick,1,2026-06-11,pick,010950,S-Oil,단기스윙,,5,,110800.0,True,,ok,,,,,,,,,,,,,,,,,,,,,,,,,,,,,,,,,,,,,,,,,,,,,,,,,,,,,,,,,,,,,,,,,,,,74,1457,356,-412,2,0.33,21.4,-12.16,석유 정제품 제조업,0.15,-0.85,483.7,51.1,0,-0.09,-21.59,0.34,0.0,-4.52,3.29,-12.16,53.01,177430,메가(10조+),KOSPI,,,,,True,matured,61,-5.14,,,,0.54,2.98,-5.14,,,2.98,3,-7.89,-5.14,5,0.0,-0.9,,,17.24,-22.38,-5.14,-5.14,-5.14,,,,False,False,105100.0,345816,432228,436548,0.66,0.77,408,-377,-42,0.36,-1.26,,5.18,-22.38,0,[],[],False
005930_2026-06-11_pick_h20,005930_2026-06-11_pick,4,2026-06-11,pick,005930,삼성전자,장투가능,,20,,302500.0,True,,ok,,,,,,,,,,,,,,,,,,,,,,,,,,,,,,,,,,,,,,,,,,,,,,,,,,,,,,,,,,,,,,,,,,,,-78103,-244472,-8087,82558,10,0.0,-93.7,-12.16,통신 및 방송 장비 제조업,-0.75,0.79,104038.6,56.0,0,5.95,-16.09,-0.6,3.2,-4.52,3.29,-12.16,53.01,15784952,메가(10조+),KOSPI,,,,,True,matured,61,-8.1,,,,6.61,13.39,19.83,18.51,-8.1,19.83,5,-23.45,-8.26,19,0.18,14.55,,,-5.68,-2.42,-8.26,13.39,12.0,,,,True,False,278000.0,31420307,34251366,34392919,0.96,0.98,-149924,18470,128849,-3.97,-4.96,,-16.56,-2.42,21,['대주주/대량보유'],"['임원ㆍ주요주주특정증권등소유상황보고서', '[기재정정]임원ㆍ주요주주특정증권등소유상황보고서', '임원ㆍ주요주주특정증권등소유상황보고서']",False
011200_2026-06-11_pick_h5,011200_2026-06-11_pick,4,2026-06-11,pick,011200,HMM,단기스윙,,5,,18380.0,True,,ok,,,,,,,,,,,,,,,,,,,,,,,,,,,,,,,,,,,,,,,,,,,,,,,,,,,,,,,,,,,,,,,,,,,,40,349,2,-42,1,1.06,27.5,-12.16,해상 운송업,0.13,-0.14,311.0,34.0,0,-8.33,-29.17,-6.54,0.0,-4.52,3.29,-12.16,53.01,202325,메가(10조+),KOSPI,,,,,True,matured,61,11.26,,,,9.09,20.51,11.26,,,20.51,3,-7.67,9.09,1,10.47,20.24,,,17.24,-5.98,11.26,15.89,12.0,,,,True,True,20450.0,1514045,1683377,1691843,1.71,1.12,166,97,-876,2.83,0.27,,5.18,-5.98,0,[],[],False
307750_2026-06-11_pick_h5,307750_2026-06-11_pick,1,2026-06-11,pick,307750,국전약품,,,5,,2315.0,True,,ok,,,,,,,,,,,,,,,,,,,,,,,,,,,,,,,,,,,,,,,,,,,,,,,,,,,,,,,,,,,,,,,,,,,,3,8,-1,-3,1,0.7,1.3,-12.16,중견기업부,0.45,-0.45,6.6,24.2,0,-35.06,-58.21,-20.59,0.0,-4.52,3.29,-12.16,53.01,1247,소형,KOSDAQ,,,,,True,matured,61,3.24,,,,7.13,8.42,3.24,,,10.37,4,-6.46,3.24,5,0.0,10.37,,,17.24,-14.0,3.24,3.24,3.24,,,,True,True,2390.0,137812,280067,287180,0.55,0.55,-4,0,3,-2.38,-6.48,,5.18,-1.94,1,['대주주/대량보유'],['주식등의대량보유상황보고서(일반)'],False
027360_2026-06-11_pick_h5,027360_2026-06-11_pick,1,2026-06-11,pick,027360,아주IB투자,,,5,,8980.0,True,,ok,,,,,,,,,,,,,,,,,,,,,,,,,,,,,,,,,,,,,,,,,,,,,,,,,,,,,,,,,,,,,,,,,,,,205,1130,-11,103,0,0.58,-34.6,-12.16,중견기업부,0.2,0.1,1003.0,15.4,0,-48.98,-52.03,-33.64,0.0,-4.52,3.29,-12.16,53.01,3816,중형(3천억+),KOSDAQ,,,,,True,matured,61,-27.84,,,,-8.57,-18.37,-27.84,,,-8.57,1,-21.07,-27.84,5,0.0,-25.95,2,-14.37,17.24,-45.08,-8.57,-8.57,-8.57,,,,False,False,6480.0,6331984,10938855,11169199,0.79,0.35,184,-30,-165,-2.9,-7.35,,5.18,-33.02,2,['대주주/대량보유'],"['임원ㆍ주요주주특정증권등소유상황보고서', '주식등의대량보유상황보고서(일반)']",False
035420_2026-06-12_pick_h20,035420_2026-06-12_pick,5,2026-06-12,pick,035420,NAVER,장투가능,,20,,224000.0,True,,ok,,,,,,,,,,,,,,,,,,64.0,강한 매집 — 세력 유입,100,58.09,99.34,0.626,-65797115250.0,-1046116962300.0,krx,,,,,,,,,,,,,,,,,,,,,,,,,,,,,,,,,,,,,,,,,,-658,-10461,3764,-3163,3,0.96,173.2,-10.13,"자료처리, 호스팅, 포털 및 기타 인터넷 정보매개 서비스업",-0.08,-0.39,8074.7,58.1,0,9.8,-22.89,-0.66,6.8,0.43,-4.11,-11.79,53.67,331527,메가(10조+),KOSPI,True,,,,True,matured,60,-14.6,,,,10.71,8.71,2.46,-12.32,-14.6,10.71,1,-25.65,-17.68,19,3.74,4.91,7,-9.6,-3.71,-10.89,-9.6,-9.6,-9.6,,,,True,False,191300.0,5215884,3681509,3604790,0.54,0.33,3381,552,-3930,-2.23,-10.04,,-16.0,-10.89,20,['대주주/대량보유'],"['임원ㆍ주요주주특정증권등소유상황보고서', '임원ㆍ주요주주특정증권등소유상황보고서', '임원ㆍ주요주주특정증권등소유상황보고서']",False
055550_2026-06-12_pick_h20,055550_2026-06-12_pick,7,2026-06-12,pick,055550,신한지주,장투가능,,20,,96900.0,True,,ok,,,,,,,,,,,,,,,,,,64.0,강한 매집 — 세력 유입,100,53.22,100.49,1.175,-51446960700.0,-26023691800.0,krx,,,,,,,,,,,,,,,,,,,,,,,,,,,,,,,,,,,,,,,,,,-514,-260,952,-416,4,0.01,-76.8,-10.13,기타 금융업,-0.33,-0.27,1546.6,53.2,0,0.21,-9.86,0.49,0.4,0.43,-4.11,-11.79,53.67,534704,메가(10조+),KOSPI,True,,,,True,matured,60,12.69,,,,8.98,6.4,4.13,-5.47,12.69,12.69,20,0.0,-5.47,10,19.21,4.02,,,-3.71,16.4,12.69,12.07,12.0,,,,False,True,109200.0,2231836,1626313,1596037,0.98,0.81,-76,1619,-1025,2.58,0.83,,-16.0,16.4,0,[],[],False
047810_2026-06-12_pick_h5,047810_2026-06-12_pick,7,2026-06-12,pick,047810,한국항공우주,단기스윙,,5,,141900.0,True,,ok,,,,,,,,,,,,,,,,,,51.0,강한 매집 — 세력 유입,100,39.8,91.38,0.997,-19350167150.0,-135176068750.0,krx,,,,,,,,,,,,,,,,,,,,,,,,,,,,,,,,,,,,,,,,,,-194,-1352,511,-317,3,2.77,-2.7,-10.13,"항공기,우주선 및 부품 제조업",-0.21,-0.34,940.4,39.8,3,-14.47,-29.75,-8.62,7.5,0.43,-4.11,-11.79,53.67,126133,메가(10조+),KOSPI,True,,,,True,matured,60,3.24,,,,4.02,9.65,3.24,,,9.65,3,-5.85,3.24,5,0.0,7.12,,,16.6,-13.36,3.24,3.24,3.24,,,,True,True,146500.0,747216,666718,662693,0.87,0.92,-136,5,-16,1.55,-2.04,,-3.04,-13.36,3,['대주주/대량보유'],"['주식등의대량보유상황보고서(일반)', '주식등의대량보유상황보고서(일반)', '주식등의대량보유상황보고서(일반)']",False
034730_2026-06-12_pick_h20,034730_2026-06-12_pick,4,2026-06-12,pick,034730,SK,장투가능,,20,,575000.0,True,,ok,,,,,,,,,,,,,,,,,,50.6,강한 매집 — 세력 유입,100,57.02,95.83,0.787,45448311500.0,147967490250.0,krx,,,,,,,,,,,,,,,,,,,,,,,,,,,,,,,,,,,,,,,,,,454,1480,-331,-168,0,0.0,-100.0,-10.13,기타 금융업,0.29,-0.11,1582.1,57.0,0,6.28,-15.44,-4.17,4.4,0.43,-4.11,-11.79,53.67,442992,메가(10조+),KOSPI,True,,,,True,matured,60,14.26,,,,12.35,23.13,25.91,41.74,14.26,49.22,9,-30.54,3.65,18,10.23,19.48,,,-3.71,17.97,14.26,12.35,12.0,,,,True,True,657000.0,156761,269506,275144,3.16,1.09,-1388,2048,-633,17.39,15.83,,-16.0,17.97,0,[],[],False
032830_2026-06-12_pick_h20,032830_2026-06-12_pick,4,2026-06-12,pick,032830,삼성생명,장투가능,,20,,365000.0,True,,ok,,,,,,,,,,,,,,,,,,49.9,강한 매집 — 세력 유입,100,57.55,100.09,1.349,39976112000.0,-111720300750.0,krx,,,,,,,,,,,,,,,,,,,,,,,,,,,,,,,,,,,,,,,,,,400,-1117,107,-476,0,0.26,-5.4,-10.13,보험업,0.19,-0.23,2105.0,57.5,0,21.87,-23.96,0.09,10.7,0.43,-4.11,-11.79,53.67,624000,메가(10조+),KOSPI,True,,,,True,matured,60,-6.71,,,,15.89,22.47,36.16,18.49,-6.71,36.16,5,-34.41,-10.68,19,4.45,28.49,19,-10.68,-3.71,-3.0,-10.68,15.89,12.0,,,,True,False,340500.0,398960,568248,576713,1.2,1.36,507,568,-994,16.99,15.48,,-16.0,-3.0,0,[],[],False
058470_2026-06-12_pick_h20,058470_2026-06-12_pick,4,2026-06-12,pick,058470,리노공업,장투가능,,20,,99800.0,True,,ok,,,,,,,,,,,,,,,,,,42.4,강한 매집 — 세력 유입,100,51.94,99.69,1.531,-824268000.0,54560263450.0,krx,,,,,,,,,,,,,,,,,,,,,,,,,,,,,,,,,,,,,,,,,,-8,546,243,-235,0,2.77,15.7,-10.13,우량기업부,-0.01,-0.23,1007.2,51.9,1,-7.93,-21.42,-0.31,2.5,0.43,-4.11,-11.79,53.67,52129,대형(1조+),KOSDAQ,True,,,,True,matured,60,-26.05,,,,-3.01,-5.11,-7.21,-15.53,-26.05,-3.01,1,-28.51,-30.66,18,6.65,-7.52,7,-14.93,-3.71,-22.34,-14.93,-14.93,-14.93,,,,False,False,73800.0,11535581,1510473,1009218,1.43,0.65,7403,-2595,-4894,1.5,-0.7,,-16.0,-10.05,5,['대주주/대량보유'],"['주식등의대량보유상황보고서(약식)', '주식등의대량보유상황보고서(약식)', '주식등의대량보유상황보고서(약식)']",False
272210_2026-06-12_pick_h5,272210_2026-06-12_pick,8,2026-06-12,pick,272210,한화시스템,단기스윙,,5,,88600.0,True,,ok,,,,,,,,,,,,,,,,,,48.0,강한 매집 — 세력 유입,100,37.0,87.12,1.374,20262065950.0,121644090400.0,krx,,,,,,,,,,,,,,,,,,,,,,,,,,,,,,,,,,,,,,,,,,203,1216,-53,-155,1,1.06,-24.6,-10.13,전자부품 제조업,0.27,-0.2,760.6,37.0,0,-20.68,-45.54,-12.88,0.0,0.43,-4.11,-11.79,53.67,133377,메가(10조+),KOSPI,True,,,,True,matured,60,2.82,,,,12.3,18.85,2.82,,,20.09,2,-14.38,2.82,5,0.0,8.47,,,16.6,-13.78,2.82,12.3,12.0,,,,True,True,91100.0,1485759,888338,858467,2.28,1.31,378,-392,13,2.93,0.34,,-3.04,-13.78,0,[],[],False
064350_2026-06-12_pick_h5,064350_2026-06-12_pick,6,2026-06-12,pick,064350,현대로템,단기스윙,,5,,188400.0,True,,ok,,,,,,,,,,,,,,,,,,39.9,매집 우위,100,48.98,94.7,1.025,36928148200.0,233740758300.0,krx,,,,,,,,,,,,,,,,,,,,,,,,,,,,,,,,,,,,,,,,,,369,2337,-181,-208,0,0.05,1.1,-10.13,그외 기타 운송장비 제조업,0.31,-0.18,1182.0,49.0,0,-12.37,-29.96,-5.3,0.0,0.43,-4.11,-11.79,53.67,138829,메가(10조+),KOSPI,True,,,,True,matured,60,9.87,,,,13.06,16.24,9.87,,,20.22,2,-8.61,9.87,5,0.0,12.26,,,16.6,-6.73,9.87,13.06,12.0,,,,True,True,207000.0,992137,644750,627380,1.48,0.95,1457,109,-1521,1.91,-0.21,,-3.04,-6.73,38,['대주주/대량보유'],"['임원ㆍ주요주주특정증권등소유상황보고서', '임원ㆍ주요주주특정증권등소유상황보고서', '임원ㆍ주요주주특정증권등소유상황보고서']",False
196170_2026-06-12_pick_h5,196170_2026-06-12_pick,7,2026-06-12,pick,196170,알테오젠,단기스윙,,5,,347000.0,True,,ok,,,,,,,,,,,,,,,,,,48.5,강한 매집 — 세력 유입,100,47.17,98.05,1.458,65122052750.0,12686228000.0,krx,,,,,,,,,,,,,,,,,,,,,,,,,,,,,,,,,,,,,,,,,,651,127,-120,-501,0,2.55,2.6,-10.13,우량기업부,0.29,-0.22,2237.7,47.2,1,1.46,-37.92,-1.95,3.0,0.43,-4.11,-11.79,53.67,199214,메가(10조+),KOSDAQ,True,,,,True,matured,60,1.87,,,,0.58,7.49,1.87,,,7.49,3,-5.23,0.58,1,6.88,6.48,,,16.6,-14.73,1.87,1.87,1.87,,,,True,True,353500.0,465932,636337,644857,1.05,0.74,310,87,-411,-21.17,-26.16,,-3.04,4.91,0,[],[],False
181710_2026-06-12_pick_h5,181710_2026-06-12_pick,4,2026-06-12,pick,181710,NHN,,,5,,40100.0,True,,ok,,,,,,,,,,,,,,,,,,,,,,,,,,,,,,,,,,,,,,,,,,,,,,,,,,,,,,,,,,,,,,,,,,,,-49,-200,18,25,0,0.35,51.8,-10.13,소프트웨어 개발 및 공급업,-0.43,0.22,113.1,52.8,0,5.94,-32.72,-5.68,2.2,0.43,-4.11,-11.79,53.67,23189,대형(1조+),KOSPI,True,,,,True,matured,60,-4.86,,,,-3.12,-2.99,-4.86,,,1.37,4,-6.15,-4.86,5,0.0,1.37,,,16.6,-21.46,-4.86,-4.86,-4.86,,,,False,False,38150.0,304693,283085,282005,0.71,0.85,18,-88,67,1.0,-2.0,,-3.04,-21.46,1,['대주주/대량보유'],['주식등의대량보유상황보고서(약식)'],False
189300_2026-06-12_pick_h5,189300_2026-06-12_pick,2,2026-06-12,pick,189300,인텔리안테크,,,5,,104000.0,True,,ok,,,,,,,,,,,,,,,,,,,,,,,,,,,,,,,,,,,,,,,,,,,,,,,,,,,,,,,,,,,,,,,,,,,,117,209,-159,44,0,0.71,67.2,-10.13,우량기업부,0.51,0.19,230.5,33.6,1,-35.72,-39.68,-23.26,2.5,0.43,-4.11,-11.79,53.67,6818,중형(3천억+),KOSDAQ,True,,,,True,matured,60,-11.92,,,,-5.48,-2.79,-11.92,,,-2.79,3,-9.4,-11.92,5,0.0,-7.69,5,-11.92,16.6,-28.52,-11.92,-11.92,-11.92,,,,False,False,91600.0,210965,221086,221592,0.57,0.58,62,16,-73,7.79,-1.63,,-3.04,-8.88,1,['대주주/대량보유'],['주식등의대량보유상황보고서(일반)'],False
099320_2026-06-12_pick_h5,099320_2026-06-12_pick,2,2026-06-12,pick,099320,쎄트렉아이,,,5,,113700.0,True,,ok,,,,,,,,,,,,,,,,,,,,,,,,,,,,,,,,,,,,,,,,,,,,,,,,,,,,,,,,,,,,,,,,,,,,-144,60,255,-109,1,0.08,-2.0,-10.13,우량기업부,-0.86,-0.65,167.3,30.1,3,-30.5,-46.87,-17.66,7.5,0.43,-4.11,-11.79,53.67,7644,중형(3천억+),KOSDAQ,True,,,,True,matured,60,-5.8,,,,-5.01,1.32,-5.8,,,1.32,3,-7.03,-5.8,5,0.0,-1.93,,,16.6,-22.4,-5.8,-5.8,-5.8,,,,False,False,107100.0,239960,151536,147115,0.65,0.66,-90,96,-6,8.0,0.79,,-3.04,-2.76,0,,,
336570_2026-06-12_pick_h5,336570_2026-06-12_pick,1,2026-06-12,pick,336570,원텍,,,5,,7430.0,True,,ok,,,,,,,,,,,,,,,,,,,,,,,,,,,,,,,,,,,,,,,,,,,,,,,,,,,,,,,,,,,,,,,,,,,,142,58,-175,33,0,2.2,-0.6,-10.13,우량기업부,0.88,0.2,161.3,50.6,1,-10.48,-44.22,-7.2,2.5,0.43,-4.11,-11.79,53.67,4509,중형(3천억+),KOSDAQ,True,,,,True,matured,60,-21.0,,,,-5.65,-11.04,-21.0,,,-5.65,1,-16.26,-21.0,5,0.0,-16.82,2,-10.9,16.6,-37.6,-10.9,-10.9,-10.9,,,,False,False,5870.0,1952742,2160782,2171184,0.34,0.36,-95,-29,124,2.56,-5.11,,-3.04,-17.96,2,"['대주주/대량보유', '메자닌(전환물량)']","['임원ㆍ주요주주특정증권등소유상황보고서', '전환사채(해외전환사채포함)발행후만기전사채취득']",False
240810_2026-06-12_pick_h5,240810_2026-06-12_pick,2,2026-06-12,pick,240810,원익IPS,,,5,,141000.0,True,,ok,,,,,,,,,,,,,,,,,,,,,,,,,,,,,,,,,,,,,,,,,,,,,,,,,,,,,,,,,,,,,,,,,,,,-231,675,995,-801,0,1.29,9.5,-10.13,우량기업부,-0.15,-0.53,1497.5,60.0,1,12.8,-0.42,19.89,36.2,0.43,-4.11,-11.79,53.67,57723,대형(1조+),KOSDAQ,True,,,,True,matured,60,10.64,,,,23.76,14.68,10.64,,,23.76,1,-10.6,10.64,5,0.0,15.74,,,16.6,-5.96,10.64,23.76,12.0,,,,True,True,156000.0,4035281,1203652,1062070,1.49,1.27,-1203,1191,63,15.67,6.45,,-3.04,13.68,1,['대주주/대량보유'],['주식등의대량보유상황보고서(약식)'],False
068270_2026-06-12_short_h5,068270_2026-06-12_short,4,2026-06-12,short,068270,셀트리온,숏,,5,,166200.0,True,,ok,,,,,,,,,,,,,,,,,,-46.0,강한 분산 — 떠넘기기 의심,-100,46.49,93.74,0.73,-23167042500.0,96449626500.0,krx,,,,,,,,,,,,,,,,,,,,,,,,,,,,,,,,,,,,,,,,,,-232,964,-337,-70,0,0.13,45.6,-10.13,기초 의약물질 제조업,-0.2,-0.06,1166.0,46.5,0,-9.8,-29.83,-6.26,0.0,0.43,-4.11,-11.79,53.67,433366,메가(10조+),KOSPI,True,,,,True,matured,60,2.47,,,,5.29,5.05,2.47,,,5.29,1,-2.69,2.47,5,0.0,4.45,,,16.6,-14.13,2.47,2.47,2.47,,,,False,False,170300.0,877296,709940,701572,0.56,1.63,549,-577,-628,2.89,1.81,,-3.04,-14.13,1,['대주주/대량보유'],['임원ㆍ주요주주특정증권등소유상황보고서'],False
267260_2026-06-12_short_h5,267260_2026-06-12_short,3,2026-06-12,short,267260,HD현대일렉트릭,숏,,5,,1033000.0,True,,ok,,,,,,,,,,,,,,,,,,-46.0,강한 분산 — 떠넘기기 의심,-100,47.16,95.86,1.325,-148920045000.0,-391961608000.0,krx,,,,,,,,,,,,,,,,,,,,,,,,,,,,,,,,,,,,,,,,,,-1489,-3920,1151,317,4,0.48,-16.2,-10.13,"전동기, 발전기 및 전기 변환 · 공급 · 제어 장치 제조업",-0.74,0.16,2008.0,47.2,3,-21.08,-27.25,-4.14,7.5,0.43,-4.11,-11.79,53.67,275040,메가(10조+),KOSPI,True,,,,True,matured,60,4.36,,,,15.59,8.42,4.36,,,15.59,1,-9.72,4.36,5,0.0,5.23,,,16.6,-12.24,4.36,15.59,12.0,,,,True,False,1078000.0,470167,207519,194386,1.52,1.02,-2013,3254,-1249,7.16,1.55,,-3.04,-12.24,0,[],[],False
010130_2026-06-12_short_h5,010130_2026-06-12_short,1,2026-06-12,short,010130,고려아연,숏,,5,,1164000.0,True,,ok,,,,,,,,,,,,,,,,,,-46.0,강한 분산 — 떠넘기기 의심,-100,36.51,86.39,1.283,-764114000.0,10073148000.0,krx,,,,,,,,,,,,,,,,,,,,,,,,,,,,,,,,,,,,,,,,,,-8,101,-71,75,0,0.4,-1.6,-10.13,1차 비철금속 제조업,-0.03,0.27,280.2,36.5,0,-23.02,-44.96,-13.61,0.0,0.43,-4.11,-11.79,53.67,255485,메가(10조+),KOSPI,True,,,,True,matured,60,2.41,,,,7.65,8.33,2.41,,,11.08,2,-7.81,2.41,5,0.0,3.87,,,16.6,-14.19,2.41,2.41,2.41,,,,True,False,1192000.0,21267,23936,24069,0.75,1.92,146,-161,20,-7.3,-11.94,,-3.04,-14.19,0,[],[],False
012450_2026-06-12_short_h5,012450_2026-06-12_short,5,2026-06-12,short,012450,한화에어로스페이스,숏,,5,,1014000.0,True,,ok,,,,,,,,,,,,,,,,,,-42.1,강한 분산 — 떠넘기기 의심,-100,12.22,86.89,0.915,13206055000.0,77155100500.0,krx,,,,,,,,,,,,,,,,,,,,,,,,,,,,,,,,,,,,,,,,,,132,772,-203,89,2,0.03,-67.7,-10.13,"항공기,우주선 및 부품 제조업",0.06,0.04,2383.6,12.2,0,-21.03,-34.03,-13.11,0.0,0.43,-4.11,-11.79,53.67,535744,메가(10조+),KOSPI,True,,,,True,matured,60,10.65,,,,6.9,20.71,10.65,,,20.71,3,-8.33,6.9,1,12.92,17.26,,,16.6,-5.95,10.65,16.67,12.0,,,,True,False,1122000.0,233810,235010,235070,1.24,0.7,540,124,-666,10.75,5.13,,-3.04,-5.95,0,[],[],False
267260_2026-06-13_pick_h20,267260_2026-06-13_pick,4,2026-06-13,pick,267260,HD현대일렉트릭,장투가능,,20,,1130000.0,True,,ok,,,,,,,,,,,,,,,,,,59.0,강한 매집 — 세력 유입,100,49.51,105.59,2.419,-296352547000.0,-511462463500.0,krx,,,,,,,,,,,,,,,,,,,,,,,,,,,,,,,,,,,,,,,,,,-2964,-5115,3872,-915,5,0.45,-22.7,-0.45,"전동기, 발전기 및 전기 변환 · 공급 · 제어 장치 제조업",-1.25,-0.38,2379.9,49.5,4,-11.72,-20.42,5.59,10.0,4.63,5.08,-7.7,60.79,275040,메가(10조+),KOSPI,True,,,,True,matured,59,-30.27,,,,-1.42,-3.81,-8.58,-17.08,-30.27,-0.88,2,-29.64,-30.27,20,0.0,-4.6,6,-16.02,-16.21,-14.06,-8.58,-8.58,-8.58,,,,False,False,788000.0,314453,215560,210615,0.75,0.8,-1993,1217,755,0.18,-1.06,,-22.32,-14.06,1,['대주주/대량보유'],['임원ㆍ주요주주특정증권등소유상황보고서'],False
035420_2026-06-13_pick_h20,035420_2026-06-13_pick,6,2026-06-13,pick,035420,NAVER,장투가능,,20,,247000.0,True,,ok,,,,,,,,,,,,,,,,,,64.0,강한 매집 — 세력 유입,100,61.0,108.44,1.447,138120437750.0,-845018452550.0,krx,,,,,,,,,,,,,,,,,,,,,,,,,,,,,,,,,,,,,,,,,,1381,-8450,5299,-6767,0,1.14,219.8,-0.45,"자료처리, 호스팅, 포털 및 기타 인터넷 정보매개 서비스업",0.15,-0.72,9436.3,61.0,1,22.58,-14.97,8.44,17.0,4.63,5.08,-7.7,60.79,331527,메가(10조+),KOSPI,True,,,,True,matured,59,-23.89,,,,-2.02,-4.86,-10.12,-17.41,-23.89,-1.42,2,-24.27,-25.34,18,3.74,-7.09,5,-10.12,-16.21,-7.68,-10.12,-10.12,-10.12,,,,False,False,188000.0,2001006,3733725,3820361,0.31,0.32,1799,-1287,-537,-11.34,-18.42,,-22.32,-7.68,20,['대주주/대량보유'],"['임원ㆍ주요주주특정증권등소유상황보고서', '임원ㆍ주요주주특정증권등소유상황보고서', '임원ㆍ주요주주특정증권등소유상황보고서']",False
055550_2026-06-13_pick_h1,055550_2026-06-13_pick,8,2026-06-13,pick,055550,신한지주,장전선취매,,1,,99600.0,True,,ok,,,,,,,,,,,,,,,,,,64.0,강한 매집 — 세력 유입,100,55.11,103.06,1.398,-46453135300.0,15392097600.0,krx,,,,,,,,,,,,,,,,,,,,,,,,,,,,,,,,,,,,,,,,,,-465,154,630,-135,0,0.01,-77.1,-0.45,기타 금융업,-0.28,-0.08,1647.0,55.1,1,4.62,-7.35,3.06,11.0,4.63,5.08,-7.7,60.79,534704,메가(10조+),KOSPI,True,,,,True,matured,59,7.13,,,,7.13,,,,,7.13,1,0.0,7.13,1,0.0,,,,7.42,-0.29,7.13,7.13,7.13,,,,False,True,106700.0,2048362,1672379,1653580,0.74,0.74,503,-178,-269,3.31,2.41,,-1.01,-0.29,0,[],[],False
105560_2026-06-13_pick_h20,105560_2026-06-13_pick,4,2026-06-13,pick,105560,KB금융,장투가능,,20,,161200.0,True,,ok,,,,,,,,,,,,,,,,,,55.3,강한 매집 — 세력 유입,100,53.71,103.54,1.018,-7068589750.0,72404937950.0,krx,,,,,,,,,,,,,,,,,,,,,,,,,,,,,,,,,,,,,,,,,,-71,724,173,-30,0,0.01,-80.8,-0.45,기타 금융업,-0.03,-0.01,2500.3,53.7,1,6.05,-6.06,3.54,14.6,4.63,5.08,-7.7,60.79,623896,메가(10조+),KOSPI,True,,,,True,matured,59,15.51,,,,6.7,1.18,-2.61,-4.65,15.51,15.51,20,0.0,-7.38,9,24.72,-1.8,,,-16.21,31.72,15.51,14.39,12.0,,,,False,True,186200.0,1412182,1544416,1551028,1.56,0.71,-4039,5357,-1218,1.43,0.62,,-22.32,31.72,2,"['대주주/대량보유', '증자(희석)']","['유상증자결정(자회사의 주요경영사항)', '주식등의대량보유상황보고서(약식)']",False
035720_2026-06-13_pick_h20,035720_2026-06-13_pick,4,2026-06-13,pick,035720,카카오,장투가능,,20,,41500.0,True,,ok,,,,,,,,,,,,,,,,,,53.2,강한 매집 — 세력 유입,100,48.94,100.44,1.407,10466497075.0,-81547645300.0,krx,,,,,,,,,,,,,,,,,,,,,,,,,,,,,,,,,,,,,,,,,,105,-815,311,-415,0,0.65,94.7,-0.45,"자료처리, 호스팅, 포털 및 기타 인터넷 정보매개 서비스업",0.08,-0.33,1239.4,48.9,2,-3.38,-41.05,0.44,5.0,4.63,5.08,-7.7,60.79,161916,메가(10조+),KOSPI,True,,,,True,matured,59,-16.27,,,,-2.53,-5.3,-11.33,-13.61,-16.27,-2.29,2,-18.25,-20.12,9,8.14,-9.04,4,-9.04,-16.21,-0.06,-9.04,-9.04,-9.04,,,,False,False,34750.0,1908601,2935288,2986622,0.39,0.61,324,-226,-22,-0.96,-2.53,,-22.32,-0.06,3,['대주주/대량보유'],"['임원ㆍ주요주주특정증권등소유상황보고서', '주식등의대량보유상황보고서(약식)', '임원ㆍ주요주주특정증권등소유상황보고서']",False
357780_2026-06-13_pick_h5,357780_2026-06-13_pick,1,2026-06-13,pick,357780,솔브레인,단기스윙,,5,,441500.0,True,,ok,,,,,,,,,,,,,,,,,,39.8,매집 우위,100,51.91,111.79,6.483,-27243655500.0,727485500.0,krx,,,,,,,,,,,,,,,,,,,,,,,,,,,,,,,,,,,,,,,,,,-272,7,567,-293,1,2.54,22.1,-0.45,우량기업부,-0.66,-0.71,411.2,51.9,2,-7.25,-11.88,11.79,5.0,4.63,5.08,-7.7,60.79,26486,대형(1조+),KOSDAQ,True,,,,True,matured,59,-12.8,,,,-14.27,-8.72,-12.8,,,-7.81,2,-10.07,-17.1,4,5.19,-17.1,1,-14.27,12.2,-25.0,-14.27,-14.27,-14.27,,,,False,False,385000.0,67318,91911,93141,1.08,2.35,494,-804,299,-23.33,-23.78,,-5.89,-6.91,2,['대주주/대량보유'],"['주식등의대량보유상황보고서(약식)', '주식등의대량보유상황보고서(약식)']",False
006800_2026-06-13_pick_h5,006800_2026-06-13_pick,2,2026-06-13,pick,006800,미래에셋증권,단기스윙,,5,,52300.0,True,,ok,,,,,,,,,,,,,,,,,,,,,,,,,,,,,,,,,,,,,,,,,,,,,,,,,,,,,,,,,,,,,,,,,,,,384,-557,-1062,676,0,2.78,-6.6,-0.45,금융 지원 서비스업,0.21,0.38,1786.3,19.3,1,-28.26,-37.59,-14.2,2.5,4.63,5.08,-7.7,60.79,188428,메가(10조+),KOSPI,True,,,,True,matured,59,-11.85,,,,-1.91,-3.06,-11.85,,,-1.91,1,-10.14,-11.85,5,0.0,-6.79,5,-11.85,12.2,-24.05,-11.85,-11.85,-11.85,,,,False,False,46100.0,4502711,3467266,3415493,1.1,1.0,1582,-1002,-530,-3.44,-3.82,,-5.89,-24.05,3,['대주주/대량보유'],"['주식등의대량보유상황보고서(약식)', '임원ㆍ주요주주특정증권등소유상황보고서', '임원ㆍ주요주주특정증권등소유상황보고서']",False
005930_2026-06-13_pick_h5,005930_2026-06-13_pick,5,2026-06-13,pick,005930,삼성전자,단기스윙,,5,,322500.0,True,,ok,,,,,,,,,,,,,,,,,,-27.5,분산 우위 — 경계,-100,55.04,104.96,0.906,-874422693500.0,-19566405525460.0,krx,,,,,,,,,,,,,,,,,,,,,,,,,,,,,,,,,,,,,,,,,,-8744,-195664,-20103,27000,0,0.0,,-0.45,통신 및 방송 장비 제조업,-0.08,0.25,108607.3,55.0,1,13.56,-10.54,4.96,7.6,4.63,5.08,-7.7,60.79,15784952,메가(10조+),KOSPI,True,,,,True,matured,59,9.61,,,,6.36,12.4,9.61,,,12.4,3,-2.48,6.36,1,5.69,9.77,,,12.2,-2.59,9.61,12.4,12.0,,,,False,True,353500.0,21500067,33096839,33676677,0.99,0.53,-17602,9260,9158,6.2,3.57,,-5.89,-2.59,11,['대주주/대량보유'],"['임원ㆍ주요주주특정증권등소유상황보고서', '임원ㆍ주요주주특정증권등소유상황보고서', '임원ㆍ주요주주특정증권등소유상황보고서']",False
000660_2026-06-13_pick_h5,000660_2026-06-13_pick,4,2026-06-13,pick,000660,SK하이닉스,단기스윙,,5,,2150000.0,True,,ok,,,,,,,,,,,,,,,,,,-25.3,분산 우위 — 경계,-100,57.25,103.78,0.825,-409467342000.0,-17654365871760.0,krx,,,,,,,,,,,,,,,,,,,,,,,,,,,,,,,,,,,,,,,,,,-4095,-176544,-13613,16513,0,0.0,-97.7,-0.45,반도체 제조업,-0.03,0.13,124738.6,57.3,2,8.81,-9.01,3.78,13.1,4.63,5.08,-7.7,60.79,13024679,메가(10조+),KOSPI,True,,,,True,matured,59,35.77,,,,10.79,24.88,35.77,,,35.77,5,0.0,10.79,1,22.54,28.56,,,12.2,23.57,35.77,17.26,12.0,,,,False,True,2919000.0,3872910,5709944,5801795,0.91,0.64,-7614,38248,-28633,6.19,5.35,,-5.89,23.57,3,"['대주주/대량보유', '증자(희석)']","['임원ㆍ주요주주특정증권등소유상황보고서', '임원ㆍ주요주주특정증권등소유상황보고서', '주요사항보고서(유상증자결정)']",False
095340_2026-06-13_pick_h5,095340_2026-06-13_pick,5,2026-06-13,pick,095340,ISC,,,5,,230000.0,True,,ok,,,,,,,,,,,,,,,,,,38.2,매집 우위,100,52.82,109.92,5.709,-11366174950.0,52025270350.0,krx,,,,,,,,,,,,,,,,,,,,,,,,,,,,,,,,,,,,,,,,,,-114,520,374,-255,1,0.89,-19.0,-0.45,우량기업부,-0.16,-0.35,722.5,52.8,2,-5.74,-15.13,9.92,5.0,4.63,5.08,-7.7,60.79,39427,대형(1조+),KOSDAQ,True,,,,True,matured,59,-13.83,,,,-13.26,-16.09,-13.83,,,-13.26,1,-6.77,-19.13,4,6.56,-19.13,1,-13.26,12.2,-26.03,-13.26,-13.26,-13.26,,,,False,False,198200.0,247940,310994,314147,0.54,1.83,516,-911,385,-0.87,-10.0,,-5.89,-7.94,1,['대주주/대량보유'],['주식등의대량보유상황보고서(약식)'],False
039030_2026-06-13_pick_h5,039030_2026-06-13_pick,2,2026-06-13,pick,039030,이오테크닉스,,,5,,612000.0,True,,ok,,,,,,,,,,,,,,,,,,37.6,매집 우위,100,55.79,126.21,4.92,-17327150250.0,130920697000.0,krx,,,,,,,,,,,,,,,,,,,,,,,,,,,,,,,,,,,,,,,,,,-173,1309,448,-279,1,1.09,12.9,-0.45,우량기업부,-0.14,-0.23,1229.8,55.8,4,27.63,0.0,26.21,46.2,4.63,5.08,-7.7,60.79,56177,대형(1조+),KOSDAQ,True,,,,True,matured,59,-15.36,,,,-19.12,-16.99,-15.36,,,-15.36,5,0.0,-19.12,1,4.65,-18.55,1,-19.12,12.2,-27.56,-19.12,-19.12,-19.12,,,,False,False,518000.0,155622,198783,200942,0.64,0.64,559,-847,281,-2.29,-13.89,,-5.89,-9.47,1,['대주주/대량보유'],['주식등의대량보유상황보고서(약식)'],False
108860_2026-06-13_pick_h5,108860_2026-06-13_pick,2,2026-06-13,pick,108860,셀바스AI,,,5,,9780.0,True,,ok,,,,,,,,,,,,,,,,,,-0.8,중립/관망,15.2,44.68,95.78,2.698,8905822025.0,7622104380.0,krx,,,,,,,,,,,,,,,,,,,,,,,,,,,,,,,,,,,,,,,,,,89,76,-74,-17,1,4.52,4.5,-0.45,벤처기업부,2.35,-0.45,37.9,44.7,1,-16.05,-41.61,-4.22,2.5,4.63,5.08,-7.7,60.79,2468,소형,KOSDAQ,True,,,,True,matured,59,-13.39,,,,2.76,-3.58,-13.39,,,2.76,1,-15.72,-13.39,5,0.0,-9.0,5,-13.39,12.2,-25.59,-9.0,-9.0,-9.0,,,,False,False,8470.0,616818,398704,387798,1.03,0.43,-41,45,-2,-34.36,-37.12,,-5.89,-7.5,0,,,
042660_2026-06-13_short_h5,042660_2026-06-13_short,3,2026-06-13,short,042660,한화오션,숏,,5,,112700.0,True,,ok,,,,,,,,,,,,,,,,,,-40.7,강한 분산 — 떠넘기기 의심,-100,49.43,96.72,1.513,-108621908450.0,-208300188100.0,krx,,,,,,,,,,,,,,,,,,,,,,,,,,,,,,,,,,,,,,,,,,-1086,-2083,-42,1125,8,0.82,-7.0,-0.45,선박 및 보트 건조업,-0.53,0.55,2047.0,49.4,1,-7.17,-24.82,-3.28,2.5,4.63,5.08,-7.7,60.79,267499,메가(10조+),KOSPI,True,,,,True,matured,59,3.37,,,,14.64,11.0,3.37,,,18.1,2,-12.47,3.37,5,0.0,13.93,,,12.2,-8.83,3.37,14.64,12.0,,,,True,False,116500.0,1642714,1808064,1816332,3.3,1.14,1644,-208,-407,3.82,2.22,,-5.89,-8.83,1,['대주주/대량보유'],['주식등의대량보유상황보고서(약식)'],False
207940_2026-06-13_short_h5,207940_2026-06-13_short,1,2026-06-13,short,207940,삼성바이오로직스,숏,,5,,1295000.0,True,,ok,,,,,,,,,,,,,,,,,,-46.0,강한 분산 — 떠넘기기 의심,-100,34.18,95.42,0.829,48510192000.0,108041056500.0,krx,,,,,,,,,,,,,,,,,,,,,,,,,,,,,,,,,,,,,,,,,,485,1080,-796,280,0,0.28,14.6,-0.45,기초 의약물질 제조업,0.58,0.33,841.1,34.2,1,-8.16,-34.1,-4.58,2.5,4.63,5.08,-7.7,60.79,678625,메가(10조+),KOSPI,True,,,,True,matured,59,0.0,,,,2.93,10.42,0.0,,,10.42,3,-9.44,0.0,5,0.0,6.1,,,12.2,-12.2,0.0,0.0,0.0,,,,True,False,1295000.0,43859,63943,64947,1.78,0.81,453,-548,93,2.24,1.93,,-5.89,-12.2,0,[],[],False
068270_2026-06-13_short_h5,068270_2026-06-13_short,5,2026-06-13,short,068270,셀트리온,숏,,5,,173000.0,True,,ok,,,,,,,,,,,,,,,,,,-46.0,강한 분산 — 떠넘기기 의심,-100,44.1,97.81,1.207,1664573950.0,100415410200.0,krx,,,,,,,,,,,,,,,,,,,,,,,,,,,,,,,,,,,,,,,,,,17,1004,-315,-567,0,0.16,44.2,-0.45,기초 의약물질 제조업,0.01,-0.46,1221.7,44.1,1,-4.72,-26.96,-2.19,2.5,4.63,5.08,-7.7,60.79,433366,메가(10조+),KOSPI,True,,,,True,matured,59,-2.6,,,,0.87,0.35,-2.6,,,0.92,2,-3.49,-2.6,5,0.0,-1.56,,,12.2,-14.8,-2.6,-2.6,-2.6,,,,False,True,168500.0,400596,691619,706171,0.72,0.73,775,-791,-539,1.79,0.29,,-5.89,-14.8,2,['대주주/대량보유'],"['주식등의대량보유상황보고서(일반)', '임원ㆍ주요주주특정증권등소유상황보고서']",False
